geoid,name,year,race_group,tenure,estimate,moe,cv,reliability,rate_reliability,total_hh,owner_rate
51,Virginia,2014,"White, non-Hispanic",Owner,1553334,8080,0.3162136477630352,High,High,2111460,0.735668210622034
51,Virginia,2014,"White, non-Hispanic",Renter,558126,4468,0.4866480727456527,High,High,2111460,0.735668210622034
51,Virginia,2014,"White, non-Hispanic",Total,2111460,6422,0.1848934560816286,High,High,2111460,0.735668210622034
51,Virginia,2014,Black,Owner,275144,3304,0.7299852580095776,High,High,565192,0.4868151000014154
51,Virginia,2014,Black,Renter,290048,2866,0.6006761777780162,High,High,565192,0.4868151000014154
51,Virginia,2014,Black,Total,565192,3269,0.351603356479425,High,High,565192,0.4868151000014154
51,Virginia,2014,Hispanic or Latino,Owner,79127,2213,1.7001639816995362,High,High,173980,0.45480515001724336
51,Virginia,2014,Hispanic or Latino,Renter,94853,1852,1.186926998894498,High,High,173980,0.45480515001724336
51,Virginia,2014,Hispanic or Latino,Total,173980,2225,0.7774362493540291,High,High,173980,0.45480515001724336
51,Virginia,2014,Asian,Owner,92651,1573,1.0320784481975518,High,High,142424,0.6505294051564343
51,Virginia,2014,Asian,Renter,49773,1411,1.723325417150703,High,High,142424,0.6505294051564343
51,Virginia,2014,Asian,Total,142424,1656,0.7068239412537111,High,High,142424,0.6505294051564343
51,Virginia,2014,Multiracial,Owner,28737,1202,2.542711793666342,High,High,53616,0.5359780662488809
51,Virginia,2014,Multiracial,Renter,24879,1062,2.5949302832395724,High,High,53616,0.5359780662488809
51,Virginia,2014,Multiracial,Total,53616,1678,1.9025305697432784,High,High,53616,0.5359780662488809
51,Virginia,2014,Another race,Owner,24184,1096.643515459787,2.756585316674963,High,High,54927,0.4402934804376718
51,Virginia,2014,Another race,Renter,30743,1425.0364907608507,2.817823833099033,High,High,54927,0.4402934804376718
51,Virginia,2014,Another race,Total,54927,1727.7757377622827,1.912210019523877,High,High,54927,0.4402934804376718
51,Virginia,2019,"White, non-Hispanic",Owner,1556644,7249,0.2830889355620929,High,High,2124497,0.7327117901319701
51,Virginia,2019,"White, non-Hispanic",Renter,567853,5042,0.5397603944515864,High,High,2124497,0.7327117901319701
51,Virginia,2019,"White, non-Hispanic",Total,2124497,5077,0.14527307821332994,High,High,2124497,0.7327117901319701
51,Virginia,2019,Black,Owner,282251,3401,0.7324959711913923,High,High,590176,0.47824886135661226
51,Virginia,2019,Black,Renter,307925,3591,0.7089319553151758,High,High,590176,0.47824886135661226
51,Virginia,2019,Black,Total,590176,3129,0.32229837532777816,High,High,590176,0.47824886135661226
51,Virginia,2019,Hispanic or Latino,Owner,100879,2245,1.352850089054596,High,High,204880,0.4923809058961343
51,Virginia,2019,Hispanic or Latino,Renter,104001,1911,1.1170105361098204,High,High,204880,0.4923809058961343
51,Virginia,2019,Hispanic or Latino,Total,204880,2175,0.6453477400663922,High,High,204880,0.4923809058961343
51,Virginia,2019,Asian,Owner,113367,1565,0.8391928701959258,High,High,168700,0.6720035566093657
51,Virginia,2019,Asian,Renter,55333,1513,1.6622211680295214,High,High,168700,0.6720035566093657
51,Virginia,2019,Asian,Total,168700,1851,0.6669993856110468,High,High,168700,0.6720035566093657
51,Virginia,2019,Multiracial,Owner,36756,1438,2.3782896227516646,High,High,70613,0.5205273816436067
51,Virginia,2019,Multiracial,Renter,33857,1410,2.531656251714142,High,High,70613,0.5205273816436067
51,Virginia,2019,Multiracial,Total,70613,1955,1.6830468157765794,High,High,70613,0.5205273816436067
51,Virginia,2019,Another race,Owner,30385,1277.557826479882,2.5559680683105452,High,High,65888,0.4611613647401651
51,Virginia,2019,Another race,Renter,35503,1503.951461982733,2.5751519812191614,High,High,65888,0.4611613647401651
51,Virginia,2019,Another race,Total,65888,1872.2179360320208,1.7273652332483722,High,High,65888,0.4611613647401651
51,Virginia,2024,"White, non-Hispanic",Owner,1594334,8677,0.3308448566281698,High,High,2141493,0.7444964797923691
51,Virginia,2024,"White, non-Hispanic",Renter,547159,5744,0.6381679389482598,High,High,2141493,0.7444964797923691
51,Virginia,2024,"White, non-Hispanic",Total,2141493,6516,0.18496881497740184,High,High,2141493,0.7444964797923691
51,Virginia,2024,Black,Owner,311166,3879,0.7578124574170059,High,High,629973,0.4939354543766161
51,Virginia,2024,Black,Renter,318807,3895,0.7427004912110453,High,High,629973,0.4939354543766161
51,Virginia,2024,Black,Total,629973,2958,0.2854370412372138,High,High,629973,0.4939354543766161
51,Virginia,2024,Hispanic or Latino,Owner,143414,3048,1.2919851186034286,High,High,269179,0.5327830179917453
51,Virginia,2024,Hispanic or Latino,Renter,125765,2601,1.2572297659901948,High,High,269179,0.5327830179917453
51,Virginia,2024,Hispanic or Latino,Total,269179,2814,0.6355021371921066,High,High,269179,0.5327830179917453
51,Virginia,2024,Asian,Owner,142072,2063,0.8827237903774463,High,High,201429,0.7053204851337196
51,Virginia,2024,Asian,Renter,59357,1549,1.5864031830887988,High,High,201429,0.7053204851337196
51,Virginia,2024,Asian,Total,201429,2112,0.6373911291361217,High,High,201429,0.7053204851337196
51,Virginia,2024,Multiracial,Owner,131379,2898,1.340931296219011,High,High,225835,0.5817477361790688
51,Virginia,2024,Multiracial,Renter,94456,3009,1.9365411739931722,High,High,225835,0.5817477361790688
51,Virginia,2024,Multiracial,Total,225835,3981,1.0716057255401317,High,High,225835,0.5817477361790688
51,Virginia,2024,Another race,Owner,58747,1862.1804423846793,1.926948754891789,High,High,115789,0.5073625301194414
51,Virginia,2024,Another race,Renter,57042,1999.828242624851,2.131238489790705,High,High,115789,0.5073625301194414
51,Virginia,2024,Another race,Total,115789,2605.2688920723713,1.367789761001635,High,High,115789,0.5073625301194414
51036,"Charles City County, Virginia",2014,"White, non-Hispanic",Owner,1034,69,4.056604328220444,High,Medium,1295,0.7984555984555984
51036,"Charles City County, Virginia",2014,"White, non-Hispanic",Renter,261,65,15.139340157682051,Medium,Medium,1295,0.7984555984555984
51036,"Charles City County, Virginia",2014,"White, non-Hispanic",Total,1295,59,2.769595474762648,High,Medium,1295,0.7984555984555984
51036,"Charles City County, Virginia",2014,Black,Owner,1013,77,4.620780911974124,High,High,1278,0.7926447574334898
51036,"Charles City County, Virginia",2014,Black,Renter,265,62,14.222630039571026,High,High,1278,0.7926447574334898
51036,"Charles City County, Virginia",2014,Black,Total,1278,71,3.3772374197906116,High,High,1278,0.7926447574334898
51036,"Charles City County, Virginia",2014,Hispanic or Latino,Owner,37,18,29.573646594923186,Medium,Low,41,0.9024390243902439
51036,"Charles City County, Virginia",2014,Hispanic or Latino,Renter,4,6,91.1854103343465,Low,Low,41,0.9024390243902439
51036,"Charles City County, Virginia",2014,Hispanic or Latino,Total,41,17,25.20572318185188,Medium,Low,41,0.9024390243902439
51036,"Charles City County, Virginia",2014,Asian,Owner,6,7,70.92198581560284,Low,Low,6,1
51036,"Charles City County, Virginia",2014,Asian,Renter,0,17,NA,NA,Low,6,1
51036,"Charles City County, Virginia",2014,Asian,Total,6,7,70.92198581560284,Low,Low,6,1
51036,"Charles City County, Virginia",2014,Multiracial,Owner,54,20,22.514916131937408,Medium,Low,57,0.9473684210526315
51036,"Charles City County, Virginia",2014,Multiracial,Renter,3,4,81.05369807497466,Low,Low,57,0.9473684210526315
51036,"Charles City County, Virginia",2014,Multiracial,Total,57,20,21.329920546045962,Medium,Low,57,0.9473684210526315
51036,"Charles City County, Virginia",2014,Another race,Owner,144,32.46536616149585,13.70540618097596,High,Low,164,0.8780487804878049
51036,"Charles City County, Virginia",2014,Another race,Renter,20,21.02379604162864,63.902115628050574,Low,Low,164,0.8780487804878049
51036,"Charles City County, Virginia",2014,Another race,Total,164,27.820855486487112,10.3124232658044,High,Low,164,0.8780487804878049
51036,"Charles City County, Virginia",2019,"White, non-Hispanic",Owner,1080,62,3.4898120004502986,High,High,1305,0.8275862068965517
51036,"Charles City County, Virginia",2019,"White, non-Hispanic",Renter,225,54,14.589665653495443,High,High,1305,0.8275862068965517
51036,"Charles City County, Virginia",2019,"White, non-Hispanic",Total,1305,60,2.7949551060336097,High,High,1305,0.8275862068965517
51036,"Charles City County, Virginia",2019,Black,Owner,1086,75,4.198223311894407,High,Medium,1284,0.8457943925233645
51036,"Charles City County, Virginia",2019,Black,Renter,198,60,18.4212950170397,Medium,Medium,1284,0.8457943925233645
51036,"Charles City County, Virginia",2019,Black,Total,1284,65,3.077389237659669,High,Medium,1284,0.8457943925233645
51036,"Charles City County, Virginia",2019,Hispanic or Latino,Owner,50,19,23.10030395136778,Medium,Low,58,0.8620689655172413
51036,"Charles City County, Virginia",2019,Hispanic or Latino,Renter,8,11,83.58662613981764,Low,Low,58,0.8620689655172413
51036,"Charles City County, Virginia",2019,Hispanic or Latino,Total,58,15,15.721622471439053,Medium,Low,58,0.8620689655172413
51036,"Charles City County, Virginia",2019,Asian,Owner,11,9,49.73749654600718,Low,Low,19,0.5789473684210527
51036,"Charles City County, Virginia",2019,Asian,Renter,8,14,106.38297872340425,Low,Low,19,0.5789473684210527
51036,"Charles City County, Virginia",2019,Asian,Total,19,15,47.99232122860342,Low,Low,19,0.5789473684210527
51036,"Charles City County, Virginia",2019,Multiracial,Owner,38,17,27.195648696208607,Medium,Low,52,0.7307692307692307
51036,"Charles City County, Virginia",2019,Multiracial,Renter,14,15,65.13243595310465,Low,Low,52,0.7307692307692307
51036,"Charles City County, Virginia",2019,Multiracial,Total,52,22,25.718961889174658,Medium,Low,52,0.7307692307692307
51036,"Charles City County, Virginia",2019,Another race,Owner,186,25.67099530598687,8.39003670490142,High,Low,199,0.9346733668341709
51036,"Charles City County, Virginia",2019,Another race,Renter,13,25.337718918639855,118.4836049503851,Low,Low,199,0.9346733668341709
51036,"Charles City County, Virginia",2019,Another race,Total,199,26.419689627245813,8.070654068899454,High,Low,199,0.9346733668341709
51036,"Charles City County, Virginia",2024,"White, non-Hispanic",Owner,1213,143,7.166536783628222,High,High,1400,0.8664285714285714
51036,"Charles City County, Virginia",2024,"White, non-Hispanic",Renter,187,45,14.628675454707995,High,High,1400,0.8664285714285714
51036,"Charles City County, Virginia",2024,"White, non-Hispanic",Total,1400,143,6.20929222752931,High,High,1400,0.8664285714285714
51036,"Charles City County, Virginia",2024,Black,Owner,967,81,5.092049801504355,High,Medium,1134,0.8527336860670194
51036,"Charles City County, Virginia",2024,Black,Renter,167,58,21.112789618331725,Medium,Medium,1134,0.8527336860670194
51036,"Charles City County, Virginia",2024,Black,Total,1134,88,4.7174109990726,High,Medium,1134,0.8527336860670194
51036,"Charles City County, Virginia",2024,Hispanic or Latino,Owner,33,22,40.52684903748734,Low,Low,34,0.9705882352941176
51036,"Charles City County, Virginia",2024,Hispanic or Latino,Renter,1,7,425.531914893617,Low,Low,34,0.9705882352941176
51036,"Charles City County, Virginia",2024,Hispanic or Latino,Total,34,24,42.91078133381012,Low,Low,34,0.9705882352941176
51036,"Charles City County, Virginia",2024,Asian,Owner,47,29,37.50889219427019,Low,Low,48,0.9791666666666666
51036,"Charles City County, Virginia",2024,Asian,Renter,1,7,425.531914893617,Low,Low,48,0.9791666666666666
51036,"Charles City County, Virginia",2024,Asian,Total,48,28,35.46099290780142,Low,Low,48,0.9791666666666666
51036,"Charles City County, Virginia",2024,Multiracial,Owner,99,46,28.2459856927942,Medium,Low,121,0.8181818181818182
51036,"Charles City County, Virginia",2024,Multiracial,Renter,22,17,46.97430229345123,Low,Low,121,0.8181818181818182
51036,"Charles City County, Virginia",2024,Multiracial,Total,121,47,23.612750885478157,Medium,Low,121,0.8181818181818182
51036,"Charles City County, Virginia",2024,Another race,Owner,174,35.860842154082214,12.528680485652172,High,Low,197,0.883248730964467
51036,"Charles City County, Virginia",2024,Another race,Renter,23,30.773365106858236,81.33570796050809,Low,Low,197,0.883248730964467
51036,"Charles City County, Virginia",2024,Another race,Total,197,35.11409973215888,10.835511311668608,High,Low,197,0.883248730964467
51041,"Chesterfield County, Virginia",2014,"White, non-Hispanic",Owner,65544,774,0.7178639041334491,High,High,80092,0.8183588872796285
51041,"Chesterfield County, Virginia",2014,"White, non-Hispanic",Renter,14548,608,2.540588831604925,High,High,80092,0.8183588872796285
51041,"Chesterfield County, Virginia",2014,"White, non-Hispanic",Total,80092,730,0.554074061030423,High,High,80092,0.8183588872796285
51041,"Chesterfield County, Virginia",2014,Black,Owner,15720,584,2.2583663967454775,High,High,23871,0.6585396506220937
51041,"Chesterfield County, Virginia",2014,Black,Renter,8151,599,4.467350491986551,High,High,23871,0.6585396506220937
51041,"Chesterfield County, Virginia",2014,Black,Total,23871,600,1.5279696759138117,High,High,23871,0.6585396506220937
51041,"Chesterfield County, Virginia",2014,Hispanic or Latino,Owner,3489,296,5.157329026266661,High,High,6533,0.5340578600949027
51041,"Chesterfield County, Virginia",2014,Hispanic or Latino,Renter,3044,323,6.450479092858941,High,High,6533,0.5340578600949027
51041,"Chesterfield County, Virginia",2014,Hispanic or Latino,Total,6533,321,2.986939815023749,High,High,6533,0.5340578600949027
51041,"Chesterfield County, Virginia",2014,Asian,Owner,2262,231,6.208025283593882,High,Medium,2868,0.7887029288702929
51041,"Chesterfield County, Virginia",2014,Asian,Renter,606,156,15.648981311505011,Medium,Medium,2868,0.7887029288702929
51041,"Chesterfield County, Virginia",2014,Asian,Total,2868,209,4.429974607131199,High,Medium,2868,0.7887029288702929
51041,"Chesterfield County, Virginia",2014,Multiracial,Owner,1057,227,13.055243232984331,High,Medium,1800,0.5872222222222222
51041,"Chesterfield County, Virginia",2014,Multiracial,Renter,743,232,18.981619737611833,Medium,Medium,1800,0.5872222222222222
51041,"Chesterfield County, Virginia",2014,Multiracial,Total,1800,353,11.921648091860858,High,Medium,1800,0.5872222222222222
51041,"Chesterfield County, Virginia",2014,Another race,Owner,1267,248.51156914719283,11.923509289933754,High,High,2186,0.5795974382433668
51041,"Chesterfield County, Virginia",2014,Another race,Renter,919,224.25209029126128,14.833891092886168,High,High,2186,0.5795974382433668
51041,"Chesterfield County, Virginia",2014,Another race,Total,2186,305.1835513260831,8.486821395230857,High,High,2186,0.5795974382433668
51041,"Chesterfield County, Virginia",2019,"White, non-Hispanic",Owner,69078,684,0.6019361752289007,High,High,83785,0.8244673867637405
51041,"Chesterfield County, Virginia",2019,"White, non-Hispanic",Renter,14707,706,2.9181976698646284,High,High,83785,0.8244673867637405
51041,"Chesterfield County, Virginia",2019,"White, non-Hispanic",Total,83785,580,0.4208194624648085,High,High,83785,0.8244673867637405
51041,"Chesterfield County, Virginia",2019,Black,Owner,16592,605,2.2166173759353756,High,High,27237,0.60917134779895
51041,"Chesterfield County, Virginia",2019,Black,Renter,10645,570,3.2550921490889313,High,High,27237,0.60917134779895
51041,"Chesterfield County, Virginia",2019,Black,Total,27237,542,1.209690063791064,High,High,27237,0.60917134779895
51041,"Chesterfield County, Virginia",2019,Hispanic or Latino,Owner,4287,357,5.062311093905871,High,High,7623,0.5623770169224714
51041,"Chesterfield County, Virginia",2019,Hispanic or Latino,Renter,3336,349,6.359653918202824,High,High,7623,0.5623770169224714
51041,"Chesterfield County, Virginia",2019,Hispanic or Latino,Total,7623,367,2.926673277598948,High,High,7623,0.5623770169224714
51041,"Chesterfield County, Virginia",2019,Asian,Owner,3249,263,4.920850090886042,High,High,4229,0.7682667297233389
51041,"Chesterfield County, Virginia",2019,Asian,Renter,980,201,12.468209168165748,High,High,4229,0.7682667297233389
51041,"Chesterfield County, Virginia",2019,Asian,Total,4229,220,3.16241669008532,High,High,4229,0.7682667297233389
51041,"Chesterfield County, Virginia",2019,Multiracial,Owner,1584,272,10.438733842989162,High,Medium,2189,0.7236180904522613
51041,"Chesterfield County, Virginia",2019,Multiracial,Renter,605,170,17.081564470345903,Medium,Medium,2189,0.7236180904522613
51041,"Chesterfield County, Virginia",2019,Multiracial,Total,2189,343,9.525383202278316,High,Medium,2189,0.7236180904522613
51041,"Chesterfield County, Virginia",2019,Another race,Owner,1556,275.74807342935327,10.773008236744253,High,High,2756,0.5645863570391872
51041,"Chesterfield County, Virginia",2019,Another race,Renter,1200,249.39125886846958,12.633802374289239,High,High,2756,0.5645863570391872
51041,"Chesterfield County, Virginia",2019,Another race,Total,2756,404.5417160194978,8.923150065940634,High,High,2756,0.5645863570391872
51041,"Chesterfield County, Virginia",2024,"White, non-Hispanic",Owner,73071,1110,0.9234471082565779,High,High,87052,0.839394844460782
51041,"Chesterfield County, Virginia",2024,"White, non-Hispanic",Renter,13981,966,4.20022918641865,High,High,87052,0.839394844460782
51041,"Chesterfield County, Virginia",2024,"White, non-Hispanic",Total,87052,877,0.6124278581631046,High,High,87052,0.839394844460782
51041,"Chesterfield County, Virginia",2024,Black,Owner,20309,749,2.2419575012859827,High,High,32078,0.6331130369723799
51041,"Chesterfield County, Virginia",2024,Black,Renter,11769,960,4.9586764053005155,High,High,32078,0.6331130369723799
51041,"Chesterfield County, Virginia",2024,Black,Total,32078,809,1.5331171303382656,High,High,32078,0.6331130369723799
51041,"Chesterfield County, Virginia",2024,Hispanic or Latino,Owner,7125,570,4.86322188449848,High,High,12041,0.591728261772278
51041,"Chesterfield County, Virginia",2024,Hispanic or Latino,Renter,4916,579,7.159798289067891,High,High,12041,0.591728261772278
51041,"Chesterfield County, Virginia",2024,Hispanic or Latino,Total,12041,635,3.205865269346955,High,High,12041,0.591728261772278
51041,"Chesterfield County, Virginia",2024,Asian,Owner,3672,266,4.403652714040699,High,Medium,4266,0.8607594936708861
51041,"Chesterfield County, Virginia",2024,Asian,Renter,594,200,20.46810557448855,Medium,Medium,4266,0.8607594936708861
51041,"Chesterfield County, Virginia",2024,Asian,Total,4266,306,4.360483757198004,High,Medium,4266,0.8607594936708861
51041,"Chesterfield County, Virginia",2024,Multiracial,Owner,6038,604,6.081040945340101,High,High,8663,0.6969871868867598
51041,"Chesterfield County, Virginia",2024,Multiracial,Renter,2625,478,11.06961933709654,High,High,8663,0.6969871868867598
51041,"Chesterfield County, Virginia",2024,Multiracial,Total,8663,735,5.157664904055153,High,High,8663,0.6969871868867598
51041,"Chesterfield County, Virginia",2024,Another race,Owner,3360,466.5586779816661,8.44113978111279,High,High,6421,0.5232829777293256
51041,"Chesterfield County, Virginia",2024,Another race,Renter,3061,469.3974861458037,9.322052136364118,High,High,6421,0.5232829777293256
51041,"Chesterfield County, Virginia",2024,Another race,Total,6421,542.1236021425373,5.132509278233013,High,High,6421,0.5232829777293256
51075,"Goochland County, Virginia",2014,"White, non-Hispanic",Owner,6014,223,2.2541122386164805,High,High,6656,0.9035456730769231
51075,"Goochland County, Virginia",2014,"White, non-Hispanic",Renter,642,153,14.487401641905517,High,High,6656,0.9035456730769231
51075,"Goochland County, Virginia",2014,"White, non-Hispanic",Total,6656,173,1.5800356558335282,High,High,6656,0.9035456730769231
51075,"Goochland County, Virginia",2014,Black,Owner,1018,131,7.8227169311063465,High,Medium,1385,0.7350180505415163
51075,"Goochland County, Virginia",2014,Black,Renter,367,127,21.036416189758413,Medium,Medium,1385,0.7350180505415163
51075,"Goochland County, Virginia",2014,Black,Total,1385,168,7.373838236423688,High,Medium,1385,0.7350180505415163
51075,"Goochland County, Virginia",2014,Hispanic or Latino,Owner,103,56,33.051022516009084,Low,Low,112,0.9196428571428571
51075,"Goochland County, Virginia",2014,Hispanic or Latino,Renter,9,14,94.56264775413712,Low,Low,112,0.9196428571428571
51075,"Goochland County, Virginia",2014,Hispanic or Latino,Total,112,56,30.3951367781155,Low,Low,112,0.9196428571428571
51075,"Goochland County, Virginia",2014,Asian,Owner,30,33,66.8693009118541,Low,Low,30,1
51075,"Goochland County, Virginia",2014,Asian,Renter,0,22,NA,NA,Low,30,1
51075,"Goochland County, Virginia",2014,Asian,Total,30,33,66.8693009118541,Low,Low,30,1
51075,"Goochland County, Virginia",2014,Multiracial,Owner,24,26,65.85612968591693,Low,Low,24,1
51075,"Goochland County, Virginia",2014,Multiracial,Renter,0,22,NA,NA,Low,24,1
51075,"Goochland County, Virginia",2014,Multiracial,Total,24,26,65.85612968591693,Low,Low,24,1
51075,"Goochland County, Virginia",2014,Another race,Owner,43,49.37610758251404,69.80435086239349,Low,Low,43,1
51075,"Goochland County, Virginia",2014,Another race,Renter,0,38.1051177665153,NA,NA,Low,43,1
51075,"Goochland County, Virginia",2014,Another race,Total,43,49.37610758251404,69.80435086239349,Low,Low,43,1
51075,"Goochland County, Virginia",2019,"White, non-Hispanic",Owner,6052,237,2.380584076805477,High,High,6939,0.8721717826776193
51075,"Goochland County, Virginia",2019,"White, non-Hispanic",Renter,887,207,14.18668165291975,High,High,6939,0.8721717826776193
51075,"Goochland County, Virginia",2019,"White, non-Hispanic",Total,6939,243,2.128842264615093,High,High,6939,0.8721717826776193
51075,"Goochland County, Virginia",2019,Black,Owner,897,117,7.929166116030132,High,Medium,1143,0.7847769028871391
51075,"Goochland County, Virginia",2019,Black,Renter,246,103,25.452838115007285,Medium,Medium,1143,0.7847769028871391
51075,"Goochland County, Virginia",2019,Black,Total,1143,148,7.871356505968668,High,Medium,1143,0.7847769028871391
51075,"Goochland County, Virginia",2019,Hispanic or Latino,Owner,117,83,43.1247239757878,Low,Low,220,0.5318181818181819
51075,"Goochland County, Virginia",2019,Hispanic or Latino,Renter,103,53,31.280432024080028,Low,Low,220,0.5318181818181819
51075,"Goochland County, Virginia",2019,Hispanic or Latino,Total,220,78,21.552915169936444,Medium,Low,220,0.5318181818181819
51075,"Goochland County, Virginia",2019,Asian,Owner,70,34,29.526704298740775,Medium,Low,89,0.7865168539325843
51075,"Goochland County, Virginia",2019,Asian,Renter,19,37,118.38105903055511,Low,Low,89,0.7865168539325843
51075,"Goochland County, Virginia",2019,Asian,Total,89,44,30.053618387350163,Low,Low,89,0.7865168539325843
51075,"Goochland County, Virginia",2019,Multiracial,Owner,84,72,52.10594876248371,Low,Low,115,0.7304347826086957
51075,"Goochland County, Virginia",2019,Multiracial,Renter,31,37,72.55613295421121,Low,Low,115,0.7304347826086957
51075,"Goochland County, Virginia",2019,Multiracial,Total,115,90,47.57499669618078,Low,Low,115,0.7304347826086957
51075,"Goochland County, Virginia",2019,Another race,Owner,0,39.83716857408418,NA,NA,Low,26,0
51075,"Goochland County, Virginia",2019,Another race,Renter,26,47.78074926160116,111.71556993593911,Low,Low,26,0
51075,"Goochland County, Virginia",2019,Another race,Total,26,47.78074926160116,111.71556993593911,Low,Low,26,0
51075,"Goochland County, Virginia",2024,"White, non-Hispanic",Owner,7073,297,2.5526242395306955,High,High,8292,0.852990834539315
51075,"Goochland County, Virginia",2024,"White, non-Hispanic",Renter,1219,221,11.021042211589052,High,High,8292,0.852990834539315
51075,"Goochland County, Virginia",2024,"White, non-Hispanic",Total,8292,267,1.9574292136413023,High,High,8292,0.852990834539315
51075,"Goochland County, Virginia",2024,Black,Owner,972,158,9.88154652457253,High,Medium,1203,0.8079800498753117
51075,"Goochland County, Virginia",2024,Black,Renter,231,106,27.895103882945826,Medium,Medium,1203,0.8079800498753117
51075,"Goochland County, Virginia",2024,Black,Total,1203,163,8.23675360736962,High,Medium,1203,0.8079800498753117
51075,"Goochland County, Virginia",2024,Hispanic or Latino,Owner,400,180,27.35562310030395,Medium,Low,418,0.9569377990430622
51075,"Goochland County, Virginia",2024,Hispanic or Latino,Renter,18,27,91.1854103343465,Low,Low,418,0.9569377990430622
51075,"Goochland County, Virginia",2024,Hispanic or Latino,Total,418,170,24.72331699655328,Medium,Low,418,0.9569377990430622
51075,"Goochland County, Virginia",2024,Asian,Owner,196,79,24.50220209664413,Medium,Low,206,0.9514563106796117
51075,"Goochland County, Virginia",2024,Asian,Renter,10,19,115.50151975683892,Low,Low,206,0.9514563106796117
51075,"Goochland County, Virginia",2024,Asian,Total,206,74,21.83728273379172,Medium,Low,206,0.9514563106796117
51075,"Goochland County, Virginia",2024,Multiracial,Owner,311,187,36.55235098075626,Low,Low,391,0.7953964194373402
51075,"Goochland County, Virginia",2024,Multiracial,Renter,80,85,64.58966565349544,Low,Low,391,0.7953964194373402
51075,"Goochland County, Virginia",2024,Multiracial,Total,391,202,31.40571677329581,Low,Low,391,0.7953964194373402
51075,"Goochland County, Virginia",2024,Another race,Owner,198,199.73232086970802,61.32213345298211,Low,Low,198,1
51075,"Goochland County, Virginia",2024,Another race,Renter,0,43.30127018922193,NA,NA,Low,198,1
51075,"Goochland County, Virginia",2024,Another race,Total,198,199.73232086970802,61.32213345298211,Low,Low,198,1
51085,"Hanover County, Virginia",2014,"White, non-Hispanic",Owner,27138,477,1.0685002758612347,High,High,32273,0.8408886685464629
51085,"Hanover County, Virginia",2014,"White, non-Hispanic",Renter,5135,493,5.83633979809579,High,High,32273,0.8408886685464629
51085,"Hanover County, Virginia",2014,"White, non-Hispanic",Total,32273,367,0.6912908745743123,High,High,32273,0.8408886685464629
51085,"Hanover County, Virginia",2014,Black,Owner,2402,226,5.719651050669528,High,High,3370,0.7127596439169139
51085,"Hanover County, Virginia",2014,Black,Renter,968,205,12.873973222135698,High,High,3370,0.7127596439169139
51085,"Hanover County, Virginia",2014,Black,Total,3370,220,3.9685045051545456,High,High,3370,0.7127596439169139
51085,"Hanover County, Virginia",2014,Hispanic or Latino,Owner,391,102,15.858332232060263,Medium,Low,560,0.6982142857142857
51085,"Hanover County, Virginia",2014,Hispanic or Latino,Renter,169,91,32.733224222585925,Low,Low,560,0.6982142857142857
51085,"Hanover County, Virginia",2014,Hispanic or Latino,Total,560,77,8.358662613981764,High,Low,560,0.6982142857142857
51085,"Hanover County, Virginia",2014,Asian,Owner,330,58,10.684351109883023,High,Low,423,0.7801418439716312
51085,"Hanover County, Virginia",2014,Asian,Renter,93,57,37.25855476027062,Low,Low,423,0.7801418439716312
51085,"Hanover County, Virginia",2014,Asian,Total,423,72,10.347280605315914,High,Low,423,0.7801418439716312
51085,"Hanover County, Virginia",2014,Multiracial,Owner,230,83,21.93735958768336,Medium,Medium,396,0.5808080808080808
51085,"Hanover County, Virginia",2014,Multiracial,Renter,166,68,24.902039770022338,Medium,Medium,396,0.5808080808080808
51085,"Hanover County, Virginia",2014,Multiracial,Total,396,92,14.1229928463971,High,Medium,396,0.5808080808080808
51085,"Hanover County, Virginia",2014,Another race,Owner,83,71.05631569396206,52.04256468595017,Low,Low,160,0.51875
51085,"Hanover County, Virginia",2014,Another race,Renter,77,60.166435825965294,47.50044276316686,Low,Low,160,0.51875
51085,"Hanover County, Virginia",2014,Another race,Total,160,88.23264701911646,33.523042180515375,Low,Low,160,0.51875
51085,"Hanover County, Virginia",2019,"White, non-Hispanic",Owner,28385,483,1.0344090938051638,High,High,33600,0.8447916666666667
51085,"Hanover County, Virginia",2019,"White, non-Hispanic",Renter,5215,501,5.840062713647504,High,High,33600,0.8447916666666667
51085,"Hanover County, Virginia",2019,"White, non-Hispanic",Total,33600,422,0.7634968881169488,High,High,33600,0.8447916666666667
51085,"Hanover County, Virginia",2019,Black,Owner,2411,176,4.437614328451538,High,High,3490,0.6908309455587393
51085,"Hanover County, Virginia",2019,Black,Renter,1079,220,12.394680428517905,High,High,3490,0.6908309455587393
51085,"Hanover County, Virginia",2019,Black,Total,3490,221,3.849470044678239,High,High,3490,0.6908309455587393
51085,"Hanover County, Virginia",2019,Hispanic or Latino,Owner,548,152,16.861535730925386,Medium,Medium,952,0.5756302521008403
51085,"Hanover County, Virginia",2019,Hispanic or Latino,Renter,404,149,22.420175148213907,Medium,Medium,952,0.5756302521008403
51085,"Hanover County, Virginia",2019,Hispanic or Latino,Total,952,133,8.492758805649919,High,Medium,952,0.5756302521008403
51085,"Hanover County, Virginia",2019,Asian,Owner,405,77,11.557656947727871,High,Low,463,0.8747300215982722
51085,"Hanover County, Virginia",2019,Asian,Renter,58,51,53.453516402892774,Low,Low,463,0.8747300215982722
51085,"Hanover County, Virginia",2019,Asian,Total,463,73,9.584643562861475,High,Low,463,0.8747300215982722
51085,"Hanover County, Virginia",2019,Multiracial,Owner,357,121,20.60398627536121,Medium,Low,455,0.7846153846153846
51085,"Hanover County, Virginia",2019,Multiracial,Renter,98,66,40.94038831338006,Low,Low,455,0.7846153846153846
51085,"Hanover County, Virginia",2019,Multiracial,Total,455,139,18.571094558936505,Medium,Low,455,0.7846153846153846
51085,"Hanover County, Virginia",2019,Another race,Owner,110,60.41522986797286,33.38780318760589,Low,Low,297,0.37037037037037035
51085,"Hanover County, Virginia",2019,Another race,Renter,187,129.08136968594656,41.96198809744211,Low,Low,297,0.37037037037037035
51085,"Hanover County, Virginia",2019,Another race,Total,297,135.9632303234959,27.829097525098177,Medium,Low,297,0.37037037037037035
51085,"Hanover County, Virginia",2024,"White, non-Hispanic",Owner,29921,653,1.3266952519039752,High,High,35554,0.8415649434662766
51085,"Hanover County, Virginia",2024,"White, non-Hispanic",Renter,5633,486,5.244820335226037,High,High,35554,0.8415649434662766
51085,"Hanover County, Virginia",2024,"White, non-Hispanic",Total,35554,507,0.8668692325198041,High,High,35554,0.8415649434662766
51085,"Hanover County, Virginia",2024,Black,Owner,2543,258,6.167475649826032,High,High,3694,0.6884136437466162
51085,"Hanover County, Virginia",2024,Black,Renter,1151,242,12.78127384935526,High,High,3694,0.6884136437466162
51085,"Hanover County, Virginia",2024,Black,Total,3694,300,4.93694695908752,High,High,3694,0.6884136437466162
51085,"Hanover County, Virginia",2024,Hispanic or Latino,Owner,901,208,14.033714650051108,High,Medium,1378,0.6538461538461539
51085,"Hanover County, Virginia",2024,Hispanic or Latino,Renter,477,178,22.684840027272784,Medium,Medium,1378,0.6538461538461539
51085,"Hanover County, Virginia",2024,Hispanic or Latino,Total,1378,167,7.367181192953975,High,Medium,1378,0.6538461538461539
51085,"Hanover County, Virginia",2024,Asian,Owner,615,115,11.367286925148887,High,Low,668,0.9206586826347305
51085,"Hanover County, Virginia",2024,Asian,Renter,53,57,65.37821873028618,Low,Low,668,0.9206586826347305
51085,"Hanover County, Virginia",2024,Asian,Total,668,122,11.102415230329614,High,Low,668,0.9206586826347305
51085,"Hanover County, Virginia",2024,Multiracial,Owner,1207,256,12.893380306872523,High,Medium,1655,0.7293051359516616
51085,"Hanover County, Virginia",2024,Multiracial,Renter,448,188,25.510204081632654,Medium,Medium,1655,0.7293051359516616
51085,"Hanover County, Virginia",2024,Multiracial,Total,1655,307,11.276503916473061,High,Medium,1655,0.7293051359516616
51085,"Hanover County, Virginia",2024,Another race,Owner,565,188.47546259394085,20.278716689774953,Medium,Low,767,0.7366362451108214
51085,"Hanover County, Virginia",2024,Another race,Renter,202,107.35921013122255,32.3088898646431,Low,Low,767,0.7366362451108214
51085,"Hanover County, Virginia",2024,Another race,Total,767,188.47546259394085,14.938037718021965,High,Low,767,0.7366362451108214
51087,"Henrico County, Virginia",2014,"White, non-Hispanic",Owner,54194,971,1.089186176017646,High,High,74243,0.7299543391296149
51087,"Henrico County, Virginia",2014,"White, non-Hispanic",Renter,20049,835,2.5317910329419364,High,High,74243,0.7299543391296149
51087,"Henrico County, Virginia",2014,"White, non-Hispanic",Total,74243,877,0.7180888421644409,High,High,74243,0.7299543391296149
51087,"Henrico County, Virginia",2014,Black,Owner,18285,664,2.207533040270024,High,High,36221,0.5048176472212252
51087,"Henrico County, Virginia",2014,Black,Renter,17936,818,2.772437765889661,High,High,36221,0.5048176472212252
51087,"Henrico County, Virginia",2014,Black,Total,36221,570,0.9566399582300785,High,High,36221,0.5048176472212252
51087,"Henrico County, Virginia",2014,Hispanic or Latino,Owner,1856,272,8.90891940048213,High,High,4560,0.4070175438596491
51087,"Henrico County, Virginia",2014,Hispanic or Latino,Renter,2704,329,7.396449704142012,High,High,4560,0.4070175438596491
51087,"Henrico County, Virginia",2014,Hispanic or Latino,Total,4560,296,3.9460353010185036,High,High,4560,0.4070175438596491
51087,"Henrico County, Virginia",2014,Asian,Owner,3720,313,5.114880543844167,High,High,6810,0.5462555066079295
51087,"Henrico County, Virginia",2014,Asian,Renter,3090,282,5.547850208044382,High,High,6810,0.5462555066079295
51087,"Henrico County, Virginia",2014,Asian,Total,6810,306,2.7315453316015694,High,High,6810,0.5462555066079295
51087,"Henrico County, Virginia",2014,Multiracial,Owner,837,194,14.08997977288986,High,High,1964,0.42617107942973526
51087,"Henrico County, Virginia",2014,Multiracial,Renter,1127,238,12.837697521191641,High,High,1964,0.42617107942973526
51087,"Henrico County, Virginia",2014,Multiracial,Total,1964,295,9.130921944545898,High,High,1964,0.42617107942973526
51087,"Henrico County, Virginia",2014,Another race,Owner,714,193.04662649215086,16.43607455681429,Medium,Medium,1507,0.47378898473788983
51087,"Henrico County, Virginia",2014,Another race,Renter,793,210.08093678389764,16.104511495639862,Medium,Medium,1507,0.47378898473788983
51087,"Henrico County, Virginia",2014,Another race,Total,1507,298.298508209478,12.032944867597735,High,Medium,1507,0.47378898473788983
51087,"Henrico County, Virginia",2019,"White, non-Hispanic",Owner,53482,922,1.0479905803605885,High,High,74547,0.7174265899365501
51087,"Henrico County, Virginia",2019,"White, non-Hispanic",Renter,21065,861,2.484710445379297,High,High,74547,0.7174265899365501
51087,"Henrico County, Virginia",2019,"White, non-Hispanic",Total,74547,760,0.6197514038490557,High,High,74547,0.7174265899365501
51087,"Henrico County, Virginia",2019,Black,Owner,18725,685,2.2238364425109873,High,High,37170,0.5037664783427496
51087,"Henrico County, Virginia",2019,Black,Renter,18445,930,3.0650558095578657,High,High,37170,0.5037664783427496
51087,"Henrico County, Virginia",2019,Black,Total,37170,739,1.2086094204480686,High,High,37170,0.5037664783427496
51087,"Henrico County, Virginia",2019,Hispanic or Latino,Owner,1975,292,8.98772652071871,High,High,5276,0.3743366186504928
51087,"Henrico County, Virginia",2019,Hispanic or Latino,Renter,3301,289,5.3221414897760555,High,High,5276,0.3743366186504928
51087,"Henrico County, Virginia",2019,Hispanic or Latino,Total,5276,364,4.194021905699031,High,High,5276,0.3743366186504928
51087,"Henrico County, Virginia",2019,Asian,Owner,5264,318,3.67236075054739,High,High,9054,0.5814004859730506
51087,"Henrico County, Virginia",2019,Asian,Renter,3790,411,6.5922961560978734,High,High,9054,0.5814004859730506
51087,"Henrico County, Virginia",2019,Asian,Total,9054,441,2.960957658305486,High,High,9054,0.5814004859730506
51087,"Henrico County, Virginia",2019,Multiracial,Owner,1123,248,13.424744293807025,High,High,2509,0.4475886807493025
51087,"Henrico County, Virginia",2019,Multiracial,Renter,1386,296,12.982626964389882,High,High,2509,0.4475886807493025
51087,"Henrico County, Virginia",2019,Multiracial,Total,2509,390,9.4492653196214,High,High,2509,0.4475886807493025
51087,"Henrico County, Virginia",2019,Another race,Owner,654,186.57706182701023,17.34261563881006,Medium,Medium,2228,0.29353680430879714
51087,"Henrico County, Virginia",2019,Another race,Renter,1574,304.765483609939,11.770506428935978,High,Medium,2228,0.29353680430879714
51087,"Henrico County, Virginia",2019,Another race,Total,2228,363.01515119895475,9.904753297325412,High,Medium,2228,0.29353680430879714
51087,"Henrico County, Virginia",2024,"White, non-Hispanic",Owner,54726,1166,1.295206281594952,High,High,73975,0.739790469753295
51087,"Henrico County, Virginia",2024,"White, non-Hispanic",Renter,19249,927,2.9275590205530753,High,High,73975,0.739790469753295
51087,"Henrico County, Virginia",2024,"White, non-Hispanic",Total,73975,968,0.7954712376131344,High,High,73975,0.739790469753295
51087,"Henrico County, Virginia",2024,Black,Owner,21075,1064,3.069079528532849,High,High,41489,0.5079659668827882
51087,"Henrico County, Virginia",2024,Black,Renter,20414,1059,3.1535661651831406,High,High,41489,0.5079659668827882
51087,"Henrico County, Virginia",2024,Black,Total,41489,928,1.359718813665848,High,High,41489,0.5079659668827882
51087,"Henrico County, Virginia",2024,Hispanic or Latino,Owner,3055,405,8.058939702217204,High,High,6761,0.4518562342848691
51087,"Henrico County, Virginia",2024,Hispanic or Latino,Renter,3706,418,6.856539219240301,High,High,6761,0.4518562342848691
51087,"Henrico County, Virginia",2024,Hispanic or Latino,Total,6761,426,3.830299738937199,High,High,6761,0.4518562342848691
51087,"Henrico County, Virginia",2024,Asian,Owner,7135,497,4.234445123678599,High,High,10370,0.6880424300867888
51087,"Henrico County, Virginia",2024,Asian,Renter,3235,424,7.967565993150524,High,High,10370,0.6880424300867888
51087,"Henrico County, Virginia",2024,Asian,Total,10370,436,2.555888068516559,High,High,10370,0.6880424300867888
51087,"Henrico County, Virginia",2024,Multiracial,Owner,3640,471,7.865994188182637,High,High,6925,0.5256317689530686
51087,"Henrico County, Virginia",2024,Multiracial,Renter,3285,563,10.418546122422544,High,High,6925,0.5256317689530686
51087,"Henrico County, Virginia",2024,Multiracial,Total,6925,676,5.934184104550492,High,High,6925,0.5256317689530686
51087,"Henrico County, Virginia",2024,Another race,Owner,1301,248.72474746192827,11.621864287790233,High,High,3356,0.38766388557806913
51087,"Henrico County, Virginia",2024,Another race,Renter,2055,378.6000528261981,11.199611085016103,High,High,3356,0.38766388557806913
51087,"Henrico County, Virginia",2024,Another race,Total,3356,427.56286087545067,7.744834110579077,High,High,3356,0.38766388557806913
51127,"New Kent County, Virginia",2014,"White, non-Hispanic",Owner,5227,280,3.256414118183409,High,Medium,6015,0.8689941812136326
51127,"New Kent County, Virginia",2014,"White, non-Hispanic",Renter,788,218,16.81761375032787,Medium,Medium,6015,0.8689941812136326
51127,"New Kent County, Virginia",2014,"White, non-Hispanic",Total,6015,190,1.9202247673622428,High,Medium,6015,0.8689941812136326
51127,"New Kent County, Virginia",2014,Black,Owner,720,88,7.429922323539345,High,Low,781,0.9218950064020487
51127,"New Kent County, Virginia",2014,Black,Renter,61,54,53.8143405251881,Low,Low,781,0.9218950064020487
51127,"New Kent County, Virginia",2014,Black,Total,781,106,8.250664528758625,High,Low,781,0.9218950064020487
51127,"New Kent County, Virginia",2014,Hispanic or Latino,Owner,67,60,54.439050945878506,Low,Low,67,1
51127,"New Kent County, Virginia",2014,Hispanic or Latino,Renter,0,19,NA,NA,Low,67,1
51127,"New Kent County, Virginia",2014,Hispanic or Latino,Total,67,60,54.439050945878506,Low,Low,67,1
51127,"New Kent County, Virginia",2014,Asian,Owner,37,34,55.86133245707714,Low,Low,37,1
51127,"New Kent County, Virginia",2014,Asian,Renter,0,19,NA,NA,Low,37,1
51127,"New Kent County, Virginia",2014,Asian,Total,37,34,55.86133245707714,Low,Low,37,1
51127,"New Kent County, Virginia",2014,Multiracial,Owner,137,64,28.398375967874333,Medium,Low,141,0.9716312056737588
51127,"New Kent County, Virginia",2014,Multiracial,Renter,4,7,106.38297872340425,Low,Low,141,0.9716312056737588
51127,"New Kent County, Virginia",2014,Multiracial,Total,141,65,28.023884972730606,Medium,Low,141,0.9716312056737588
51127,"New Kent County, Virginia",2014,Another race,Owner,65,55.263007518592396,51.683897609158194,Low,Low,65,1
51127,"New Kent County, Virginia",2014,Another race,Renter,0,32.90896534380867,NA,NA,Low,65,1
51127,"New Kent County, Virginia",2014,Another race,Total,65,56.36488268416781,52.71440980516044,Low,Low,65,1
51127,"New Kent County, Virginia",2019,"White, non-Hispanic",Owner,5680,309,3.307076501562567,High,Medium,6514,0.8719680687749463
51127,"New Kent County, Virginia",2019,"White, non-Hispanic",Renter,834,227,16.546033689765512,Medium,Medium,6514,0.8719680687749463
51127,"New Kent County, Virginia",2019,"White, non-Hispanic",Total,6514,211,1.969104654646107,High,Medium,6514,0.8719680687749463
51127,"New Kent County, Virginia",2019,Black,Owner,711,144,12.311954137970835,High,Medium,880,0.8079545454545455
51127,"New Kent County, Virginia",2019,Black,Renter,169,76,27.337637812269566,Medium,Medium,880,0.8079545454545455
51127,"New Kent County, Virginia",2019,Black,Total,880,149,10.292898590770932,High,Medium,880,0.8079545454545455
51127,"New Kent County, Virginia",2019,Hispanic or Latino,Owner,158,79,30.3951367781155,Low,Low,227,0.6960352422907489
51127,"New Kent County, Virginia",2019,Hispanic or Latino,Renter,69,60,52.86110744020087,Low,Low,227,0.6960352422907489
51127,"New Kent County, Virginia",2019,Hispanic or Latino,Total,227,80,21.423884953737797,Medium,Low,227,0.6960352422907489
51127,"New Kent County, Virginia",2019,Asian,Owner,137,53,23.517405098395937,Medium,Low,137,1
51127,"New Kent County, Virginia",2019,Asian,Renter,0,23,NA,NA,Low,137,1
51127,"New Kent County, Virginia",2019,Asian,Total,137,53,23.517405098395937,Medium,Low,137,1
51127,"New Kent County, Virginia",2019,Multiracial,Owner,106,70,40.14452027298274,Low,Low,106,1
51127,"New Kent County, Virginia",2019,Multiracial,Renter,0,23,NA,NA,Low,106,1
51127,"New Kent County, Virginia",2019,Multiracial,Total,106,70,40.14452027298274,Low,Low,106,1
51127,"New Kent County, Virginia",2019,Another race,Owner,190,111.29690022637648,35.60931058274724,Low,Low,193,0.9844559585492227
51127,"New Kent County, Virginia",2019,Another race,Renter,3,33.075670817082454,670.226359008763,Low,Low,193,0.9844559585492227
51127,"New Kent County, Virginia",2019,Another race,Total,193,111.99107107265293,35.27444479980249,Low,Low,193,0.9844559585492227
51127,"New Kent County, Virginia",2024,"White, non-Hispanic",Owner,6783,278,2.491478114202008,High,Medium,7315,0.9272727272727272
51127,"New Kent County, Virginia",2024,"White, non-Hispanic",Renter,532,176,20.111067943414767,Medium,Medium,7315,0.9272727272727272
51127,"New Kent County, Virginia",2024,"White, non-Hispanic",Total,7315,257,2.135762174156031,High,Medium,7315,0.9272727272727272
51127,"New Kent County, Virginia",2024,Black,Owner,1168,214,11.137943956364241,High,Low,1222,0.955810147299509
51127,"New Kent County, Virginia",2024,Black,Renter,54,48,54.035798716649786,Low,Low,1222,0.955810147299509
51127,"New Kent County, Virginia",2024,Black,Total,1222,215,10.695506394917894,High,Low,1222,0.955810147299509
51127,"New Kent County, Virginia",2024,Hispanic or Latino,Owner,205,148,43.887612128400924,Low,Low,272,0.7536764705882353
51127,"New Kent County, Virginia",2024,Hispanic or Latino,Renter,67,82,74.40003629270063,Low,Low,272,0.7536764705882353
51127,"New Kent County, Virginia",2024,Hispanic or Latino,Total,272,122,27.266225639191845,Medium,Low,272,0.7536764705882353
51127,"New Kent County, Virginia",2024,Asian,Owner,30,23,46.605876393110435,Low,Low,52,0.5769230769230769
51127,"New Kent County, Virginia",2024,Asian,Renter,22,15,41.44791378833933,Low,Low,52,0.5769230769230769
51127,"New Kent County, Virginia",2024,Asian,Total,52,26,30.3951367781155,Low,Low,52,0.5769230769230769
51127,"New Kent County, Virginia",2024,Multiracial,Owner,362,197,33.08199969772792,Low,Low,366,0.9890710382513661
51127,"New Kent County, Virginia",2024,Multiracial,Renter,4,9,136.77811550151975,Low,Low,366,0.9890710382513661
51127,"New Kent County, Virginia",2024,Multiracial,Total,366,198,32.886541432059396,Low,Low,366,0.9890710382513661
51127,"New Kent County, Virginia",2024,Another race,Owner,165,105.99528291391084,39.05140753943478,Low,Low,234,0.7051282051282052
51127,"New Kent County, Virginia",2024,Another race,Renter,69,85.871997764114,75.65481499855865,Low,Low,234,0.7051282051282052
51127,"New Kent County, Virginia",2024,Another race,Total,234,116.9829047339824,30.39069564180043,Low,Low,234,0.7051282051282052
51145,"Powhatan County, Virginia",2014,"White, non-Hispanic",Owner,7699,252,1.989758272005483,High,High,8662,0.8888247517894251
51145,"Powhatan County, Virginia",2014,"White, non-Hispanic",Renter,963,202,12.751438482200065,High,High,8662,0.8888247517894251
51145,"Powhatan County, Virginia",2014,"White, non-Hispanic",Total,8662,218,1.5299329987599122,High,High,8662,0.8888247517894251
51145,"Powhatan County, Virginia",2014,Black,Owner,584,156,16.238497730774036,Medium,Low,748,0.7807486631016043
51145,"Powhatan County, Virginia",2014,Black,Renter,164,86,31.877826377047963,Low,Low,748,0.7807486631016043
51145,"Powhatan County, Virginia",2014,Black,Total,748,166,13.490889586008484,High,Low,748,0.7807486631016043
51145,"Powhatan County, Virginia",2014,Hispanic or Latino,Owner,58,28,29.347028613352897,Medium,Low,79,0.7341772151898734
51145,"Powhatan County, Virginia",2014,Hispanic or Latino,Renter,21,30,86.84324793747287,Low,Low,79,0.7341772151898734
51145,"Powhatan County, Virginia",2014,Hispanic or Latino,Total,79,33,25.393405409564846,Medium,Low,79,0.7341772151898734
51145,"Powhatan County, Virginia",2014,Asian,Owner,35,19,33.00043421623969,Low,Low,35,1
51145,"Powhatan County, Virginia",2014,Asian,Renter,0,22,NA,NA,Low,35,1
51145,"Powhatan County, Virginia",2014,Asian,Total,35,19,33.00043421623969,Low,Low,35,1
51145,"Powhatan County, Virginia",2014,Multiracial,Owner,50,27,32.82674772036474,Low,Low,67,0.746268656716418
51145,"Powhatan County, Virginia",2014,Multiracial,Renter,17,39,139.46003933488288,Low,Low,67,0.746268656716418
51145,"Powhatan County, Virginia",2014,Multiracial,Total,67,49,44.45855827246745,Low,Low,67,0.746268656716418
51145,"Powhatan County, Virginia",2014,Another race,Owner,13,34.9857113690718,163.59930497578583,Low,Low,13,1
51145,"Powhatan County, Virginia",2014,Another race,Renter,0,38.1051177665153,NA,NA,Low,13,1
51145,"Powhatan County, Virginia",2014,Another race,Total,13,34.9857113690718,163.59930497578583,Low,Low,13,1
51145,"Powhatan County, Virginia",2019,"White, non-Hispanic",Owner,8549,324,2.3039008810643167,High,Medium,9350,0.914331550802139
51145,"Powhatan County, Virginia",2019,"White, non-Hispanic",Renter,801,230,17.455384416895296,Medium,Medium,9350,0.914331550802139
51145,"Powhatan County, Virginia",2019,"White, non-Hispanic",Total,9350,248,1.6124051167855924,High,Medium,9350,0.914331550802139
51145,"Powhatan County, Virginia",2019,Black,Owner,449,127,17.194576262007434,Medium,Low,596,0.7533557046979866
51145,"Powhatan County, Virginia",2019,Black,Renter,147,86,35.5643777267746,Low,Low,596,0.7533557046979866
51145,"Powhatan County, Virginia",2019,Black,Total,596,104,10.607698741355746,High,Low,596,0.7533557046979866
51145,"Powhatan County, Virginia",2019,Hispanic or Latino,Owner,116,76,39.82811026097893,Low,Low,180,0.6444444444444445
51145,"Powhatan County, Virginia",2019,Hispanic or Latino,Renter,64,54,51.29179331306991,Low,Low,180,0.6444444444444445
51145,"Powhatan County, Virginia",2019,Hispanic or Latino,Total,180,70,23.64066193853428,Medium,Low,180,0.6444444444444445
51145,"Powhatan County, Virginia",2019,Asian,Owner,34,27,48.274629000536386,Low,Low,34,1
51145,"Powhatan County, Virginia",2019,Asian,Renter,0,23,NA,NA,Low,34,1
51145,"Powhatan County, Virginia",2019,Asian,Total,34,27,48.274629000536386,Low,Low,34,1
51145,"Powhatan County, Virginia",2019,Multiracial,Owner,91,53,35.40532415912355,Low,Low,127,0.7165354330708661
51145,"Powhatan County, Virginia",2019,Multiracial,Renter,36,42,70.92198581560284,Low,Low,127,0.7165354330708661
51145,"Powhatan County, Virginia",2019,Multiracial,Total,127,63,30.15580499246105,Low,Low,127,0.7165354330708661
51145,"Powhatan County, Virginia",2019,Another race,Owner,31,46.45427859734774,91.09575173516569,Low,Low,31,1
51145,"Powhatan County, Virginia",2019,Another race,Renter,0,39.83716857408418,NA,NA,Low,31,1
51145,"Powhatan County, Virginia",2019,Another race,Total,31,46.45427859734774,91.09575173516569,Low,Low,31,1
51145,"Powhatan County, Virginia",2024,"White, non-Hispanic",Owner,9420,290,1.8714627740240968,High,Medium,10097,0.9329503813013766
51145,"Powhatan County, Virginia",2024,"White, non-Hispanic",Renter,677,210,18.856657971652158,Medium,Medium,10097,0.9329503813013766
51145,"Powhatan County, Virginia",2024,"White, non-Hispanic",Total,10097,284,1.709858144990552,High,Medium,10097,0.9329503813013766
51145,"Powhatan County, Virginia",2024,Black,Owner,516,94,11.074197120708748,High,Low,546,0.945054945054945
51145,"Powhatan County, Virginia",2024,Black,Renter,30,31,62.81661600810538,Low,Low,546,0.945054945054945
51145,"Powhatan County, Virginia",2024,Black,Total,546,94,10.465724751439035,High,Low,546,0.945054945054945
51145,"Powhatan County, Virginia",2024,Hispanic or Latino,Owner,155,83,32.55221100107853,Low,Low,214,0.7242990654205608
51145,"Powhatan County, Virginia",2024,Hispanic or Latino,Renter,59,80,82.42748956777083,Low,Low,214,0.7242990654205608
51145,"Powhatan County, Virginia",2024,Hispanic or Latino,Total,214,113,32.099536971280855,Low,Low,214,0.7242990654205608
51145,"Powhatan County, Virginia",2024,Asian,Owner,40,56,85.1063829787234,Low,Low,40,1
51145,"Powhatan County, Virginia",2024,Asian,Renter,0,28,NA,NA,Low,40,1
51145,"Powhatan County, Virginia",2024,Asian,Total,40,56,85.1063829787234,Low,Low,40,1
51145,"Powhatan County, Virginia",2024,Multiracial,Owner,500,151,18.358662613981764,Medium,Low,500,1
51145,"Powhatan County, Virginia",2024,Multiracial,Renter,0,28,NA,NA,Low,500,1
51145,"Powhatan County, Virginia",2024,Multiracial,Total,500,151,18.358662613981764,Medium,Low,500,1
51145,"Powhatan County, Virginia",2024,Another race,Owner,62,59.481089431852205,58.320511257821565,Low,Low,121,0.512396694214876
51145,"Powhatan County, Virginia",2024,Another race,Renter,59,89.26365441768559,91.97223679118602,Low,Low,121,0.512396694214876
51145,"Powhatan County, Virginia",2024,Another race,Total,121,100.16985574512923,50.32523084987276,Low,Low,121,0.512396694214876
51760,"Richmond city, Virginia",2014,"White, non-Hispanic",Owner,21070,545,1.572410967638628,High,High,39453,0.5340531771981852
51760,"Richmond city, Virginia",2014,"White, non-Hispanic",Renter,18383,874,2.8902082950631507,High,High,39453,0.5340531771981852
51760,"Richmond city, Virginia",2014,"White, non-Hispanic",Total,39453,915,1.409857306261916,High,High,39453,0.5340531771981852
51760,"Richmond city, Virginia",2014,Black,Owner,14045,587,2.5406828463871554,High,High,39399,0.35648112896266404
51760,"Richmond city, Virginia",2014,Black,Renter,25354,798,1.9133327403120748,High,High,39399,0.35648112896266404
51760,"Richmond city, Virginia",2014,Black,Total,39399,775,1.1957781163501364,High,High,39399,0.35648112896266404
51760,"Richmond city, Virginia",2014,Hispanic or Latino,Owner,627,155,15.027898566532386,Medium,Medium,3446,0.1819500870574579
51760,"Richmond city, Virginia",2014,Hispanic or Latino,Renter,2819,242,5.218604540832885,High,Medium,3446,0.1819500870574579
51760,"Richmond city, Virginia",2014,Hispanic or Latino,Total,3446,272,4.7983036585301315,High,Medium,3446,0.1819500870574579
51760,"Richmond city, Virginia",2014,Asian,Owner,361,106,17.84977561484899,Medium,Medium,1568,0.2302295918367347
51760,"Richmond city, Virginia",2014,Asian,Renter,1207,165,8.310186525913931,High,Medium,1568,0.2302295918367347
51760,"Richmond city, Virginia",2014,Asian,Total,1568,183,7.094783202034613,High,Medium,1568,0.2302295918367347
51760,"Richmond city, Virginia",2014,Multiracial,Owner,532,138,15.768905546541124,Medium,Medium,2150,0.2474418604651163
51760,"Richmond city, Virginia",2014,Multiracial,Renter,1618,289,10.85808965250356,High,Medium,2150,0.2474418604651163
51760,"Richmond city, Virginia",2014,Multiracial,Total,2150,300,8.482363752032231,High,Medium,2150,0.2474418604651163
51760,"Richmond city, Virginia",2014,Another race,Owner,226,86.23804264940155,23.19661152040282,Medium,Medium,1064,0.212406015037594
51760,"Richmond city, Virginia",2014,Another race,Renter,838,191.21715404220407,13.871292485524522,High,Medium,1064,0.212406015037594
51760,"Richmond city, Virginia",2014,Another race,Total,1064,194.4453650771856,11.109386216901616,High,Medium,1064,0.212406015037594
51760,"Richmond city, Virginia",2019,"White, non-Hispanic",Owner,23105,569,1.497064083682988,High,High,43171,0.5351972388872159
51760,"Richmond city, Virginia",2019,"White, non-Hispanic",Renter,20066,811,2.4569376983007745,High,High,43171,0.5351972388872159
51760,"Richmond city, Virginia",2019,"White, non-Hispanic",Total,43171,858,1.2081734199172176,High,High,43171,0.5351972388872159
51760,"Richmond city, Virginia",2019,Black,Owner,13343,597,2.7199125618728854,High,High,39435,0.3383542538354254
51760,"Richmond city, Virginia",2019,Black,Renter,26092,910,2.1201574787739617,High,High,39435,0.3383542538354254
51760,"Richmond city, Virginia",2019,Black,Total,39435,856,1.3195505049862744,High,High,39435,0.3383542538354254
51760,"Richmond city, Virginia",2019,Hispanic or Latino,Owner,654,152,14.128626269949713,High,High,3392,0.1928066037735849
51760,"Richmond city, Virginia",2019,Hispanic or Latino,Renter,2738,272,6.039062968332664,High,High,3392,0.1928066037735849
51760,"Richmond city, Virginia",2019,Hispanic or Latino,Total,3392,303,5.430263233354362,High,High,3392,0.1928066037735849
51760,"Richmond city, Virginia",2019,Asian,Owner,642,132,12.49893474987927,High,High,1594,0.4027603513174404
51760,"Richmond city, Virginia",2019,Asian,Renter,952,203,12.962631861255138,High,High,1594,0.4027603513174404
51760,"Richmond city, Virginia",2019,Asian,Total,1594,234,8.924042667602293,High,High,1594,0.4027603513174404
51760,"Richmond city, Virginia",2019,Multiracial,Owner,680,154,13.76720901126408,High,High,2495,0.2725450901803607
51760,"Richmond city, Virginia",2019,Multiracial,Renter,1815,355,11.890108601907441,High,High,2495,0.2725450901803607
51760,"Richmond city, Virginia",2019,Multiracial,Total,2495,390,9.502287249270577,High,High,2495,0.2725450901803607
51760,"Richmond city, Virginia",2019,Another race,Owner,323,106.70988707706518,20.083353642629447,Medium,Medium,1271,0.25413060582218727
51760,"Richmond city, Virginia",2019,Another race,Renter,948,227.442300375282,14.5846831836201,High,Medium,1271,0.25413060582218727
51760,"Richmond city, Virginia",2019,Another race,Total,1271,259.98076851951953,12.434541335689033,High,Medium,1271,0.25413060582218727
51760,"Richmond city, Virginia",2024,"White, non-Hispanic",Owner,26276,690,1.596334630605853,High,High,49921,0.526351635584223
51760,"Richmond city, Virginia",2024,"White, non-Hispanic",Renter,23645,915,2.3524254727828873,High,High,49921,0.526351635584223
51760,"Richmond city, Virginia",2024,"White, non-Hispanic",Total,49921,864,1.0521182739244725,High,High,49921,0.526351635584223
51760,"Richmond city, Virginia",2024,Black,Owner,14568,799,3.334117831646662,High,High,40152,0.36282127913927076
51760,"Richmond city, Virginia",2024,Black,Renter,25584,1052,2.4996625930720375,High,High,40152,0.36282127913927076
51760,"Richmond city, Virginia",2024,Black,Total,40152,917,1.3883413242444669,High,High,40152,0.36282127913927076
51760,"Richmond city, Virginia",2024,Hispanic or Latino,Owner,2184,421,11.71827159669105,High,High,7311,0.29872794419368076
51760,"Richmond city, Virginia",2024,Hispanic or Latino,Renter,5127,520,6.165582650524697,High,High,7311,0.29872794419368076
51760,"Richmond city, Virginia",2024,Hispanic or Latino,Total,7311,467,3.883060833095319,High,High,7311,0.29872794419368076
51760,"Richmond city, Virginia",2024,Asian,Owner,806,147,11.08705981732749,High,High,2001,0.4027986006996502
51760,"Richmond city, Virginia",2024,Asian,Renter,1195,195,9.919751751853594,High,High,2001,0.4027986006996502
51760,"Richmond city, Virginia",2024,Asian,Total,2001,194,5.89370968011435,High,High,2001,0.4027986006996502
51760,"Richmond city, Virginia",2024,Multiracial,Owner,2457,398,9.847183099462734,High,High,7057,0.3481649426101743
51760,"Richmond city, Virginia",2024,Multiracial,Renter,4600,649,8.576714682172591,High,High,7057,0.3481649426101743
51760,"Richmond city, Virginia",2024,Multiracial,Total,7057,722,6.219438501856141,High,High,7057,0.3481649426101743
51760,"Richmond city, Virginia",2024,Another race,Owner,787,254.83524089105103,19.684249054047037,Medium,Medium,3886,0.2025218733916624
51760,"Richmond city, Virginia",2024,Another race,Renter,3099,504.101180319983,9.888495854040237,High,Medium,3886,0.2025218733916624
51760,"Richmond city, Virginia",2024,Another race,Total,3886,474.0738339119762,7.416129194379891,High,Medium,3886,0.2025218733916624
region4,Richmond region (4 primary localities),2014,"White, non-Hispanic",Owner,167946,1437.5225215627058,0.5203302688306948,High,High,226061,0.7429233702407757
region4,Richmond region (4 primary localities),2014,"White, non-Hispanic",Renter,58115,1440.074303638531,1.5063668736038058,High,High,226061,0.7429233702407757
region4,Richmond region (4 primary localities),2014,"White, non-Hispanic",Total,226061,1507.9598801029158,0.40550689249042315,High,High,226061,0.7429233702407757
region4,Richmond region (4 primary localities),2014,Black,Owner,50452,1085.1714150308237,1.3075372071498863,High,High,102861,0.4904871622869698
region4,Richmond region (4 primary localities),2014,Black,Renter,52409,1306.427954385545,1.5153525678529367,High,High,102861,0.4904871622869698
region4,Richmond region (4 primary localities),2014,Black,Total,102861,1154.956709145412,0.682572931378792,High,High,102861,0.4904871622869698
region4,Richmond region (4 primary localities),2014,Hispanic or Latino,Owner,6363,442.75162337364725,4.229921782547443,High,High,15099,0.42141863699582754
region4,Richmond region (4 primary localities),2014,Hispanic or Latino,Renter,8736,528.5972001439281,3.678293085829577,High,High,15099,0.42141863699582754
region4,Richmond region (4 primary localities),2014,Hispanic or Latino,Total,15099,520.1634358545399,2.09423654278737,High,High,15099,0.42141863699582754
region4,Richmond region (4 primary localities),2014,Asian,Owner,6673,407.345062569807,3.7108673438331485,High,High,11669,0.5718570571599966
region4,Richmond region (4 primary localities),2014,Asian,Renter,4996,366.51602966309673,4.4596896929470224,High,High,11669,0.5718570571599966
region4,Richmond region (4 primary localities),2014,Asian,Total,11669,419.51162081639643,2.185468008350895,High,High,11669,0.5718570571599966
region4,Richmond region (4 primary localities),2014,Multiracial,Owner,2656,339.26096150308837,7.764972385814269,High,High,6310,0.420919175911252
region4,Richmond region (4 primary localities),2014,Multiracial,Renter,3654,445.66018444550326,7.414286952808569,High,High,6310,0.420919175911252
region4,Richmond region (4 primary localities),2014,Multiracial,Total,6310,556.8644359267344,5.364808461762671,High,High,6310,0.420919175911252
region4,Richmond region (4 primary localities),2014,Another race,Owner,2290,333.93262793563616,8.864565852208921,High,High,4917,0.46573113687207646
region4,Richmond region (4 primary localities),2014,Another race,Renter,2627,366.8882663700217,8.490003074687843,High,High,4917,0.46573113687207646
region4,Richmond region (4 primary localities),2014,Another race,Total,4917,477.1928331398115,5.899671113614406,High,High,4917,0.46573113687207646
region4,Richmond region (4 primary localities),2019,"White, non-Hispanic",Owner,174050,1369.3027422743298,0.4782550317963447,High,High,235103,0.7403138199002139
region4,Richmond region (4 primary localities),2019,"White, non-Hispanic",Renter,61053,1465.7690814040252,1.459461507687028,High,High,235103,0.7403138199002139
region4,Richmond region (4 primary localities),2019,"White, non-Hispanic",Total,235103,1352.1272129500242,0.34961775544359786,High,High,235103,0.7403138199002139
region4,Richmond region (4 primary localities),2019,Black,Owner,51071,1105.7282667997595,1.316158364191313,High,High,107332,0.4758226810270935
region4,Richmond region (4 primary localities),2019,Black,Renter,56261,1437.4630430031932,1.5531855390259035,High,High,107332,0.4758226810270935
region4,Richmond region (4 primary localities),2019,Black,Total,107332,1273.366404457099,0.7212042267381706,High,High,107332,0.4758226810270935
region4,Richmond region (4 primary localities),2019,Hispanic or Latino,Owner,7464,508.8428048032123,4.144251514081876,High,High,17243,0.43287131009685087
region4,Richmond region (4 primary localities),2019,Hispanic or Latino,Renter,9779,549.096530675618,3.4134091735911865,High,High,17243,0.43287131009685087
region4,Richmond region (4 primary localities),2019,Hispanic or Latino,Total,17243,613.7450610799243,2.1637609555665662,High,High,17243,0.43287131009685087
region4,Richmond region (4 primary localities),2019,Asian,Owner,9560,440.0522696225984,2.7982110721127693,High,High,15340,0.6232073011734028
region4,Richmond region (4 primary localities),2019,Asian,Renter,5780,503.12225154528795,5.291511990253446,High,High,15340,0.6232073011734028
region4,Richmond region (4 primary localities),2019,Asian,Total,15340,550.4234733366665,2.18125120703434,High,High,15340,0.6232073011734028
region4,Richmond region (4 primary localities),2019,Multiracial,Owner,3744,416.94723886842087,6.769854890311564,High,High,7648,0.4895397489539749
region4,Richmond region (4 primary localities),2019,Multiracial,Renter,3904,496.88731116823664,7.737170997063826,High,High,7648,0.4895397489539749
region4,Richmond region (4 primary localities),2019,Multiracial,Total,7648,664.2062932553409,5.279456363070394,High,High,7648,0.4895397489539749
region4,Richmond region (4 primary localities),2019,Another race,Owner,2643,354.80276210875246,8.160634493793951,High,High,6552,0.4033882783882784
region4,Richmond region (4 primary localities),2019,Another race,Renter,3909,472.72613636227055,7.351535212750726,High,High,6552,0.4033882783882784
region4,Richmond region (4 primary localities),2019,Another race,Total,6552,617.6649577238456,5.730772549775707,High,High,6552,0.4033882783882784
region4,Richmond region (4 primary localities),2024,"White, non-Hispanic",Owner,183994,1869.2685735335092,0.6175926820177166,High,High,246502,0.746419907343551
region4,Richmond region (4 primary localities),2024,"White, non-Hispanic",Renter,62508,1692.8986975008281,1.646377662444207,High,High,246502,0.746419907343551
region4,Richmond region (4 primary localities),2024,"White, non-Hispanic",Total,246502,1646.1160347922014,0.40595144891447615,High,High,246502,0.746419907343551
region4,Richmond region (4 primary localities),2024,Black,Owner,58495,1548.567725351397,1.6093316632953554,High,High,117413,0.4981986662464974
region4,Richmond region (4 primary localities),2024,Black,Renter,58918,1791.1864782875066,1.848106113671875,High,High,117413,0.4981986662464974
region4,Richmond region (4 primary localities),2024,Black,Total,117413,1564.1464125841928,0.8098327127574497,High,High,117413,0.4981986662464974
region4,Richmond region (4 primary localities),2024,Hispanic or Latino,Owner,13265,842.2766766330408,3.8599494596724973,High,High,27491,0.48252155250809353
region4,Richmond region (4 primary localities),2024,Hispanic or Latino,Renter,14226,901.1376143519923,3.8507241732227615,High,High,27491,0.48252155250809353
region4,Richmond region (4 primary localities),2024,Hispanic or Latino,Total,27491,911.4159313946624,2.0153949944705025,High,High,27491,0.48252155250809353
region4,Richmond region (4 primary localities),2024,Asian,Owner,12228,593.8004715390516,2.952019390143761,High,High,17305,0.7066165848020803
region4,Richmond region (4 primary localities),2024,Asian,Renter,5077,510.93052365267823,6.117708548567002,High,High,17305,0.7066165848020803
region4,Richmond region (4 primary localities),2024,Asian,Total,17305,579.87239975705,2.0370183073643,High,High,17305,0.7066165848020803
region4,Richmond region (4 primary localities),2024,Multiracial,Owner,13342,900.3316055765231,4.10218892177466,High,High,24300,0.5490534979423868
region4,Richmond region (4 primary localities),2024,Multiracial,Renter,10958,1000.9985014973798,5.5531093936305,High,High,24300,0.5490534979423868
region4,Richmond region (4 primary localities),2024,Multiracial,Total,24300,1269.9346439876344,3.1769413336025973,High,High,24300,0.5490534979423868
region4,Richmond region (4 primary localities),2024,Another race,Owner,6013,616.4454558190854,6.232145001120524,High,High,14430,0.4167013167013167
region4,Richmond region (4 primary localities),2024,Another race,Renter,8417,793.2943968036078,5.729426564371698,High,High,14430,0.4167013167013167
region4,Richmond region (4 primary localities),2024,Another race,Total,14430,858.4736454894816,3.616552165635513,High,High,14430,0.4167013167013167
