year,geoid,name,structure,bldgs,units,value
2000,51036,Charles City County,Multifamily,0,0,0
2000,51036,Charles City County,Single-family,44,44,4279213
2001,51036,Charles City County,Multifamily,0,0,0
2001,51036,Charles City County,Single-family,42,42,5309660
2002,51036,Charles City County,Multifamily,0,0,0
2002,51036,Charles City County,Single-family,30,30,3342706
2003,51036,Charles City County,Multifamily,0,0,0
2003,51036,Charles City County,Single-family,35,35,3911478
2004,51036,Charles City County,Multifamily,0,0,0
2004,51036,Charles City County,Single-family,44,44,7579984
2005,51036,Charles City County,Multifamily,0,0,0
2005,51036,Charles City County,Single-family,41,41,6463998
2006,51036,Charles City County,Multifamily,0,0,0
2006,51036,Charles City County,Single-family,38,38,5952019
2007,51036,Charles City County,Multifamily,0,0,0
2007,51036,Charles City County,Single-family,37,37,6108129
2008,51036,Charles City County,Multifamily,0,0,0
2008,51036,Charles City County,Single-family,30,30,4586020
2009,51036,Charles City County,Multifamily,0,0,0
2009,51036,Charles City County,Single-family,24,24,2936966
2010,51036,Charles City County,Multifamily,0,0,0
2010,51036,Charles City County,Single-family,43,43,6175569
2011,51036,Charles City County,Multifamily,0,0,0
2011,51036,Charles City County,Single-family,27,27,3936455
2012,51036,Charles City County,Multifamily,0,0,0
2012,51036,Charles City County,Single-family,18,18,2990383
2013,51036,Charles City County,Multifamily,0,0,0
2013,51036,Charles City County,Single-family,20,20,4421813
2014,51036,Charles City County,Multifamily,0,0,0
2014,51036,Charles City County,Single-family,18,18,2905380
2015,51036,Charles City County,Multifamily,0,0,0
2015,51036,Charles City County,Single-family,14,14,2669300
2016,51036,Charles City County,Multifamily,0,0,0
2016,51036,Charles City County,Single-family,17,17,3122500
2017,51036,Charles City County,Multifamily,0,0,0
2017,51036,Charles City County,Single-family,24,24,3898700
2018,51036,Charles City County,Multifamily,0,0,0
2018,51036,Charles City County,Single-family,17,17,2787325
2019,51036,Charles City County,Multifamily,0,0,0
2019,51036,Charles City County,Single-family,19,19,3476881
2020,51036,Charles City County,Multifamily,0,0,0
2020,51036,Charles City County,Single-family,20,20,3583738
2021,51036,Charles City County,Multifamily,0,0,0
2021,51036,Charles City County,Single-family,23,23,4147947
2022,51036,Charles City County,Multifamily,0,0,0
2022,51036,Charles City County,Single-family,21,21,3780306
2023,51036,Charles City County,Multifamily,0,0,0
2023,51036,Charles City County,Single-family,22,22,3961975
2024,51036,Charles City County,Multifamily,0,0,0
2024,51036,Charles City County,Single-family,30,30,6068667
2025,51036,Charles City County,Multifamily,0,0,0
2025,51036,Charles City County,Single-family,24,24,7062667
2000,51041,Chesterfield County,Multifamily,19,38,2479299
2000,51041,Chesterfield County,Single-family,1920,1920,224557559
2001,51041,Chesterfield County,Multifamily,30,373,10451863
2001,51041,Chesterfield County,Single-family,2568,2568,285125892
2002,51041,Chesterfield County,Multifamily,54,816,21952041
2002,51041,Chesterfield County,Single-family,2503,2503,314294010
2003,51041,Chesterfield County,Multifamily,82,909,56363721
2003,51041,Chesterfield County,Single-family,2024,2024,260273005
2004,51041,Chesterfield County,Multifamily,98,1098,72320822
2004,51041,Chesterfield County,Single-family,2040,2040,274501728
2005,51041,Chesterfield County,Multifamily,69,529,38487958
2005,51041,Chesterfield County,Single-family,2188,2188,316098302
2006,51041,Chesterfield County,Multifamily,50,232,20682843
2006,51041,Chesterfield County,Single-family,1882,1882,289610985
2007,51041,Chesterfield County,Multifamily,86,829,92491101
2007,51041,Chesterfield County,Single-family,1273,1273,209893613
2008,51041,Chesterfield County,Multifamily,65,924,67234603
2008,51041,Chesterfield County,Single-family,804,804,139810085
2009,51041,Chesterfield County,Multifamily,20,168,16291904
2009,51041,Chesterfield County,Single-family,635,635,113785200
2010,51041,Chesterfield County,Multifamily,31,326,20700523
2010,51041,Chesterfield County,Single-family,545,545,95135552
2011,51041,Chesterfield County,Multifamily,13,79,7922024
2011,51041,Chesterfield County,Single-family,605,605,110057429
2012,51041,Chesterfield County,Multifamily,59,618,35266725
2012,51041,Chesterfield County,Single-family,786,786,151164146
2013,51041,Chesterfield County,Multifamily,34,441,13230962
2013,51041,Chesterfield County,Single-family,956,956,192343027
2014,51041,Chesterfield County,Multifamily,42,762,41099835
2014,51041,Chesterfield County,Single-family,860,860,182408314
2015,51041,Chesterfield County,Multifamily,34,210,20737818
2015,51041,Chesterfield County,Single-family,1053,1053,223476848
2016,51041,Chesterfield County,Multifamily,42,383,32935768
2016,51041,Chesterfield County,Single-family,1330,1330,299770879
2017,51041,Chesterfield County,Multifamily,71,815,57840102
2017,51041,Chesterfield County,Single-family,1413,1413,325530388
2018,51041,Chesterfield County,Multifamily,61,725,62960447
2018,51041,Chesterfield County,Single-family,1535,1535,312041829
2019,51041,Chesterfield County,Multifamily,111,1645,133878518
2019,51041,Chesterfield County,Single-family,1557,1557,312659874
2020,51041,Chesterfield County,Multifamily,113,914,74997357
2020,51041,Chesterfield County,Single-family,2202,2202,399033566
2021,51041,Chesterfield County,Multifamily,32,1469,119075137
2021,51041,Chesterfield County,Single-family,2362,2362,459529722
2022,51041,Chesterfield County,Multifamily,64,1848,171249746
2022,51041,Chesterfield County,Single-family,1385,1385,373399414
2023,51041,Chesterfield County,Multifamily,25,1460,162343363
2023,51041,Chesterfield County,Single-family,1734,1734,401377363
2024,51041,Chesterfield County,Multifamily,22,462,33046000
2024,51041,Chesterfield County,Single-family,1845,1845,384189467
2025,51041,Chesterfield County,Multifamily,19,618,67581689
2025,51041,Chesterfield County,Single-family,1576,1576,383044410
2000,51075,Goochland County,Multifamily,0,0,0
2000,51075,Goochland County,Single-family,223,223,36042711
2001,51075,Goochland County,Multifamily,0,0,0
2001,51075,Goochland County,Single-family,246,246,54198344
2002,51075,Goochland County,Multifamily,0,0,0
2002,51075,Goochland County,Single-family,267,267,63370802
2003,51075,Goochland County,Multifamily,0,0,0
2003,51075,Goochland County,Single-family,286,286,81779127
2004,51075,Goochland County,Multifamily,0,0,0
2004,51075,Goochland County,Single-family,310,310,82034286
2005,51075,Goochland County,Multifamily,0,0,0
2005,51075,Goochland County,Single-family,380,380,109410691
2006,51075,Goochland County,Multifamily,0,0,0
2006,51075,Goochland County,Single-family,281,281,82042708
2007,51075,Goochland County,Multifamily,0,0,0
2007,51075,Goochland County,Single-family,196,196,59651666
2008,51075,Goochland County,Multifamily,0,0,0
2008,51075,Goochland County,Single-family,98,98,26879124
2009,51075,Goochland County,Multifamily,0,0,0
2009,51075,Goochland County,Single-family,75,75,15635240
2010,51075,Goochland County,Multifamily,0,0,0
2010,51075,Goochland County,Single-family,60,60,14065462
2011,51075,Goochland County,Multifamily,0,0,0
2011,51075,Goochland County,Single-family,47,47,13406077
2012,51075,Goochland County,Multifamily,0,0,0
2012,51075,Goochland County,Single-family,88,88,23197262
2013,51075,Goochland County,Multifamily,0,0,0
2013,51075,Goochland County,Single-family,142,142,40812745
2014,51075,Goochland County,Multifamily,0,0,0
2014,51075,Goochland County,Single-family,127,127,35652417
2015,51075,Goochland County,Multifamily,0,0,0
2015,51075,Goochland County,Single-family,136,136,43329970
2016,51075,Goochland County,Multifamily,0,0,0
2016,51075,Goochland County,Single-family,129,129,33693896
2017,51075,Goochland County,Multifamily,0,0,0
2017,51075,Goochland County,Single-family,197,197,55865797
2018,51075,Goochland County,Multifamily,0,0,0
2018,51075,Goochland County,Single-family,190,190,56272245
2019,51075,Goochland County,Multifamily,0,0,0
2019,51075,Goochland County,Single-family,218,218,61768472
2020,51075,Goochland County,Multifamily,0,0,0
2020,51075,Goochland County,Single-family,301,301,72948170
2021,51075,Goochland County,Multifamily,0,0,0
2021,51075,Goochland County,Single-family,353,353,106107599
2022,51075,Goochland County,Multifamily,0,0,0
2022,51075,Goochland County,Single-family,325,325,116741890
2023,51075,Goochland County,Multifamily,0,0,0
2023,51075,Goochland County,Single-family,268,268,90885518
2024,51075,Goochland County,Multifamily,0,0,0
2024,51075,Goochland County,Single-family,322,322,105342724
2025,51075,Goochland County,Multifamily,0,0,0
2025,51075,Goochland County,Single-family,314,314,109375812
2000,51085,Hanover County,Multifamily,9,75,1735000
2000,51085,Hanover County,Single-family,891,891,92882666
2001,51085,Hanover County,Multifamily,0,0,0
2001,51085,Hanover County,Single-family,902,902,112451297
2002,51085,Hanover County,Multifamily,0,0,0
2002,51085,Hanover County,Single-family,954,954,137529307
2003,51085,Hanover County,Multifamily,8,108,3670456
2003,51085,Hanover County,Single-family,788,788,124687059
2004,51085,Hanover County,Multifamily,0,0,0
2004,51085,Hanover County,Single-family,566,566,102743826
2005,51085,Hanover County,Multifamily,0,0,0
2005,51085,Hanover County,Single-family,619,619,138449606
2006,51085,Hanover County,Multifamily,0,0,0
2006,51085,Hanover County,Single-family,510,510,119344120
2007,51085,Hanover County,Multifamily,0,0,0
2007,51085,Hanover County,Single-family,519,519,112871584
2008,51085,Hanover County,Multifamily,0,0,0
2008,51085,Hanover County,Single-family,370,370,71915244
2009,51085,Hanover County,Multifamily,0,0,0
2009,51085,Hanover County,Single-family,257,257,46958188
2010,51085,Hanover County,Multifamily,2,8,667720
2010,51085,Hanover County,Single-family,275,275,45948177
2011,51085,Hanover County,Multifamily,0,0,0
2011,51085,Hanover County,Single-family,314,314,55536158
2012,51085,Hanover County,Multifamily,1,84,3680000
2012,51085,Hanover County,Single-family,402,402,70632791
2013,51085,Hanover County,Multifamily,0,0,0
2013,51085,Hanover County,Single-family,599,599,111071088
2014,51085,Hanover County,Multifamily,0,0,0
2014,51085,Hanover County,Single-family,522,522,105754771
2015,51085,Hanover County,Multifamily,0,0,0
2015,51085,Hanover County,Single-family,637,637,118329950
2016,51085,Hanover County,Multifamily,0,0,0
2016,51085,Hanover County,Single-family,584,584,117846581
2017,51085,Hanover County,Multifamily,0,0,0
2017,51085,Hanover County,Single-family,597,597,141526243
2018,51085,Hanover County,Multifamily,0,0,0
2018,51085,Hanover County,Single-family,487,487,98254751
2019,51085,Hanover County,Multifamily,11,418,31112437
2019,51085,Hanover County,Single-family,574,574,119073655
2020,51085,Hanover County,Multifamily,0,0,0
2020,51085,Hanover County,Single-family,690,690,155718216
2021,51085,Hanover County,Multifamily,0,0,0
2021,51085,Hanover County,Single-family,789,789,231400282
2022,51085,Hanover County,Multifamily,3,90,7738978
2022,51085,Hanover County,Single-family,474,474,161449845
2023,51085,Hanover County,Multifamily,0,0,0
2023,51085,Hanover County,Single-family,481,481,143702068
2024,51085,Hanover County,Multifamily,2,4,858332
2024,51085,Hanover County,Single-family,443,443,137303471
2025,51085,Hanover County,Multifamily,5,232,21849876
2025,51085,Hanover County,Single-family,279,279,98667057
2000,51087,Henrico County,Multifamily,0,0,0
2000,51087,Henrico County,Single-family,1566,1566,179315662
2001,51087,Henrico County,Multifamily,84,1042,59508301
2001,51087,Henrico County,Single-family,1638,1638,200379602
2002,51087,Henrico County,Multifamily,27,590,35198409
2002,51087,Henrico County,Single-family,1886,1886,237269444
2003,51087,Henrico County,Multifamily,61,326,20290076
2003,51087,Henrico County,Single-family,1841,1841,269014137
2004,51087,Henrico County,Multifamily,41,145,10542132
2004,51087,Henrico County,Single-family,1811,1811,243658599
2005,51087,Henrico County,Multifamily,40,301,23415125
2005,51087,Henrico County,Single-family,1781,1781,256557938
2006,51087,Henrico County,Multifamily,2,7,651426
2006,51087,Henrico County,Single-family,1468,1468,225664711
2007,51087,Henrico County,Multifamily,4,19,1898657
2007,51087,Henrico County,Single-family,1228,1228,202496940
2008,51087,Henrico County,Multifamily,0,0,0
2008,51087,Henrico County,Single-family,834,834,144742652
2009,51087,Henrico County,Multifamily,0,0,0
2009,51087,Henrico County,Single-family,467,467,83646376
2010,51087,Henrico County,Multifamily,1,5,730000
2010,51087,Henrico County,Single-family,630,630,110304745
2011,51087,Henrico County,Multifamily,1,27,1643463
2011,51087,Henrico County,Single-family,613,613,111738630
2012,51087,Henrico County,Multifamily,0,0,0
2012,51087,Henrico County,Single-family,660,660,109136956
2013,51087,Henrico County,Multifamily,19,122,19562160
2013,51087,Henrico County,Single-family,823,823,140676351
2014,51087,Henrico County,Multifamily,0,0,0
2014,51087,Henrico County,Single-family,693,693,121790472
2015,51087,Henrico County,Multifamily,19,701,56266140
2015,51087,Henrico County,Single-family,749,749,128204811
2016,51087,Henrico County,Multifamily,45,235,6723025
2016,51087,Henrico County,Single-family,723,723,129437373
2017,51087,Henrico County,Multifamily,86,639,26907341
2017,51087,Henrico County,Single-family,987,987,180761887
2018,51087,Henrico County,Multifamily,118,480,27414119
2018,51087,Henrico County,Single-family,998,998,158411964
2019,51087,Henrico County,Multifamily,87,874,78391964
2019,51087,Henrico County,Single-family,901,901,150110130
2020,51087,Henrico County,Multifamily,172,1121,107796389
2020,51087,Henrico County,Single-family,794,794,126372936
2021,51087,Henrico County,Multifamily,221,1443,123076938
2021,51087,Henrico County,Single-family,748,748,129149612
2022,51087,Henrico County,Multifamily,103,1674,250121351
2022,51087,Henrico County,Single-family,712,712,122199521
2023,51087,Henrico County,Multifamily,132,2013,227783759
2023,51087,Henrico County,Single-family,730,730,143427373
2024,51087,Henrico County,Multifamily,69,905,107977950
2024,51087,Henrico County,Single-family,921,921,159262002
2025,51087,Henrico County,Multifamily,159,1514,150042028
2025,51087,Henrico County,Single-family,809,809,146992770
2000,51127,New Kent County,Multifamily,0,0,0
2000,51127,New Kent County,Single-family,157,157,18426871
2001,51127,New Kent County,Multifamily,0,0,0
2001,51127,New Kent County,Single-family,192,192,24078434
2002,51127,New Kent County,Multifamily,0,0,0
2002,51127,New Kent County,Single-family,215,215,28498629
2003,51127,New Kent County,Multifamily,0,0,0
2003,51127,New Kent County,Single-family,255,255,36528687
2004,51127,New Kent County,Multifamily,0,0,0
2004,51127,New Kent County,Single-family,276,276,43974806
2005,51127,New Kent County,Multifamily,0,0,0
2005,51127,New Kent County,Single-family,340,340,69928006
2006,51127,New Kent County,Multifamily,0,0,0
2006,51127,New Kent County,Single-family,294,294,69285272
2007,51127,New Kent County,Multifamily,0,0,0
2007,51127,New Kent County,Single-family,232,232,47836086
2008,51127,New Kent County,Multifamily,0,0,0
2008,51127,New Kent County,Single-family,235,235,48898851
2009,51127,New Kent County,Multifamily,0,0,0
2009,51127,New Kent County,Single-family,130,130,20577761
2010,51127,New Kent County,Multifamily,0,0,0
2010,51127,New Kent County,Single-family,146,146,23285464
2011,51127,New Kent County,Multifamily,0,0,0
2011,51127,New Kent County,Single-family,156,156,27934301
2012,51127,New Kent County,Multifamily,0,0,0
2012,51127,New Kent County,Single-family,141,141,23886255
2013,51127,New Kent County,Multifamily,0,0,0
2013,51127,New Kent County,Single-family,187,187,35327614
2014,51127,New Kent County,Multifamily,0,0,0
2014,51127,New Kent County,Single-family,162,162,27867975
2015,51127,New Kent County,Multifamily,0,0,0
2015,51127,New Kent County,Single-family,187,187,37657472
2016,51127,New Kent County,Multifamily,0,0,0
2016,51127,New Kent County,Single-family,221,221,39581779
2017,51127,New Kent County,Multifamily,0,0,0
2017,51127,New Kent County,Single-family,295,295,57287449
2018,51127,New Kent County,Multifamily,0,0,0
2018,51127,New Kent County,Single-family,253,253,63582819
2019,51127,New Kent County,Multifamily,3,12,2604000
2019,51127,New Kent County,Single-family,173,173,60844000
2020,51127,New Kent County,Multifamily,1,4,868000
2020,51127,New Kent County,Single-family,317,317,116294520
2021,51127,New Kent County,Multifamily,8,35,8529000
2021,51127,New Kent County,Single-family,416,416,149638788
2022,51127,New Kent County,Multifamily,0,0,0
2022,51127,New Kent County,Single-family,356,356,117580000
2023,51127,New Kent County,Multifamily,0,0,0
2023,51127,New Kent County,Single-family,345,345,121393800
2024,51127,New Kent County,Multifamily,0,0,0
2024,51127,New Kent County,Single-family,453,453,149534000
2025,51127,New Kent County,Multifamily,0,0,0
2025,51127,New Kent County,Single-family,295,295,113047400
2000,51145,Powhatan County,Multifamily,0,0,0
2000,51145,Powhatan County,Single-family,260,260,30480745
2001,51145,Powhatan County,Multifamily,1,2,122000
2001,51145,Powhatan County,Single-family,260,260,33096420
2002,51145,Powhatan County,Multifamily,0,0,0
2002,51145,Powhatan County,Single-family,343,343,48106513
2003,51145,Powhatan County,Multifamily,0,0,0
2003,51145,Powhatan County,Single-family,337,337,51559490
2004,51145,Powhatan County,Multifamily,0,0,0
2004,51145,Powhatan County,Single-family,347,347,76820210
2005,51145,Powhatan County,Multifamily,0,0,0
2005,51145,Powhatan County,Single-family,360,360,86263162
2006,51145,Powhatan County,Multifamily,0,0,0
2006,51145,Powhatan County,Single-family,303,303,80402444
2007,51145,Powhatan County,Multifamily,0,0,0
2007,51145,Powhatan County,Single-family,222,222,62792750
2008,51145,Powhatan County,Multifamily,0,0,0
2008,51145,Powhatan County,Single-family,130,130,32371449
2009,51145,Powhatan County,Multifamily,0,0,0
2009,51145,Powhatan County,Single-family,69,69,13749077
2010,51145,Powhatan County,Multifamily,0,0,0
2010,51145,Powhatan County,Single-family,70,70,16339664
2011,51145,Powhatan County,Multifamily,0,0,0
2011,51145,Powhatan County,Single-family,68,68,16727232
2012,51145,Powhatan County,Multifamily,0,0,0
2012,51145,Powhatan County,Single-family,91,91,27364190
2013,51145,Powhatan County,Multifamily,0,0,0
2013,51145,Powhatan County,Single-family,143,143,36334373
2014,51145,Powhatan County,Multifamily,0,0,0
2014,51145,Powhatan County,Single-family,191,191,51925200
2015,51145,Powhatan County,Multifamily,0,0,0
2015,51145,Powhatan County,Single-family,171,171,41425936
2016,51145,Powhatan County,Multifamily,1,2,182000
2016,51145,Powhatan County,Single-family,208,208,40073895
2017,51145,Powhatan County,Multifamily,0,0,0
2017,51145,Powhatan County,Single-family,223,223,41277853
2018,51145,Powhatan County,Multifamily,0,0,0
2018,51145,Powhatan County,Single-family,191,191,45223669
2019,51145,Powhatan County,Multifamily,0,0,0
2019,51145,Powhatan County,Single-family,238,238,54926429
2020,51145,Powhatan County,Multifamily,1,2,240000
2020,51145,Powhatan County,Single-family,207,207,46481583
2021,51145,Powhatan County,Multifamily,0,0,0
2021,51145,Powhatan County,Single-family,213,213,57451243
2022,51145,Powhatan County,Multifamily,0,0,0
2022,51145,Powhatan County,Single-family,216,216,67701089
2023,51145,Powhatan County,Multifamily,5,10,700000
2023,51145,Powhatan County,Single-family,135,135,35897074
2024,51145,Powhatan County,Multifamily,0,0,0
2024,51145,Powhatan County,Single-family,115,115,30656620
2025,51145,Powhatan County,Multifamily,0,0,0
2025,51145,Powhatan County,Single-family,127,127,48691061
2000,51760,Richmond (Independent City),Multifamily,34,100,5377598
2000,51760,Richmond (Independent City),Single-family,170,170,15852807
2001,51760,Richmond (Independent City),Multifamily,16,104,4461278
2001,51760,Richmond (Independent City),Single-family,179,179,19264826
2002,51760,Richmond (Independent City),Multifamily,40,355,20157906
2002,51760,Richmond (Independent City),Single-family,161,161,18427951
2003,51760,Richmond (Independent City),Multifamily,30,216,12428657
2003,51760,Richmond (Independent City),Single-family,279,279,32241880
2004,51760,Richmond (Independent City),Multifamily,5,79,3432060
2004,51760,Richmond (Independent City),Single-family,319,319,45966074
2005,51760,Richmond (Independent City),Multifamily,14,229,15724964
2005,51760,Richmond (Independent City),Single-family,525,525,84616876
2006,51760,Richmond (Independent City),Multifamily,19,246,16538382
2006,51760,Richmond (Independent City),Single-family,483,483,67583986
2007,51760,Richmond (Independent City),Multifamily,5,208,33512172
2007,51760,Richmond (Independent City),Single-family,356,356,51841292
2008,51760,Richmond (Independent City),Multifamily,7,105,5671186
2008,51760,Richmond (Independent City),Single-family,253,253,39669993
2009,51760,Richmond (Independent City),Multifamily,4,222,11755366
2009,51760,Richmond (Independent City),Single-family,139,139,18226122
2010,51760,Richmond (Independent City),Multifamily,18,481,24808572
2010,51760,Richmond (Independent City),Single-family,126,126,17828923
2011,51760,Richmond (Independent City),Multifamily,10,251,25816672
2011,51760,Richmond (Independent City),Single-family,92,92,14327121
2012,51760,Richmond (Independent City),Multifamily,60,721,48415030
2012,51760,Richmond (Independent City),Single-family,119,119,16806209
2013,51760,Richmond (Independent City),Multifamily,22,743,45013936
2013,51760,Richmond (Independent City),Single-family,106,106,17765805
2014,51760,Richmond (Independent City),Multifamily,25,369,29759978
2014,51760,Richmond (Independent City),Single-family,182,182,29083961
2015,51760,Richmond (Independent City),Multifamily,15,265,15915182
2015,51760,Richmond (Independent City),Single-family,258,258,37018249
2016,51760,Richmond (Independent City),Multifamily,20,230,22622759
2016,51760,Richmond (Independent City),Single-family,280,280,49684756
2017,51760,Richmond (Independent City),Multifamily,18,991,56035511
2017,51760,Richmond (Independent City),Single-family,326,326,66679060
2018,51760,Richmond (Independent City),Multifamily,12,290,22485791
2018,51760,Richmond (Independent City),Single-family,273,273,57560527
2019,51760,Richmond (Independent City),Multifamily,20,887,57140153
2019,51760,Richmond (Independent City),Single-family,353,353,71580518
2020,51760,Richmond (Independent City),Multifamily,11,729,49829076
2020,51760,Richmond (Independent City),Single-family,294,294,59012477
2021,51760,Richmond (Independent City),Multifamily,5,565,41045993
2021,51760,Richmond (Independent City),Single-family,502,502,108266799
2022,51760,Richmond (Independent City),Multifamily,72,2192,180414990
2022,51760,Richmond (Independent City),Single-family,457,457,113041401
2023,51760,Richmond (Independent City),Multifamily,27,1896,123744998
2023,51760,Richmond (Independent City),Single-family,387,387,107793819
2024,51760,Richmond (Independent City),Multifamily,68,2160,232269928
2024,51760,Richmond (Independent City),Single-family,380,380,80158665
2025,51760,Richmond (Independent City),Multifamily,50,2313,320622341
2025,51760,Richmond (Independent City),Single-family,368,368,74518168
