geoid,locality,month,year,filings_count,percent_of_historical_average,defaults_count
51041,Chesterfield,2016-01-01,2016,748,104.25,4
51041,Chesterfield,2016-02-01,2016,545,91.83,301
51041,Chesterfield,2016-03-01,2016,406,78.57,225
51041,Chesterfield,2016-04-01,2016,513,98.65,169
51041,Chesterfield,2016-05-01,2016,604,100.58,227
51041,Chesterfield,2016-06-01,2016,622,98.77,252
51041,Chesterfield,2016-07-01,2016,669,104.86,277
51041,Chesterfield,2016-08-01,2016,569,90.61,263
51041,Chesterfield,2016-09-01,2016,739,108.48,240
51041,Chesterfield,2016-10-01,2016,606,98.18,311
51041,Chesterfield,2016-11-01,2016,582,92.13,243
51041,Chesterfield,2016-12-01,2016,642,113.48,255
51041,Chesterfield,2017-01-01,2017,734,102.3,275
51041,Chesterfield,2017-02-01,2017,637,107.33,311
51041,Chesterfield,2017-03-01,2017,542,104.89,205
51041,Chesterfield,2017-04-01,2017,554,106.54,203
51041,Chesterfield,2017-05-01,2017,624,103.91,230
51041,Chesterfield,2017-06-01,2017,661,104.96,305
51041,Chesterfield,2017-07-01,2017,628,98.43,293
51041,Chesterfield,2017-08-01,2017,658,104.78,259
51041,Chesterfield,2017-09-01,2017,715,104.95,266
51041,Chesterfield,2017-10-01,2017,653,105.79,290
51041,Chesterfield,2017-11-01,2017,643,101.78,291
51041,Chesterfield,2017-12-01,2017,625,110.47,262
51041,Chesterfield,2018-01-01,2018,659,91.85,239
51041,Chesterfield,2018-02-01,2018,605,101.94,285
51041,Chesterfield,2018-03-01,2018,545,105.47,215
51041,Chesterfield,2018-04-01,2018,537,103.27,237
51041,Chesterfield,2018-05-01,2018,574,95.59,223
51041,Chesterfield,2018-06-01,2018,648,102.9,230
51041,Chesterfield,2018-07-01,2018,672,105.33,286
51041,Chesterfield,2018-08-01,2018,669,106.53,257
51041,Chesterfield,2018-09-01,2018,675,99.08,284
51041,Chesterfield,2018-10-01,2018,635,102.88,302
51041,Chesterfield,2018-11-01,2018,643,101.78,274
51041,Chesterfield,2018-12-01,2018,499,88.2,243
51041,Chesterfield,2019-01-01,2019,729,101.6,256
51041,Chesterfield,2019-02-01,2019,587,98.9,293
51041,Chesterfield,2019-03-01,2019,574,111.08,230
51041,Chesterfield,2019-04-01,2019,476,91.54,276
51041,Chesterfield,2019-05-01,2019,600,99.92,216
51041,Chesterfield,2019-06-01,2019,588,93.37,300
51041,Chesterfield,2019-07-01,2019,583,91.38,296
51041,Chesterfield,2019-08-01,2019,616,98.09,271
51041,Chesterfield,2019-09-01,2019,596,87.49,284
51041,Chesterfield,2019-10-01,2019,575,93.16,304
51041,Chesterfield,2019-11-01,2019,659,104.31,248
51041,Chesterfield,2019-12-01,2019,497,87.85,278
51041,Chesterfield,2020-01-01,2020,626,87.25,267
51041,Chesterfield,2020-02-01,2020,487,82.06,320
51041,Chesterfield,2020-03-01,2020,294,56.89,146
51041,Chesterfield,2020-04-01,2020,1,0.19,1
51041,Chesterfield,2020-05-01,2020,43,7.16,0
51041,Chesterfield,2020-06-01,2020,85,13.5,9
51041,Chesterfield,2020-07-01,2020,126,19.75,76
51041,Chesterfield,2020-08-01,2020,138,21.97,62
51041,Chesterfield,2020-09-01,2020,438,64.29,72
51041,Chesterfield,2020-10-01,2020,392,63.51,173
51041,Chesterfield,2020-11-01,2020,119,18.84,45
51041,Chesterfield,2020-12-01,2020,46,8.13,7
51041,Chesterfield,2021-01-01,2021,90,12.54,13
51041,Chesterfield,2021-02-01,2021,92,15.5,24
51041,Chesterfield,2021-03-01,2021,130,25.16,65
51041,Chesterfield,2021-04-01,2021,144,27.69,57
51041,Chesterfield,2021-05-01,2021,102,16.99,37
51041,Chesterfield,2021-06-01,2021,149,23.66,46
51041,Chesterfield,2021-07-01,2021,127,19.91,49
51041,Chesterfield,2021-08-01,2021,275,43.79,39
51041,Chesterfield,2021-09-01,2021,127,18.64,49
51041,Chesterfield,2021-10-01,2021,195,31.59,45
51041,Chesterfield,2021-11-01,2021,198,31.34,49
51041,Chesterfield,2021-12-01,2021,143,25.28,47
51041,Chesterfield,2022-01-01,2022,346,48.22,77
51041,Chesterfield,2022-02-01,2022,424,71.44,120
51041,Chesterfield,2022-03-01,2022,486,94.05,195
51041,Chesterfield,2022-04-01,2022,305,58.65,197
51041,Chesterfield,2022-05-01,2022,396,65.95,130
51041,Chesterfield,2022-06-01,2022,334,53.04,163
51041,Chesterfield,2022-07-01,2022,532,83.39,166
51041,Chesterfield,2022-08-01,2022,790,125.8,188
51041,Chesterfield,2022-09-01,2022,575,84.4,305
51041,Chesterfield,2022-10-01,2022,604,97.85,209
51041,Chesterfield,2022-11-01,2022,518,81.99,219
51041,Chesterfield,2022-12-01,2022,626,110.65,171
51041,Chesterfield,2023-01-01,2023,669,93.24,242
51041,Chesterfield,2023-02-01,2023,571,96.21,231
51041,Chesterfield,2023-03-01,2023,637,123.27,201
51041,Chesterfield,2023-04-01,2023,525,100.96,230
51041,Chesterfield,2023-05-01,2023,708,117.9,217
51041,Chesterfield,2023-06-01,2023,583,92.58,295
51041,Chesterfield,2023-07-01,2023,620,97.18,201
51041,Chesterfield,2023-08-01,2023,637,101.43,221
51041,Chesterfield,2023-09-01,2023,506,74.28,244
51041,Chesterfield,2023-10-01,2023,730,118.27,229
51041,Chesterfield,2023-11-01,2023,504,79.78,241
51041,Chesterfield,2023-12-01,2023,694,122.67,134
51041,Chesterfield,2024-01-01,2024,669,93.24,260
51041,Chesterfield,2024-02-01,2024,570,96.04,274
51041,Chesterfield,2024-03-01,2024,603,116.69,223
51041,Chesterfield,2024-04-01,2024,543,104.42,190
51041,Chesterfield,2024-05-01,2024,558,92.92,207
51041,Chesterfield,2024-06-01,2024,635,100.83,236
51041,Chesterfield,2024-07-01,2024,506,79.31,232
51041,Chesterfield,2024-08-01,2024,726,115.61,220
51041,Chesterfield,2024-09-01,2024,647,94.97,256
51041,Chesterfield,2024-10-01,2024,641,103.85,266
51041,Chesterfield,2024-11-01,2024,610,96.56,245
51041,Chesterfield,2024-12-01,2024,541,95.63,205
51041,Chesterfield,2025-01-01,2025,827,115.26,253
51041,Chesterfield,2025-02-01,2025,677,114.07,196
51041,Chesterfield,2025-03-01,2025,494,95.6,273
51041,Chesterfield,2025-04-01,2025,528,101.54,184
51041,Chesterfield,2025-05-01,2025,657,109.41,241
51041,Chesterfield,2025-06-01,2025,627,99.56,269
51041,Chesterfield,2025-07-01,2025,706,110.66,219
51041,Chesterfield,2025-08-01,2025,669,106.53,251
51041,Chesterfield,2025-09-01,2025,504,73.98,250
51041,Chesterfield,2025-10-01,2025,730,118.27,230
51041,Chesterfield,2025-11-01,2025,624,98.77,247
51041,Chesterfield,2025-12-01,2025,521,92.09,222
51041,Chesterfield,2026-01-01,2026,679,94.63,232
51041,Chesterfield,2026-02-01,2026,640,107.83,263
51041,Chesterfield,2026-03-01,2026,603,116.69,194
51041,Chesterfield,2026-04-01,2026,597,114.81,195
51041,Chesterfield,2026-05-01,2026,556,92.59,236
51041,Chesterfield,2026-06-01,2026,649,103.06,256
51085,Hanover,2016-01-01,2016,61,94.94,NA
51085,Hanover,2016-02-01,2016,74,109.23,21
51085,Hanover,2016-03-01,2016,56,112.56,21
51085,Hanover,2016-04-01,2016,40,82.05,16
51085,Hanover,2016-05-01,2016,74,132.74,15
51085,Hanover,2016-06-01,2016,65,117.65,27
51085,Hanover,2016-07-01,2016,55,92.05,16
51085,Hanover,2016-08-01,2016,77,110.79,13
51085,Hanover,2016-09-01,2016,82,124.71,21
51085,Hanover,2016-10-01,2016,71,115.92,36
51085,Hanover,2016-11-01,2016,99,141.94,19
51085,Hanover,2016-12-01,2016,53,97.25,20
51085,Hanover,2017-01-01,2017,67,104.28,20
51085,Hanover,2017-02-01,2017,73,107.75,24
51085,Hanover,2017-03-01,2017,55,110.55,17
51085,Hanover,2017-04-01,2017,61,125.13,8
51085,Hanover,2017-05-01,2017,53,95.07,29
51085,Hanover,2017-06-01,2017,66,119.46,20
51085,Hanover,2017-07-01,2017,73,122.18,20
51085,Hanover,2017-08-01,2017,73,105.04,24
51085,Hanover,2017-09-01,2017,101,153.61,24
51085,Hanover,2017-10-01,2017,62,101.22,33
51085,Hanover,2017-11-01,2017,61,87.46,22
51085,Hanover,2017-12-01,2017,59,108.26,16
51085,Hanover,2018-01-01,2018,65,101.17,21
51085,Hanover,2018-02-01,2018,73,107.75,25
51085,Hanover,2018-03-01,2018,51,102.51,26
51085,Hanover,2018-04-01,2018,56,114.87,15
51085,Hanover,2018-05-01,2018,52,93.27,13
51085,Hanover,2018-06-01,2018,63,114.03,28
51085,Hanover,2018-07-01,2018,52,87.03,37
51085,Hanover,2018-08-01,2018,73,105.04,22
51085,Hanover,2018-09-01,2018,36,54.75,22
51085,Hanover,2018-10-01,2018,68,111.02,31
51085,Hanover,2018-11-01,2018,59,84.59,12
51085,Hanover,2018-12-01,2018,50,91.74,28
51085,Hanover,2019-01-01,2019,64,99.61,23
51085,Hanover,2019-02-01,2019,51,75.28,24
51085,Hanover,2019-03-01,2019,37,74.37,20
51085,Hanover,2019-04-01,2019,38,77.95,8
51085,Hanover,2019-05-01,2019,44,78.92,19
51085,Hanover,2019-06-01,2019,27,48.87,13
51085,Hanover,2019-07-01,2019,59,98.74,15
51085,Hanover,2019-08-01,2019,55,79.14,15
51085,Hanover,2019-09-01,2019,44,66.92,23
51085,Hanover,2019-10-01,2019,44,71.84,9
51085,Hanover,2019-11-01,2019,60,86.02,13
51085,Hanover,2019-12-01,2019,56,102.75,25
51085,Hanover,2020-01-01,2020,48,74.71,31
51085,Hanover,2020-02-01,2020,71,104.8,14
51085,Hanover,2020-03-01,2020,19,38.19,2
51085,Hanover,2020-04-01,2020,7,14.36,NA
51085,Hanover,2020-05-01,2020,10,17.94,7
51085,Hanover,2020-06-01,2020,2,3.62,5
51085,Hanover,2020-07-01,2020,17,28.45,6
51085,Hanover,2020-08-01,2020,28,40.29,8
51085,Hanover,2020-09-01,2020,25,38.02,8
51085,Hanover,2020-10-01,2020,35,57.14,4
51085,Hanover,2020-11-01,2020,17,24.37,5
51085,Hanover,2020-12-01,2020,10,18.35,1
51085,Hanover,2021-01-01,2021,12,18.68,5
51085,Hanover,2021-02-01,2021,7,10.33,0
51085,Hanover,2021-03-01,2021,16,32.16,6
51085,Hanover,2021-04-01,2021,13,26.67,2
51085,Hanover,2021-05-01,2021,10,17.94,3
51085,Hanover,2021-06-01,2021,20,36.2,5
51085,Hanover,2021-07-01,2021,8,13.39,1
51085,Hanover,2021-08-01,2021,19,27.34,5
51085,Hanover,2021-09-01,2021,12,18.25,2
51085,Hanover,2021-10-01,2021,15,24.49,2
51085,Hanover,2021-11-01,2021,14,20.07,5
51085,Hanover,2021-12-01,2021,18,33.03,5
51085,Hanover,2022-01-01,2022,13,20.23,3
51085,Hanover,2022-02-01,2022,15,22.14,3
51085,Hanover,2022-03-01,2022,26,52.26,6
51085,Hanover,2022-04-01,2022,15,30.77,3
51085,Hanover,2022-05-01,2022,17,30.49,5
51085,Hanover,2022-06-01,2022,22,39.82,3
51085,Hanover,2022-07-01,2022,40,66.95,10
51085,Hanover,2022-08-01,2022,44,63.31,8
51085,Hanover,2022-09-01,2022,43,65.4,5
51085,Hanover,2022-10-01,2022,50,81.63,19
51085,Hanover,2022-11-01,2022,44,63.08,15
51085,Hanover,2022-12-01,2022,38,69.72,7
51085,Hanover,2023-01-01,2023,58,90.27,12
51085,Hanover,2023-02-01,2023,19,28.04,12
51085,Hanover,2023-03-01,2023,31,62.31,7
51085,Hanover,2023-04-01,2023,32,65.64,6
51085,Hanover,2023-05-01,2023,22,39.46,18
51085,Hanover,2023-06-01,2023,41,74.21,6
51085,Hanover,2023-07-01,2023,45,75.31,9
51085,Hanover,2023-08-01,2023,52,74.82,9
51085,Hanover,2023-09-01,2023,28,42.59,15
51085,Hanover,2023-10-01,2023,61,99.59,8
51085,Hanover,2023-11-01,2023,45,64.52,13
51085,Hanover,2023-12-01,2023,56,102.75,20
51085,Hanover,2024-01-01,2024,39,60.7,10
51085,Hanover,2024-02-01,2024,42,61.99,18
51085,Hanover,2024-03-01,2024,37,74.37,12
51085,Hanover,2024-04-01,2024,39,80,16
51085,Hanover,2024-05-01,2024,46,82.51,17
51085,Hanover,2024-06-01,2024,30,54.3,14
51085,Hanover,2024-07-01,2024,33,55.23,14
51085,Hanover,2024-08-01,2024,46,66.19,14
51085,Hanover,2024-09-01,2024,48,73,10
51085,Hanover,2024-10-01,2024,43,70.2,14
51085,Hanover,2024-11-01,2024,51,73.12,13
51085,Hanover,2024-12-01,2024,41,75.23,15
51085,Hanover,2025-01-01,2025,54,84.05,26
51085,Hanover,2025-02-01,2025,46,67.9,15
51085,Hanover,2025-03-01,2025,43,86.43,9
51085,Hanover,2025-04-01,2025,37,75.9,17
51085,Hanover,2025-05-01,2025,32,57.4,9
51085,Hanover,2025-06-01,2025,43,77.83,12
51085,Hanover,2025-07-01,2025,74,123.85,18
51085,Hanover,2025-08-01,2025,64,92.09,25
51085,Hanover,2025-09-01,2025,35,53.23,18
51085,Hanover,2025-10-01,2025,66,107.76,7
51085,Hanover,2025-11-01,2025,49,70.25,23
51085,Hanover,2025-12-01,2025,34,62.39,6
51085,Hanover,2026-01-01,2026,61,94.94,8
51085,Hanover,2026-02-01,2026,75,110.7,18
51085,Hanover,2026-03-01,2026,48,96.48,27
51085,Hanover,2026-04-01,2026,56,114.87,10
51085,Hanover,2026-05-01,2026,56,100.45,9
51085,Hanover,2026-06-01,2026,60,108.6,24
51087,Henrico,2016-01-01,2016,1083,95.31,6
51087,Henrico,2016-02-01,2016,1005,107.23,558
51087,Henrico,2016-03-01,2016,776,102.88,401
51087,Henrico,2016-04-01,2016,954,119.1,390
51087,Henrico,2016-05-01,2016,1002,105.67,418
51087,Henrico,2016-06-01,2016,1111,102.44,487
51087,Henrico,2016-07-01,2016,1171,106.33,523
51087,Henrico,2016-08-01,2016,1073,104.38,589
51087,Henrico,2016-09-01,2016,1161,117.42,506
51087,Henrico,2016-10-01,2016,1020,96.55,545
51087,Henrico,2016-11-01,2016,954,97,537
51087,Henrico,2016-12-01,2016,890,96.58,461
51087,Henrico,2017-01-01,2017,1135,99.89,437
51087,Henrico,2017-02-01,2017,948,101.15,557
51087,Henrico,2017-03-01,2017,772,102.35,465
51087,Henrico,2017-04-01,2017,797,99.5,299
51087,Henrico,2017-05-01,2017,894,94.28,407
51087,Henrico,2017-06-01,2017,1095,100.97,451
51087,Henrico,2017-07-01,2017,1104,100.25,499
51087,Henrico,2017-08-01,2017,1015,98.74,499
51087,Henrico,2017-09-01,2017,1078,109.03,493
51087,Henrico,2017-10-01,2017,1052,99.57,482
51087,Henrico,2017-11-01,2017,913,92.83,480
51087,Henrico,2017-12-01,2017,859,93.22,395
51087,Henrico,2018-01-01,2018,1102,96.99,478
51087,Henrico,2018-02-01,2018,905,96.56,443
51087,Henrico,2018-03-01,2018,754,99.97,401
51087,Henrico,2018-04-01,2018,885,110.49,302
51087,Henrico,2018-05-01,2018,1022,107.78,393
51087,Henrico,2018-06-01,2018,1106,101.98,521
51087,Henrico,2018-07-01,2018,1324,120.23,605
51087,Henrico,2018-08-01,2018,1049,102.04,600
51087,Henrico,2018-09-01,2018,888,89.81,544
51087,Henrico,2018-10-01,2018,1295,122.57,560
51087,Henrico,2018-11-01,2018,1197,121.71,569
51087,Henrico,2018-12-01,2018,1100,119.37,667
51087,Henrico,2019-01-01,2019,1225,107.81,588
51087,Henrico,2019-02-01,2019,891,95.07,610
51087,Henrico,2019-03-01,2019,715,94.8,399
51087,Henrico,2019-04-01,2019,568,70.91,322
51087,Henrico,2019-05-01,2019,875,92.28,358
51087,Henrico,2019-06-01,2019,1026,94.61,420
51087,Henrico,2019-07-01,2019,806,73.19,528
51087,Henrico,2019-08-01,2019,975,94.84,364
51087,Henrico,2019-09-01,2019,828,83.74,437
51087,Henrico,2019-10-01,2019,859,81.31,446
51087,Henrico,2019-11-01,2019,870,88.46,403
51087,Henrico,2019-12-01,2019,837,90.83,450
51087,Henrico,2020-01-01,2020,995,87.57,440
51087,Henrico,2020-02-01,2020,818,87.28,428
51087,Henrico,2020-03-01,2020,482,63.9,218
51087,Henrico,2020-04-01,2020,58,7.24,0
51087,Henrico,2020-05-01,2020,60,6.33,2
51087,Henrico,2020-06-01,2020,103,9.5,2
51087,Henrico,2020-07-01,2020,151,13.71,151
51087,Henrico,2020-08-01,2020,140,13.62,140
51087,Henrico,2020-09-01,2020,730,73.83,120
51087,Henrico,2020-10-01,2020,620,58.68,375
51087,Henrico,2020-11-01,2020,231,23.49,105
51087,Henrico,2020-12-01,2020,38,4.12,6
51087,Henrico,2021-01-01,2021,163,14.35,38
51087,Henrico,2021-02-01,2021,133,14.19,58
51087,Henrico,2021-03-01,2021,162,21.48,77
51087,Henrico,2021-04-01,2021,200,24.97,98
51087,Henrico,2021-05-01,2021,124,13.08,85
51087,Henrico,2021-06-01,2021,266,24.53,72
51087,Henrico,2021-07-01,2021,192,17.43,91
51087,Henrico,2021-08-01,2021,394,38.33,83
51087,Henrico,2021-09-01,2021,127,12.84,45
51087,Henrico,2021-10-01,2021,203,19.21,52
51087,Henrico,2021-11-01,2021,357,36.3,56
51087,Henrico,2021-12-01,2021,322,34.94,43
51087,Henrico,2022-01-01,2022,84,7.39,72
51087,Henrico,2022-02-01,2022,187,19.95,63
51087,Henrico,2022-03-01,2022,455,60.32,105
51087,Henrico,2022-04-01,2022,392,48.94,130
51087,Henrico,2022-05-01,2022,339,35.75,102
51087,Henrico,2022-06-01,2022,756,69.71,161
51087,Henrico,2022-07-01,2022,749,68.01,134
51087,Henrico,2022-08-01,2022,937,91.15,315
51087,Henrico,2022-09-01,2022,932,94.26,399
51087,Henrico,2022-10-01,2022,912,86.32,335
51087,Henrico,2022-11-01,2022,759,77.17,361
51087,Henrico,2022-12-01,2022,846,91.81,277
51087,Henrico,2023-01-01,2023,844,74.28,350
51087,Henrico,2023-02-01,2023,770,82.16,278
51087,Henrico,2023-03-01,2023,836,110.84,317
51087,Henrico,2023-04-01,2023,849,105.99,312
51087,Henrico,2023-05-01,2023,870,91.75,306
51087,Henrico,2023-06-01,2023,895,82.53,360
51087,Henrico,2023-07-01,2023,895,81.27,281
51087,Henrico,2023-08-01,2023,948,92.22,252
51087,Henrico,2023-09-01,2023,917,92.74,414
51087,Henrico,2023-10-01,2023,1119,105.92,407
51087,Henrico,2023-11-01,2023,925,94.05,250
51087,Henrico,2023-12-01,2023,887,96.26,297
51087,Henrico,2024-01-01,2024,877,77.18,395
51087,Henrico,2024-02-01,2024,889,94.85,325
51087,Henrico,2024-03-01,2024,865,114.68,269
51087,Henrico,2024-04-01,2024,808,100.87,316
51087,Henrico,2024-05-01,2024,827,87.21,318
51087,Henrico,2024-06-01,2024,934,86.12,363
51087,Henrico,2024-07-01,2024,930,84.45,357
51087,Henrico,2024-08-01,2024,868,84.44,382
51087,Henrico,2024-09-01,2024,1143,115.6,342
51087,Henrico,2024-10-01,2024,1003,94.94,334
51087,Henrico,2024-11-01,2024,1020,103.71,344
51087,Henrico,2024-12-01,2024,987,107.11,380
51087,Henrico,2025-01-01,2025,1160,102.09,321
51087,Henrico,2025-02-01,2025,773,82.48,403
51087,Henrico,2025-03-01,2025,789,104.61,340
51087,Henrico,2025-04-01,2025,884,110.36,294
51087,Henrico,2025-05-01,2025,939,99.02,279
51087,Henrico,2025-06-01,2025,779,71.83,380
51087,Henrico,2025-07-01,2025,970,88.08,348
51087,Henrico,2025-08-01,2025,856,83.27,382
51087,Henrico,2025-09-01,2025,880,89,322
51087,Henrico,2025-10-01,2025,863,81.68,346
51087,Henrico,2025-11-01,2025,796,80.94,284
51087,Henrico,2025-12-01,2025,775,84.1,265
51087,Henrico,2026-01-01,2026,774,68.12,300
51087,Henrico,2026-02-01,2026,1025,109.36,330
51087,Henrico,2026-03-01,2026,778,103.15,350
51087,Henrico,2026-04-01,2026,878,109.61,277
51087,Henrico,2026-05-01,2026,839,88.48,368
51087,Henrico,2026-06-01,2026,765,70.54,226
51760,Richmond city,2016-01-01,2016,1622,95.09,82
51760,Richmond city,2016-02-01,2016,1385,99.37,719
51760,Richmond city,2016-03-01,2016,1212,99.16,536
51760,Richmond city,2016-04-01,2016,1387,112.28,535
51760,Richmond city,2016-05-01,2016,1496,109.48,673
51760,Richmond city,2016-06-01,2016,1722,109.45,785
51760,Richmond city,2016-07-01,2016,1622,106.1,827
51760,Richmond city,2016-08-01,2016,1454,100.36,827
51760,Richmond city,2016-09-01,2016,1628,107.05,682
51760,Richmond city,2016-10-01,2016,1602,107.1,746
51760,Richmond city,2016-11-01,2016,1510,114.07,728
51760,Richmond city,2016-12-01,2016,1463,117.91,616
51760,Richmond city,2017-01-01,2017,1849,108.4,721
51760,Richmond city,2017-02-01,2017,1463,104.97,837
51760,Richmond city,2017-03-01,2017,1196,97.85,609
51760,Richmond city,2017-04-01,2017,1251,101.28,564
51760,Richmond city,2017-05-01,2017,1378,100.84,619
51760,Richmond city,2017-06-01,2017,1668,106.02,613
51760,Richmond city,2017-07-01,2017,1558,101.91,802
51760,Richmond city,2017-08-01,2017,1582,109.2,697
51760,Richmond city,2017-09-01,2017,1601,105.28,726
51760,Richmond city,2017-10-01,2017,1569,104.9,805
51760,Richmond city,2017-11-01,2017,1271,96.02,734
51760,Richmond city,2017-12-01,2017,1370,110.42,655
51760,Richmond city,2018-01-01,2018,1640,96.15,654
51760,Richmond city,2018-02-01,2018,1471,105.54,744
51760,Richmond city,2018-03-01,2018,1315,107.59,657
51760,Richmond city,2018-04-01,2018,1287,104.19,490
51760,Richmond city,2018-05-01,2018,1313,96.08,565
51760,Richmond city,2018-06-01,2018,1651,104.94,600
51760,Richmond city,2018-07-01,2018,1498,97.99,748
51760,Richmond city,2018-08-01,2018,1444,99.67,665
51760,Richmond city,2018-09-01,2018,1407,92.52,683
51760,Richmond city,2018-10-01,2018,1515,101.29,675
51760,Richmond city,2018-11-01,2018,1428,107.88,618
51760,Richmond city,2018-12-01,2018,1182,95.26,726
51760,Richmond city,2019-01-01,2019,1712,100.37,620
51760,Richmond city,2019-02-01,2019,1256,90.12,745
51760,Richmond city,2019-03-01,2019,1166,95.4,614
51760,Richmond city,2019-04-01,2019,1016,82.25,561
51760,Richmond city,2019-05-01,2019,1279,93.6,533
51760,Richmond city,2019-06-01,2019,1252,79.58,619
51760,Richmond city,2019-07-01,2019,1437,94,610
51760,Richmond city,2019-08-01,2019,1315,90.77,689
51760,Richmond city,2019-09-01,2019,1447,95.15,664
51760,Richmond city,2019-10-01,2019,1297,86.71,669
51760,Richmond city,2019-11-01,2019,1086,82.04,493
51760,Richmond city,2019-12-01,2019,948,76.41,502
51760,Richmond city,2020-01-01,2020,1280,75.04,503
51760,Richmond city,2020-02-01,2020,1067,76.56,545
51760,Richmond city,2020-03-01,2020,691,56.54,194
51760,Richmond city,2020-04-01,2020,213,17.24,2
51760,Richmond city,2020-05-01,2020,311,22.76,3
51760,Richmond city,2020-06-01,2020,103,6.55,45
51760,Richmond city,2020-07-01,2020,395,25.84,221
51760,Richmond city,2020-08-01,2020,510,35.2,125
51760,Richmond city,2020-09-01,2020,895,58.85,514
51760,Richmond city,2020-10-01,2020,826,55.22,353
51760,Richmond city,2020-11-01,2020,241,18.21,191
51760,Richmond city,2020-12-01,2020,78,6.29,25
51760,Richmond city,2021-01-01,2021,225,13.19,46
51760,Richmond city,2021-02-01,2021,181,12.99,85
51760,Richmond city,2021-03-01,2021,331,27.08,83
51760,Richmond city,2021-04-01,2021,240,19.43,92
51760,Richmond city,2021-05-01,2021,289,21.15,74
51760,Richmond city,2021-06-01,2021,214,13.6,86
51760,Richmond city,2021-07-01,2021,354,23.16,62
51760,Richmond city,2021-08-01,2021,406,28.02,50
51760,Richmond city,2021-09-01,2021,258,16.97,48
51760,Richmond city,2021-10-01,2021,267,17.85,61
51760,Richmond city,2021-11-01,2021,230,17.37,50
51760,Richmond city,2021-12-01,2021,165,13.3,30
51760,Richmond city,2022-01-01,2022,226,13.25,48
51760,Richmond city,2022-02-01,2022,380,27.26,67
51760,Richmond city,2022-03-01,2022,570,46.64,85
51760,Richmond city,2022-04-01,2022,530,42.91,172
51760,Richmond city,2022-05-01,2022,443,32.42,166
51760,Richmond city,2022-06-01,2022,626,39.79,153
51760,Richmond city,2022-07-01,2022,966,63.19,117
51760,Richmond city,2022-08-01,2022,1148,79.24,291
51760,Richmond city,2022-09-01,2022,1149,75.55,454
51760,Richmond city,2022-10-01,2022,1302,87.05,430
51760,Richmond city,2022-11-01,2022,1148,86.72,380
51760,Richmond city,2022-12-01,2022,998,80.44,476
51760,Richmond city,2023-01-01,2023,1049,61.5,390
51760,Richmond city,2023-02-01,2023,1190,85.38,326
51760,Richmond city,2023-03-01,2023,1216,99.49,424
51760,Richmond city,2023-04-01,2023,971,78.61,361
51760,Richmond city,2023-05-01,2023,1002,73.33,390
51760,Richmond city,2023-06-01,2023,1166,74.11,396
51760,Richmond city,2023-07-01,2023,1008,65.94,351
51760,Richmond city,2023-08-01,2023,1072,73.99,262
51760,Richmond city,2023-09-01,2023,955,62.8,402
51760,Richmond city,2023-10-01,2023,1162,77.69,281
51760,Richmond city,2023-11-01,2023,1008,76.15,407
51760,Richmond city,2023-12-01,2023,1027,82.77,326
51760,Richmond city,2024-01-01,2024,1151,67.48,418
51760,Richmond city,2024-02-01,2024,1183,84.88,404
51760,Richmond city,2024-03-01,2024,1260,103.09,396
51760,Richmond city,2024-04-01,2024,852,68.97,375
51760,Richmond city,2024-05-01,2024,1257,91.99,459
51760,Richmond city,2024-06-01,2024,1391,88.42,460
51760,Richmond city,2024-07-01,2024,1254,82.03,528
51760,Richmond city,2024-08-01,2024,1231,84.97,442
51760,Richmond city,2024-09-01,2024,1029,67.66,445
51760,Richmond city,2024-10-01,2024,1297,86.71,406
51760,Richmond city,2024-11-01,2024,1077,81.36,417
51760,Richmond city,2024-12-01,2024,1040,83.82,361
51760,Richmond city,2025-01-01,2025,1441,84.48,411
51760,Richmond city,2025-02-01,2025,780,55.96,452
51760,Richmond city,2025-03-01,2025,1166,95.4,548
51760,Richmond city,2025-04-01,2025,871,70.51,477
51760,Richmond city,2025-05-01,2025,1264,92.5,425
51760,Richmond city,2025-06-01,2025,1083,68.84,407
51760,Richmond city,2025-07-01,2025,1197,78.3,560
51760,Richmond city,2025-08-01,2025,1104,76.2,441
51760,Richmond city,2025-09-01,2025,1019,67.01,490
51760,Richmond city,2025-10-01,2025,1392,93.06,472
51760,Richmond city,2025-11-01,2025,940,71.01,479
51760,Richmond city,2025-12-01,2025,1236,99.62,313
51760,Richmond city,2026-01-01,2026,1047,61.38,572
51760,Richmond city,2026-02-01,2026,1364,97.87,457
51760,Richmond city,2026-03-01,2026,1177,96.3,585
51760,Richmond city,2026-04-01,2026,1108,89.7,440
51760,Richmond city,2026-05-01,2026,1138,83.28,517
51760,Richmond city,2026-06-01,2026,666,42.33,456
