nhpd_property_id,geoid,county,property_name,total_units,latest_end_date,expire_window,lihtc,number_active_section8,number_active_public_housing,number_active_home,number_active_hud_insured,number_active_section515,number_active_pbv,number_active_nhtf,number_active_section202,number_active_section538
1000734,51760,Richmond,BLACKWELL SENIOR COTTAGES,14,NA,No listed expiration,FALSE,0,1,0,0,0,0,0,0,0
1007796,51760,Richmond,CHESTERFIELD SQUARE,175,2048-05-01T00:00:00Z,2041 and later,FALSE,1,0,0,1,0,0,0,0,0
1007804,51760,Richmond,HATCHER TOBACCO FLATS,152,2051-12-01T00:00:00Z,2041 and later,TRUE,0,0,0,1,0,0,0,0,0
1007833,51087,Henrico,HOLLYBROOK APARTMENTS,60,2033-06-01T00:00:00Z,2031-2035,FALSE,2,0,0,1,0,0,0,0,0
1010427,51760,Richmond,JAMES RIVER APARTMENTS,14,2048-03-31T00:00:00Z,2041 and later,FALSE,1,0,2,0,0,0,0,0,0
1021232,51041,Chesterfield,ROCKWOOD VILLAGE,83,2040-08-31T00:00:00Z,2036-2040,FALSE,1,0,0,0,0,0,0,0,0
1021344,51087,Henrico,SAINT LUKE APARTMENTS AKA ESSEX VILLAGE,496,2052-01-01T00:00:00Z,2041 and later,TRUE,1,0,0,0,0,0,0,0,0
1021346,51760,Richmond,MONARCH WOODS,71,2044-01-31T00:00:00Z,2041 and later,FALSE,1,0,0,0,0,0,0,0,0
1024000,51041,Chesterfield,CHESTER VILLAGE GREEN APARTMENTS,163,2056-11-01T00:00:00Z,2041 and later,TRUE,0,0,0,2,0,0,0,0,0
1094276,51087,Henrico,MAPLE WOOD APARTMENTS,112,2040-12-01T00:00:00Z,2036-2040,FALSE,1,0,0,1,0,0,0,0,0
1094279,51760,Richmond,CHIPPENHAM PLACE,144,2045-07-31T00:00:00Z,2041 and later,TRUE,1,0,0,0,0,0,0,0,0
1094285,51041,Chesterfield,CHESTERFIELD M R,6,2037-12-31T00:00:00Z,2036-2040,FALSE,1,0,0,0,0,0,0,0,0
1094289,51760,Richmond,CHURCH HILL,297,2042-12-31T00:00:00Z,2041 and later,TRUE,1,0,0,0,0,0,0,0,0
1094291,51760,Richmond,BLUE RIDGE ESTATES,182,2053-08-01T00:00:00Z,2041 and later,TRUE,1,0,0,1,0,0,0,0,0
1094293,51760,Richmond,CHARNWOOD FOREST,100,2032-09-01T00:00:00Z,2031-2035,TRUE,1,0,0,0,0,0,0,0,0
1094297,51085,Hanover,CHRISTIAN VILLAGE OF CENTRAL VIRGINIA,72,2032-08-31T00:00:00Z,2031-2035,FALSE,1,0,0,0,0,0,0,0,0
1094312,51760,Richmond,SHOCKOE HILL ELDERLY I,113,2041-03-31T00:00:00Z,2041 and later,TRUE,1,0,0,0,0,0,0,0,0
1094319,51041,Chesterfield,IVERSON ROAD GROUP HOME,3,2036-12-31T00:00:00Z,2036-2040,FALSE,1,0,0,0,0,0,0,0,0
1094326,51760,Richmond,SAINTS COSMA & DAMIANOS HOUSE,35,2044-10-31T00:00:00Z,2041 and later,FALSE,1,0,0,0,0,0,0,0,0
1094328,51041,Chesterfield,TERJO LANE GROUP HOME,3,2036-07-14T00:00:00Z,2036-2040,FALSE,1,0,0,0,0,0,0,0,0
1094343,51041,Chesterfield,CHESTERFIELD ALTERNATIVES GROUP HOME,8,2034-04-30T00:00:00Z,2031-2035,FALSE,1,0,0,0,0,0,0,0,0
1094350,51087,Henrico,COVENTRY GARDEN APARTMENTS,176,2042-01-01T00:00:00Z,2041 and later,TRUE,1,0,0,0,0,0,0,0,0
1094351,51087,Henrico,COUNTRY PLACE,102,2044-11-01T00:00:00Z,2041 and later,TRUE,1,0,0,0,0,0,0,0,0
1094366,51087,Henrico,MARYWOOD,112,2034-01-10T00:00:00Z,2031-2035,FALSE,1,0,0,1,0,0,0,0,0
1094390,51087,Henrico,NEWBRIDGE VILLAGE APARTMENTS,152,2050-01-01T00:00:00Z,2041 and later,TRUE,1,0,0,0,0,0,0,0,0
1094392,51087,Henrico,THE WOODLANDS,100,2034-08-31T00:00:00Z,2031-2035,FALSE,1,0,0,0,0,0,0,0,0
1094408,51760,Richmond,NEWMAN VILLAGE APARTMENTS,99,2041-01-01T00:00:00Z,2041 and later,TRUE,1,0,0,0,0,0,0,0,0
1094416,51041,Chesterfield,EASTMAN ROAD GROUP HOME,4,2035-01-31T00:00:00Z,2031-2035,FALSE,1,0,0,0,0,0,0,0,0
1094454,51041,Chesterfield,WINTERSHILL CIRCLE GROUP HOME,3,2036-07-31T00:00:00Z,2036-2040,FALSE,1,0,0,0,0,0,0,0,0
1094460,51087,Henrico,WOODMAN WEST,197,2044-04-30T00:00:00Z,2041 and later,TRUE,1,0,0,0,0,0,0,0,0
1094478,51760,Richmond,OLIVER CROSSING APARTMENTS,223,2052-03-01T00:00:00Z,2041 and later,TRUE,1,0,0,1,0,0,0,0,0
1094482,51087,Henrico,WILLIAMSBURG VILLAGE,140,2035-10-31T00:00:00Z,2031-2035,TRUE,1,0,0,0,0,0,0,0,0
1094518,51760,Richmond,FOXWOOD,158,2033-01-01T00:00:00Z,2031-2035,TRUE,2,0,0,0,0,0,0,0,0
1094522,51760,Richmond,RANDOLPH PLACE,50,2038-01-01T00:00:00Z,2036-2040,TRUE,1,0,0,0,0,0,0,0,0
1094541,51760,Richmond,RANDOLPH VILLAGE APARTMENTS,91,2033-01-01T00:00:00Z,2031-2035,TRUE,1,0,0,0,0,0,0,0,0
1094544,51087,Henrico,HOPE VILLAGE APARTMENTS,100,2038-07-31T00:00:00Z,2036-2040,TRUE,1,0,0,0,0,0,0,0,0
1094549,51760,Richmond,RENAISSANCE,240,2038-12-31T00:00:00Z,2036-2040,TRUE,1,0,0,0,0,0,0,0,0
1094557,51041,Chesterfield,PRESTONWOOD GROUP HOME,4,2035-11-30T00:00:00Z,2031-2035,FALSE,1,0,0,0,0,0,0,0,0
1094562,51041,Chesterfield,COLONIAL RIDGE APARTMENTS,292,2059-03-01T00:00:00Z,2041 and later,FALSE,1,0,0,1,0,0,0,0,0
1094568,51087,Henrico,PLACE ONE,114,2062-09-01T00:00:00Z,2041 and later,TRUE,1,0,0,1,0,0,0,0,0
1094572,51041,Chesterfield,RIDGE RUN GROUP HOME,3,2035-04-30T00:00:00Z,2031-2035,FALSE,1,0,0,0,0,0,0,0,0
1094573,51041,Chesterfield,GATEWAY FARM,16,2034-06-21T00:00:00Z,2031-2035,FALSE,1,0,0,0,0,0,0,1,0
1094575,51760,Richmond,BLILEY MANOR,8,2034-02-28T00:00:00Z,2031-2035,FALSE,1,0,0,0,0,0,0,0,0
1094585,51760,Richmond,CHEROKEE HILL OF RICHMOND AKA STRATFORD HOUSE,8,2034-02-28T00:00:00Z,2031-2035,FALSE,1,0,0,0,0,0,0,0,0
1094615,51085,Hanover,HARBOUR SQUARE,100,2051-01-01T00:00:00Z,2041 and later,TRUE,1,0,0,0,0,0,0,0,0
1094634,51760,Richmond,GRACE PLACE,58,2032-01-01T00:00:00Z,2031-2035,TRUE,0,0,0,0,0,0,0,0,0
1094640,51041,Chesterfield,IVY WALK I,248,2037-01-01T00:00:00Z,2036-2040,TRUE,0,0,0,0,0,0,0,0,0
1094671,51760,Richmond,HIGHLAND PARK SENIOR APARTMENTS,77,2036-11-30T00:00:00Z,2036-2040,FALSE,1,0,1,0,0,0,0,0,0
1094687,51760,Richmond,SWANSBORO APARTMENTS,121,2033-01-01T00:00:00Z,2031-2035,TRUE,0,0,0,0,0,0,0,0,0
1094699,51041,Chesterfield,BROADWATER I,150,2033-01-01T00:00:00Z,2031-2035,TRUE,0,0,0,0,0,0,0,0,0
1094707,51760,Richmond,FOREST CREEK,94,2033-01-01T00:00:00Z,2031-2035,TRUE,0,0,0,0,0,0,0,0,0
1094723,51041,Chesterfield,MARKET SQUARE II,42,2035-01-01T00:00:00Z,2031-2035,TRUE,0,0,0,0,0,0,0,0,0
1094725,51760,Richmond,MAURY PARK,45,2033-01-01T00:00:00Z,2031-2035,TRUE,0,0,0,0,0,0,0,0,0
1094729,51087,Henrico,REFLECTIONS SENIOR LIVING,104,2033-01-01T00:00:00Z,2031-2035,TRUE,0,0,0,0,0,0,0,0,0
1094734,51041,Chesterfield,MALLARD COVE II,144,2030-01-01T00:00:00Z,2026-2030,TRUE,0,0,0,0,0,0,0,0,0
1094736,51760,Richmond,NEW CLAY HOUSE II,81,2051-03-01T00:00:00Z,2041 and later,TRUE,0,0,1,0,0,1,1,0,0
1094769,51085,Hanover,BEAVERDAM CREEK,120,2030-01-01T00:00:00Z,2026-2030,TRUE,0,0,0,0,0,0,0,0,0
1094770,51760,Richmond,CARY 2000 NORTH PHASE II,28,2032-01-01T00:00:00Z,2031-2035,TRUE,0,0,0,0,0,0,0,0,0
1094784,51760,Richmond,LINCOLN MEWS I,115,2040-01-01T00:00:00Z,2036-2040,TRUE,0,0,0,0,0,0,0,0,0
1094804,51041,Chesterfield,ARBOR LAKE,126,2028-01-01T00:00:00Z,2026-2030,TRUE,0,0,0,0,0,0,0,0,0
1094805,51041,Chesterfield,BROADWATER II,73,2035-01-01T00:00:00Z,2031-2035,TRUE,0,0,0,0,0,0,0,0,0
1094810,51760,Richmond,TUSCANY TOWNHOMES,132,2044-01-01T00:00:00Z,2041 and later,TRUE,0,0,0,0,0,0,0,0,0
1094820,51760,Richmond,DUNSTON MANOR,102,2028-01-01T00:00:00Z,2026-2030,TRUE,0,0,0,0,0,0,0,0,0
1094834,51760,Richmond,MARKET SLIP,30,2028-01-01T00:00:00Z,2026-2030,TRUE,0,0,0,0,0,0,0,0,0
1094838,51087,Henrico,CARTER WOODS II,80,2037-01-01T00:00:00Z,2036-2040,TRUE,0,0,0,0,0,0,0,0,0
1094849,51760,Richmond,STUDIOS II,59,2046-01-01T00:00:00Z,2041 and later,TRUE,0,0,3,0,0,1,0,0,0
1094863,51760,Richmond,BOWLER RETIREMENT COMMUNITY,62,2035-01-01T00:00:00Z,2031-2035,TRUE,0,0,0,0,0,0,0,0,0
1094864,51760,Richmond,IMANI MEWS & RETAIL CENTER,68,2036-01-01T00:00:00Z,2036-2040,TRUE,0,0,0,0,0,0,0,0,0
1094867,51760,Richmond,CARY 2000 PHASE III,29,2036-01-01T00:00:00Z,2036-2040,TRUE,0,0,0,0,0,0,0,0,0
1094869,51085,Hanover,CHICKAHOMINY BLUFF,120,2027-01-01T00:00:00Z,2026-2030,TRUE,0,0,0,0,0,0,0,0,0
1094874,51760,Richmond,MCGUIRE PARK,80,2037-01-01T00:00:00Z,2036-2040,TRUE,0,0,0,0,0,0,0,0,0
1094878,51760,Richmond,NORTH COURT APARTMENTS,266,2035-01-01T00:00:00Z,2031-2035,TRUE,0,0,0,0,0,0,0,0,0
1094879,51087,Henrico,LAWNDALE FARMS,50,2027-01-01T00:00:00Z,2026-2030,TRUE,0,0,0,0,0,0,0,0,0
1094900,51087,Henrico,SUMMERDALE,124,2036-01-01T00:00:00Z,2036-2040,TRUE,0,0,0,0,0,0,0,0,0
1094904,51760,Richmond,WILLIAM BYRD,104,2032-07-12T00:00:00Z,2031-2035,TRUE,0,0,1,0,0,0,0,0,0
1094913,51087,Henrico,DELMONT VILLAGE,94,2036-01-01T00:00:00Z,2036-2040,TRUE,0,0,0,0,0,0,0,0,0
1094915,51087,Henrico,GLENWOOD FARMS,294,2036-01-01T00:00:00Z,2036-2040,TRUE,0,0,0,0,0,0,0,0,0
1094917,51041,Chesterfield,GRAND OAKS,184,2036-01-01T00:00:00Z,2036-2040,TRUE,0,0,0,0,0,0,0,0,0
1094922,51760,Richmond,COLUMNS ON GROVE,28,2029-01-01T00:00:00Z,2026-2030,TRUE,0,0,0,0,0,0,0,0,0
1094925,51760,Richmond,LAFAYETTE GARDENS,102,2036-01-01T00:00:00Z,2036-2040,TRUE,0,0,1,0,0,0,0,0,0
1094927,51085,Hanover,THE PINES AT COLD HARBOR,156,2055-11-01T00:00:00Z,2041 and later,TRUE,0,0,0,1,0,0,0,0,0
1094929,51760,Richmond,SOUTH GATE,112,2036-01-01T00:00:00Z,2036-2040,TRUE,0,0,0,0,0,0,0,0,0
1094932,51087,Henrico,DARBY HOUSE,108,2037-01-01T00:00:00Z,2036-2040,TRUE,0,0,1,0,0,0,0,0,0
1094934,51087,Henrico,FIELDCREST,29,2037-01-01T00:00:00Z,2036-2040,TRUE,0,0,0,0,0,0,0,0,0
1094941,51087,Henrico,QUARTER MILL,266,2037-01-01T00:00:00Z,2036-2040,TRUE,0,0,0,0,0,0,0,0,0
1094966,51760,Richmond,CARY 2000 I,29,2029-01-01T00:00:00Z,2026-2030,TRUE,0,0,0,0,0,0,0,0,0
1094986,51041,Chesterfield,GENITO GLEN,102,2030-01-01T00:00:00Z,2026-2030,TRUE,0,0,0,0,0,0,0,0,0
1094992,51760,Richmond,NORCROFT,109,2028-01-01T00:00:00Z,2026-2030,TRUE,0,0,0,0,0,0,0,0,0
1094996,51087,Henrico,KINGS GRANT,90,2034-01-01T00:00:00Z,2031-2035,TRUE,0,0,0,0,0,0,0,0,0
1095001,51760,Richmond,AHPP THE IMANI MEWS,68,2027-03-02T00:00:00Z,2026-2030,FALSE,0,0,1,0,0,0,0,0,0
1095037,51760,Richmond,MOSBY CT,458,NA,No listed expiration,FALSE,0,1,0,0,0,0,0,0,0
1095041,51760,Richmond,FAY,130,NA,No listed expiration,FALSE,0,1,0,0,0,0,0,0,0
1095043,51760,Richmond,STONEWALL,219,NA,No listed expiration,FALSE,0,1,0,0,0,0,0,0,0
1095044,51087,Henrico,GREENS AT VIRGINIA CENTER,180,2046-01-01T00:00:00Z,2041 and later,TRUE,0,0,0,0,0,0,0,0,0
1095064,51760,Richmond,BACON RETIREMENT COMMUNITY,58,2029-01-01T00:00:00Z,2026-2030,TRUE,0,0,0,0,0,0,0,0,0
1095068,51760,Richmond,COUNTRYSIDE RICHMOND,59,2029-01-01T00:00:00Z,2026-2030,TRUE,0,0,0,0,0,0,0,0,0
1095097,51087,Henrico,ATLANTIC AT TWIN HICKORY,110,2038-01-01T00:00:00Z,2036-2040,TRUE,0,0,0,0,0,0,0,0,0
1095099,51041,Chesterfield,ATLANTIC AT CHARTER COLONY,113,2038-01-01T00:00:00Z,2036-2040,TRUE,0,0,0,0,0,0,0,0,0
1095100,51760,Richmond,OAKHURST MANOR,392,2029-01-01T00:00:00Z,2026-2030,TRUE,0,0,0,0,0,0,0,0,0
1095118,51041,Chesterfield,SOUTHPOINTE LANDING,192,2029-01-01T00:00:00Z,2026-2030,TRUE,0,0,0,0,0,0,0,0,0
1095121,51760,Richmond,JEFFERSON TOWNHOUSES,218,2038-01-01T00:00:00Z,2036-2040,TRUE,0,0,0,0,0,0,0,0,0
1095124,51760,Richmond,ARBORS,85,2031-01-01T00:00:00Z,2031-2035,TRUE,0,0,0,0,0,0,0,0,0
1095135,51087,Henrico,VILLAGE AT THE ARBORS,292,2038-01-01T00:00:00Z,2036-2040,TRUE,0,0,0,0,0,0,0,0,0
1095136,51085,Hanover,ASHLAND WOODS I,75,2032-01-01T00:00:00Z,2031-2035,TRUE,0,0,0,0,0,0,0,0,0
1095174,51087,Henrico,PARHAM PARK PLACE I,86,2030-01-01T00:00:00Z,2026-2030,TRUE,0,0,0,0,0,0,0,0,0
1095194,51087,Henrico,GLENNS AT MILLERS LANE,144,2030-01-01T00:00:00Z,2026-2030,TRUE,0,0,0,0,0,0,0,0,0
1095208,51085,Hanover,ASHLAND WOODS II,75,2032-01-01T00:00:00Z,2031-2035,TRUE,0,0,0,0,0,0,0,0,0
1095212,51087,Henrico,AUDUBON VILLAGE I,160,2031-01-01T00:00:00Z,2031-2035,TRUE,0,0,0,0,0,0,0,0,0
1095227,51087,Henrico,CREEKSIDE MANOR,97,2029-01-01T00:00:00Z,2026-2030,TRUE,0,0,0,0,0,0,0,0,0
1095228,51760,Richmond,RICHMOND DAIRY,113,2031-01-01T00:00:00Z,2031-2035,TRUE,0,0,0,0,0,0,0,0,0
1095231,51087,Henrico,OAKMEADE APARTMENTS,100,2032-06-30T00:00:00Z,2031-2035,FALSE,1,0,0,0,0,0,0,0,0
1095234,51760,Richmond,GRAYSTONE,136,2032-01-01T00:00:00Z,2031-2035,TRUE,0,0,0,0,0,0,0,0,0
1095236,51760,Richmond,GUARDIAN PLACE II,115,2031-01-01T00:00:00Z,2031-2035,TRUE,0,0,0,0,0,0,0,0,0
1095242,51041,Chesterfield,MARKET SQUARE V,105,2049-01-01T00:00:00Z,2041 and later,TRUE,0,0,0,0,0,0,0,0,0
1095244,51087,Henrico,OVERLOOK AT BROOK RUN II,156,2033-01-01T00:00:00Z,2031-2035,TRUE,0,0,0,0,0,0,0,0,0
1095253,51041,Chesterfield,MARIA SENIOR GARDENS,44,2034-08-12T00:00:00Z,2031-2035,FALSE,0,0,1,0,0,0,0,0,0
1095254,51087,Henrico,RICHFIELD PLACE,266,2032-01-01T00:00:00Z,2031-2035,TRUE,0,0,0,0,0,0,0,0,0
1095263,51760,Richmond,SHOCKOE HILL II,64,2051-07-01T00:00:00Z,2041 and later,FALSE,1,0,0,1,0,0,0,0,0
1095264,51760,Richmond,ST ANDREWS RICHMOND CITY,22,2031-01-01T00:00:00Z,2031-2035,TRUE,0,0,0,0,0,0,0,0,0
1095267,51087,Henrico,DELMONT PLAZA,41,2041-02-28T00:00:00Z,2041 and later,TRUE,1,0,0,0,0,0,0,0,0
1095273,51760,Richmond,NEW MANCHESTER FLATS IX,41,2040-01-01T00:00:00Z,2036-2040,TRUE,0,0,0,0,0,0,0,0,0
1095276,51760,Richmond,TOWNES AT RIVER SOUTH II,99,2035-01-01T00:00:00Z,2031-2035,TRUE,0,0,0,0,0,0,0,0,0
1095278,51087,Henrico,TOWNHOMES OF OAKLEYS,160,2031-01-01T00:00:00Z,2031-2035,TRUE,0,0,0,0,0,0,0,0,0
1095284,51087,Henrico,AUDUBON VILLAGE II,54,2032-01-01T00:00:00Z,2031-2035,TRUE,0,0,0,0,0,0,0,0,0
1095322,51760,Richmond,GILPIN COURT,781,NA,No listed expiration,FALSE,0,1,0,0,0,0,0,0,0
1095323,51760,Richmond,HILLSIDE CT,402,NA,No listed expiration,FALSE,0,1,0,0,0,0,0,0,0
1095324,51760,Richmond,CREIGHTON CT,312,NA,No listed expiration,FALSE,0,1,0,0,0,0,0,0,0
1095325,51760,Richmond,WHITCOMB CT,441,NA,No listed expiration,FALSE,0,1,0,0,0,0,0,0,0
1095326,51760,Richmond,FAIRFIELD CT,447,NA,No listed expiration,FALSE,0,1,0,0,0,0,0,0,0
1095329,51760,Richmond,TOWNES AT RIVER SOUTH,161,2043-02-28T00:00:00Z,2041 and later,FALSE,1,0,0,0,0,0,0,0,0
1095423,51760,Richmond,BELT ATLANTIC AKA MIDLOTHIAN VILLAGE,216,2042-05-31T00:00:00Z,2041 and later,TRUE,1,0,0,0,0,0,0,0,0
1095462,51760,Richmond,AHPP OLD MANCHESTER PLAZA APARTMENTS,10,2030-01-11T00:00:00Z,2026-2030,FALSE,0,0,1,0,0,0,0,0,0
1095476,51760,Richmond,NB-BECKSTOFFERS-1209 N 28TH ST,32,2034-02-04T00:00:00Z,2031-2035,FALSE,0,0,1,0,0,0,0,0,0
1095486,51760,Richmond,HOUSING REDEVEL-1910 4TH AV #2,1,2035-02-18T00:00:00Z,2031-2035,FALSE,0,0,2,0,0,0,0,0,0
1095506,51760,Richmond,REDEVELOPMENT AND HOMEOWNERSHIP PROGRAM,2,2026-08-30T00:00:00Z,2026-2030,FALSE,0,0,1,0,0,0,0,0,0
1095605,51087,Henrico,SANDSTON PLATEAU SENIOR RETIREMENT COMMUNITY,100,2037-01-01T00:00:00Z,2036-2040,TRUE,0,0,1,0,0,0,0,0,0
1096043,51760,Richmond,CITY VIEW PLACE,32,2043-01-01T00:00:00Z,2041 and later,TRUE,0,0,0,0,0,0,0,0,0
1096045,51760,Richmond,BOOKER T WASHINGTON PLAZA,28,2041-01-01T00:00:00Z,2041 and later,TRUE,0,0,0,0,0,0,0,0,0
1096047,51760,Richmond,ANDOVER PLACE,192,2043-01-01T00:00:00Z,2041 and later,TRUE,0,0,0,0,0,0,0,0,0
1096049,51760,Richmond,LINCOLN MEWS II,130,2041-01-01T00:00:00Z,2041 and later,TRUE,0,0,0,0,0,0,0,0,0
1096052,51760,Richmond,NORTH OAK APARTMENTS COMPLEX,143,2043-01-01T00:00:00Z,2041 and later,TRUE,0,0,0,0,0,0,0,0,0
1096066,51760,Richmond,DOVE STREET PHASE I,80,NA,No listed expiration,FALSE,0,1,0,0,0,0,0,0,0
1096068,51760,Richmond,DOVE STREET PHASE II,48,NA,No listed expiration,FALSE,0,1,0,0,0,0,0,0,0
1103307,51760,Richmond,CARY WEST,47,2046-01-01T00:00:00Z,2041 and later,TRUE,0,0,0,0,0,0,0,0,0
1103309,51760,Richmond,CHICAGO MANOR,74,2028-01-01T00:00:00Z,2026-2030,TRUE,0,0,0,0,0,0,0,0,0
1103311,51760,Richmond,TOWNHOMES AT WARWICK PLACE,40,2046-01-01T00:00:00Z,2041 and later,TRUE,0,0,1,0,0,0,0,0,0
1104073,51087,Henrico,PARHAM PARK PLACE II,51,2037-01-01T00:00:00Z,2036-2040,TRUE,0,0,0,0,0,0,0,0,0
1104150,51087,Henrico,ATLANTIC AT BROOK RUN,120,2040-01-01T00:00:00Z,2036-2040,TRUE,0,0,0,0,0,0,0,0,0
1104373,51041,Chesterfield,COURTHOUSE SENIORS,69,2033-01-01T00:00:00Z,2031-2035,TRUE,0,0,0,0,0,0,0,0,0
1104537,51760,Richmond,OLD MANCHESTER PLAZA I,46,2040-01-01T00:00:00Z,2036-2040,TRUE,0,0,0,0,0,0,0,0,0
1104737,51041,Chesterfield,BROOK CREEK CROSSING,70,2044-01-01T00:00:00Z,2041 and later,TRUE,0,0,0,0,0,0,0,0,0
1104800,51041,Chesterfield,PARK AT RIDGEDALE,120,2034-01-01T00:00:00Z,2031-2035,TRUE,0,0,0,0,0,0,0,0,0
1105196,51760,Richmond,SOMANATH SENIOR APARTMENTS,39,2044-01-01T00:00:00Z,2041 and later,TRUE,0,0,0,0,0,0,0,0,0
1105451,51760,Richmond,HIGHLAND GROVE II,38,2044-01-01T00:00:00Z,2041 and later,TRUE,0,0,0,0,0,0,0,0,0
1105571,51760,Richmond,JEFFERSON MEWS,56,2044-01-01T00:00:00Z,2041 and later,TRUE,0,0,0,0,0,0,0,0,0
1105771,51760,Richmond,BELLE SUMMIT,50,2045-01-01T00:00:00Z,2041 and later,TRUE,0,0,0,0,0,0,0,0,0
1105791,51760,Richmond,GEORGE MASON SQUARE,250,2057-06-01T00:00:00Z,2041 and later,TRUE,2,0,0,1,0,0,0,0,0
1105915,51760,Richmond,MILLER LOFTS,197,2045-01-01T00:00:00Z,2041 and later,TRUE,0,0,0,0,0,0,0,0,0
1105942,51041,Chesterfield,MARKET SQUARE III,69,2036-01-01T00:00:00Z,2036-2040,TRUE,0,0,0,0,0,0,0,0,0
1106170,51041,Chesterfield,CREEKPOINTE,214,2034-01-01T00:00:00Z,2031-2035,TRUE,0,0,0,0,0,0,0,0,0
1106319,51760,Richmond,DOMINION PLACE,249,2054-07-01T00:00:00Z,2041 and later,TRUE,1,0,0,1,0,0,0,0,0
1106924,51087,Henrico,HENRICO ARMS APARTMENTS,232,2060-12-01T00:00:00Z,2041 and later,TRUE,1,0,0,1,0,0,0,0,0
1107004,51087,Henrico,OAKMEADE,100,2043-01-01T00:00:00Z,2041 and later,TRUE,0,0,0,0,0,0,0,0,0
1107114,51760,Richmond,WOODLAND CROSSING,132,2050-01-01T00:00:00Z,2041 and later,TRUE,1,0,0,0,0,0,0,0,0
1108127,51760,Richmond,TOBACCO LANDING,62,2034-01-01T00:00:00Z,2031-2035,TRUE,0,0,0,0,0,0,0,0,0
1108310,51087,Henrico,OAKLAND VILLAGE TH,100,2037-01-01T00:00:00Z,2036-2040,TRUE,1,0,0,0,0,0,0,0,0
1114888,51085,Hanover,LAUREL WOODS ASHLAND,40,2038-05-28T00:00:00Z,2036-2040,TRUE,0,0,0,0,1,0,0,0,0
1115844,51085,Hanover,HANOVER APARTMENTS,40,2046-10-25T00:00:00Z,2041 and later,TRUE,0,0,0,0,1,0,0,0,0
1116086,51087,Henrico,SANDSTON WOODS,64,2033-01-01T00:00:00Z,2031-2035,TRUE,0,0,0,0,1,0,0,0,0
1117961,51036,Charles,SIGN POST ESTATES,36,2042-04-19T00:00:00Z,2041 and later,TRUE,0,0,0,0,1,0,0,0,0
1126960,51760,Richmond,THE ROSA AKA JACKSON WARD SENIOR,72,2038-06-30T00:00:00Z,2036-2040,FALSE,1,0,0,0,0,0,0,0,0
1129270,51760,Richmond,CHESAPEAKE REGIONAL APARTMENTS,6,2033-10-14T00:00:00Z,2031-2035,FALSE,0,0,1,0,0,0,0,0,0
1130439,51085,Hanover,OMNI PARK PLACE,150,2052-01-01T00:00:00Z,2041 and later,TRUE,0,0,1,0,0,0,0,0,0
1130442,51041,Chesterfield,IRON BRIDGE ROAD,80,2047-01-01T00:00:00Z,2041 and later,TRUE,0,0,0,0,0,0,0,0,0
1143278,51760,Richmond,BELLEVUE,143,2049-01-01T00:00:00Z,2041 and later,TRUE,0,0,0,0,0,0,0,0,0
1151211,51087,Henrico,AUDUBON VILLAGE II APARTMENTS,54,2048-01-01T00:00:00Z,2041 and later,TRUE,0,0,0,0,0,0,0,0,0
1151217,51760,Richmond,EGGLESTON PLAZA,42,2048-01-01T00:00:00Z,2041 and later,TRUE,0,0,0,0,0,0,0,0,0
1151391,51760,Richmond,HIGHLAND GROVE I,80,2045-01-01T00:00:00Z,2041 and later,TRUE,0,0,0,0,0,0,0,0,0
1154801,51760,Richmond,BAKER SCHOOL,50,2052-01-01T00:00:00Z,2041 and later,TRUE,1,0,0,0,0,0,0,0,0
1155578,51760,Richmond,CHURCH HILL NORTH PHASE 2A FAMILY,11,2052-04-25T00:00:00Z,2041 and later,FALSE,0,0,1,0,0,0,1,0,0
1162128,51760,Richmond,GOODWYN AT UNION HILL,52,2049-01-01T00:00:00Z,2041 and later,TRUE,0,0,0,0,0,0,0,0,0
1162348,51087,Henrico,KINGSRIDGE I,72,2048-01-01T00:00:00Z,2041 and later,TRUE,0,0,0,0,0,0,0,0,0
1172470,51760,Richmond,ARMSTRONG RENAISSANCE 2B,70,2051-01-01T00:00:00Z,2041 and later,TRUE,0,0,0,0,0,0,0,0,0
1172471,51760,Richmond,AMERICAN TOBACCO LOFTS II,147,2052-01-01T00:00:00Z,2041 and later,TRUE,0,0,0,0,0,0,0,0,0
1173314,51760,Richmond,ROSA,72,2049-01-01T00:00:00Z,2041 and later,TRUE,0,0,0,0,0,0,0,0,0
1175716,51041,Chesterfield,MARKET SQUARE IV,60,2041-03-10T00:00:00Z,2041 and later,FALSE,0,0,1,0,0,0,0,0,0
1175720,51760,Richmond,TOWNHOMES AT WARWICK PLACE II,30,2051-01-01T00:00:00Z,2041 and later,TRUE,0,0,1,0,0,0,0,0,0
1180841,51760,Richmond,ALEXANDER AT 1090,48,2050-01-01T00:00:00Z,2041 and later,TRUE,0,0,0,0,0,0,0,0,0
1180842,51760,Richmond,VAN DE VYVER,82,2050-01-01T00:00:00Z,2041 and later,TRUE,0,0,0,0,0,0,0,0,0
1180843,51760,Richmond,OLIVER,164,2050-01-01T00:00:00Z,2041 and later,TRUE,0,0,0,0,0,0,0,0,0
1180844,51760,Richmond,NEW MANCHESTER FLATS V,104,2050-01-01T00:00:00Z,2041 and later,TRUE,0,0,0,0,0,0,0,0,0
1181183,51041,Chesterfield,MARKET WOODS,60,2050-01-01T00:00:00Z,2041 and later,TRUE,0,0,0,0,0,0,0,0,0
1185190,51760,Richmond,BLACKWELL SENIOR COTTAGES II,4,NA,No listed expiration,FALSE,0,1,0,0,0,0,0,0,0
1186680,51760,Richmond,MIRAGE MANCHESTER,139,2052-01-01T00:00:00Z,2041 and later,TRUE,0,0,0,0,0,0,0,0,0
1186849,51087,Henrico,KINGSRIDGE II,71,2052-04-25T00:00:00Z,2041 and later,TRUE,0,0,0,0,0,0,1,0,0
1187207,51760,Richmond,CONCORD NORTHSIDE,152,2052-01-01T00:00:00Z,2041 and later,TRUE,0,0,0,0,0,0,0,0,0
1189656,51041,Chesterfield,WATERMARK GARDENS,80,2054-04-30T00:00:00Z,2041 and later,FALSE,0,0,0,0,0,0,1,0,0
1190333,51087,Henrico,BICKERSTAFF CROSSING,60,2052-01-01T00:00:00Z,2041 and later,TRUE,0,0,0,0,0,0,0,0,0
1190596,51760,Richmond,GLENWOOD RIDGE,82,2050-01-01T00:00:00Z,2041 and later,TRUE,0,0,0,0,0,0,0,0,0
1190898,51087,Henrico,KINGSRIDGE III,24,2052-01-01T00:00:00Z,2041 and later,TRUE,0,0,0,0,0,0,0,0,0
1191003,51760,Richmond,FOUNDRY,200,2052-01-01T00:00:00Z,2041 and later,TRUE,0,0,0,0,0,0,0,0,0
