area,area_title,occ_code,occ_title,o_group,tot_emp,annual_wage_median,annual_wage_p10,annual_wage_p25,annual_wage_p75,annual_wage_p90
40060,"Richmond, VA",00-0000,All Occupations,total,660350,51460,30030,37290,80120,124670
40060,"Richmond, VA",11-0000,Management Occupations,major,39710,129880,64990,93560,178300,262080
40060,"Richmond, VA",11-1011,Chief Executives,detailed,820,326160,130130,188360,401930,558600
40060,"Richmond, VA",11-1021,General and Operations Managers,detailed,15770,108670,57070,77450,164420,229230
40060,"Richmond, VA",11-2011,Advertising and Promotions Managers,detailed,50,161040,102950,122960,164870,224900
40060,"Richmond, VA",11-2021,Marketing Managers,detailed,1090,174130,103000,132730,214930,272460
40060,"Richmond, VA",11-2022,Sales Managers,detailed,1320,168590,90440,121440,225670,296170
40060,"Richmond, VA",11-2032,Public Relations Managers,detailed,380,160540,96030,118540,206050,280160
40060,"Richmond, VA",11-2033,Fundraising Managers,detailed,110,140260,85960,104970,182560,265620
40060,"Richmond, VA",11-3012,Administrative Services Managers,detailed,570,115530,73900,93100,155060,180100
40060,"Richmond, VA",11-3013,Facilities Managers,detailed,440,110780,74320,88660,138330,168940
40060,"Richmond, VA",11-3021,Computer and Information Systems Managers,detailed,1900,180640,127310,153580,224320,301510
40060,"Richmond, VA",11-3031,Financial Managers,detailed,3480,173140,108940,136020,218650,302060
40060,"Richmond, VA",11-3051,Industrial Production Managers,detailed,470,136030,83590,102680,169630,211230
40060,"Richmond, VA",11-3061,Purchasing Managers,detailed,490,147410,99800,120500,173090,216450
40060,"Richmond, VA",11-3071,"Transportation, Storage, and Distribution Managers",detailed,630,111480,78000,93980,157330,209830
40060,"Richmond, VA",11-3111,Compensation and Benefits Managers,detailed,130,157370,100910,128410,214180,300580
40060,"Richmond, VA",11-3121,Human Resources Managers,detailed,960,152190,99800,116260,200640,253890
40060,"Richmond, VA",11-3131,Training and Development Managers,detailed,210,121490,91190,110100,159030,205210
40060,"Richmond, VA",11-9021,Construction Managers,detailed,1270,110350,79580,94560,149130,191940
40060,"Richmond, VA",11-9031,"Education and Childcare Administrators, Preschool and Daycare",detailed,220,54960,39340,43670,61320,80590
40060,"Richmond, VA",11-9032,"Education Administrators, Kindergarten through Secondary",detailed,1230,104380,75520,84920,127680,138830
40060,"Richmond, VA",11-9033,"Education Administrators, Postsecondary",detailed,540,126850,79770,100130,182540,348750
40060,"Richmond, VA",11-9039,"Education Administrators, All Other",detailed,230,107310,55210,61140,132080,151760
40060,"Richmond, VA",11-9041,Architectural and Engineering Managers,detailed,570,167170,123390,140830,200830,236770
40060,"Richmond, VA",11-9051,Food Service Managers,detailed,510,73570,58120,62120,85430,108500
40060,"Richmond, VA",11-9072,"Entertainment and Recreation Managers, Except Gambling",detailed,50,89580,50640,57890,140880,181860
40060,"Richmond, VA",11-9081,Lodging Managers,detailed,190,74680,38460,45780,95770,132910
40060,"Richmond, VA",11-9111,Medical and Health Services Managers,detailed,1760,129660,80600,102020,161550,215320
40060,"Richmond, VA",11-9121,Natural Sciences Managers,detailed,290,126610,95510,103680,167030,193810
40060,"Richmond, VA",11-9131,Postmasters and Mail Superintendents,detailed,50,97380,88050,92770,102960,124780
40060,"Richmond, VA",11-9141,"Property, Real Estate, and Community Association Managers",detailed,920,87440,47450,62780,127910,170140
40060,"Richmond, VA",11-9151,Social and Community Service Managers,detailed,810,104070,62630,79320,125580,140460
40060,"Richmond, VA",11-9161,Emergency Management Directors,detailed,110,92940,68380,80920,110500,153650
40060,"Richmond, VA",11-9171,Funeral Home Managers,detailed,40,80450,75190,78310,101600,103180
40060,"Richmond, VA",11-9199,"Managers, All Other",detailed,2060,144730,93640,116740,189700,244250
40060,"Richmond, VA",13-0000,Business and Financial Operations Occupations,major,61390,82660,50450,63870,109720,142710
40060,"Richmond, VA",13-1020,Buyers and Purchasing Agents,detailed,4000,82370,51860,64630,103940,128700
40060,"Richmond, VA",13-1031,"Claims Adjusters, Examiners, and Investigators",detailed,1790,78780,50320,62480,96770,105540
40060,"Richmond, VA",13-1041,Compliance Officers,detailed,2910,77060,47770,61760,97290,119560
40060,"Richmond, VA",13-1051,Cost Estimators,detailed,1080,77540,48520,60580,94280,114270
40060,"Richmond, VA",13-1071,Human Resources Specialists,detailed,4540,79340,47980,60530,101440,127420
40060,"Richmond, VA",13-1075,Labor Relations Specialists,detailed,250,99390,60210,78030,114780,125870
40060,"Richmond, VA",13-1081,Logisticians,detailed,1340,92500,62040,73820,112120,132080
40060,"Richmond, VA",13-1082,Project Management Specialists,detailed,6380,102170,62390,78060,132790,163150
40060,"Richmond, VA",13-1111,Management Analysts,detailed,6340,95660,58610,74760,124410,159600
40060,"Richmond, VA",13-1121,"Meeting, Convention, and Event Planners",detailed,690,52920,42080,44510,66100,85640
40060,"Richmond, VA",13-1131,Fundraisers,detailed,620,68920,45810,55040,88860,115230
40060,"Richmond, VA",13-1141,"Compensation, Benefits, and Job Analysis Specialists",detailed,700,80990,57420,65460,101030,128790
40060,"Richmond, VA",13-1151,Training and Development Specialists,detailed,2530,75750,45860,57420,97140,123320
40060,"Richmond, VA",13-1161,Market Research Analysts and Marketing Specialists,detailed,4550,81660,45080,59080,128620,170120
40060,"Richmond, VA",13-1199,"Business Operations Specialists, All Other",detailed,5880,78420,45640,60360,101820,128420
40060,"Richmond, VA",13-2011,Accountants and Auditors,detailed,7920,84220,59290,68790,107000,134290
40060,"Richmond, VA",13-2020,Property Appraisers and Assessors,detailed,290,81270,51330,61130,92730,109930
40060,"Richmond, VA",13-2031,Budget Analysts,detailed,420,92550,64780,77550,113500,132370
40060,"Richmond, VA",13-2041,Credit Analysts,detailed,**,105430,63540,98920,131150,164750
40060,"Richmond, VA",13-2051,Financial and Investment Analysts,detailed,1630,104160,61660,78500,137490,178600
40060,"Richmond, VA",13-2052,Personal Financial Advisors,detailed,1350,110910,56100,80890,180610,377000
40060,"Richmond, VA",13-2053,Insurance Underwriters,detailed,950,81400,63310,65680,102270,129500
40060,"Richmond, VA",13-2054,Financial Risk Specialists,detailed,380,105060,61680,83320,154800,177300
40060,"Richmond, VA",13-2061,Financial Examiners,detailed,510,100540,60920,77010,130850,168060
40060,"Richmond, VA",13-2071,Credit Counselors,detailed,130,54150,38590,45810,61010,68890
40060,"Richmond, VA",13-2072,Loan Officers,detailed,1480,69610,40190,49900,93850,129060
40060,"Richmond, VA",13-2081,"Tax Examiners and Collectors, and Revenue Agents",detailed,570,57620,42830,48560,70540,92560
40060,"Richmond, VA",13-2082,Tax Preparers,detailed,310,62160,37190,37760,77330,100470
40060,"Richmond, VA",13-2099,"Financial Specialists, All Other",detailed,870,81070,54880,63840,101510,128220
40060,"Richmond, VA",15-0000,Computer and Mathematical Occupations,major,24420,114170,59760,81700,145870,173080
40060,"Richmond, VA",15-1211,Computer Systems Analysts,detailed,2990,105190,72410,86490,133180,168410
40060,"Richmond, VA",15-1212,Information Security Analysts,detailed,1690,126230,76560,96830,160900,173680
40060,"Richmond, VA",15-1221,Computer and Information Research Scientists,detailed,160,162910,103860,136710,199880,216170
40060,"Richmond, VA",15-1231,Computer Network Support Specialists,detailed,610,65460,42750,48540,83990,111610
40060,"Richmond, VA",15-1232,Computer User Support Specialists,detailed,2350,60790,39470,48990,77790,96200
40060,"Richmond, VA",15-1241,Computer Network Architects,detailed,870,129210,77310,102380,162330,178370
40060,"Richmond, VA",15-1242,Database Administrators,detailed,600,99690,55690,70380,129370,158160
40060,"Richmond, VA",15-1243,Database Architects,detailed,440,133770,100670,120460,164920,172300
40060,"Richmond, VA",15-1244,Network and Computer Systems Administrators,detailed,1660,99750,63670,77800,128060,159170
40060,"Richmond, VA",15-1251,Computer Programmers,detailed,310,112690,61540,86860,135670,162880
40060,"Richmond, VA",15-1252,Software Developers,detailed,7680,132120,84290,107430,165690,208990
40060,"Richmond, VA",15-1253,Software Quality Assurance Analysts and Testers,detailed,720,106300,73200,90780,129200,159050
40060,"Richmond, VA",15-1254,Web Developers,detailed,**,117090,69730,88100,129020,153990
40060,"Richmond, VA",15-1255,Web and Digital Interface Designers,detailed,230,63660,43900,50090,88240,108270
40060,"Richmond, VA",15-1299,"Computer Occupations, All Other",detailed,1280,111070,57610,81990,138740,164760
40060,"Richmond, VA",15-2011,Actuaries,detailed,120,131900,93740,100390,164780,212740
40060,"Richmond, VA",15-2031,Operations Research Analysts,detailed,1020,109650,53810,63840,129460,159410
40060,"Richmond, VA",15-2041,Statisticians,detailed,160,81620,52940,58100,99540,138740
40060,"Richmond, VA",15-2051,Data Scientists,detailed,1050,122510,68510,91030,169990,208170
40060,"Richmond, VA",17-0000,Architecture and Engineering Occupations,major,8800,95070,58870,75810,125180,152420
40060,"Richmond, VA",17-1011,"Architects, Except Landscape and Naval",detailed,410,95860,60170,76480,119250,162380
40060,"Richmond, VA",17-1012,Landscape Architects,detailed,60,81380,57570,66520,111580,147740
40060,"Richmond, VA",17-1021,Cartographers and Photogrammetrists,detailed,90,78850,58560,64070,97620,112000
40060,"Richmond, VA",17-1022,Surveyors,detailed,160,74150,52000,58250,99220,124790
40060,"Richmond, VA",17-2011,Aerospace Engineers,detailed,110,120370,83190,93180,175600,250730
40060,"Richmond, VA",17-2031,Bioengineers and Biomedical Engineers,detailed,**,105680,73170,88550,130890,155650
40060,"Richmond, VA",17-2041,Chemical Engineers,detailed,60,117150,81630,82270,125390,169100
40060,"Richmond, VA",17-2051,Civil Engineers,detailed,1680,91300,73060,79170,115460,136860
40060,"Richmond, VA",17-2061,Computer Hardware Engineers,detailed,70,132270,77390,84030,169100,200590
40060,"Richmond, VA",17-2071,Electrical Engineers,detailed,1160,116760,80730,99070,134010,159310
40060,"Richmond, VA",17-2072,"Electronics Engineers, Except Computer",detailed,190,102750,72880,88230,133420,162410
40060,"Richmond, VA",17-2081,Environmental Engineers,detailed,130,100760,68100,79910,119980,159770
40060,"Richmond, VA",17-2111,"Health and Safety Engineers, Except Mining Safety Engineers and Inspectors",detailed,50,105530,39340,82230,123710,176090
40060,"Richmond, VA",17-2112,Industrial Engineers,detailed,740,103180,76920,85610,135370,157420
40060,"Richmond, VA",17-2131,Materials Engineers,detailed,200,102440,61770,77600,132450,164900
40060,"Richmond, VA",17-2141,Mechanical Engineers,detailed,640,104130,73990,83270,123380,139800
40060,"Richmond, VA",17-2161,Nuclear Engineers,detailed,350,140460,101870,129450,169320,175040
40060,"Richmond, VA",17-2199,"Engineers, All Other",detailed,330,107990,70050,82480,134570,166430
40060,"Richmond, VA",17-3011,Architectural and Civil Drafters,detailed,380,62830,48480,54180,73610,90630
40060,"Richmond, VA",17-3012,Electrical and Electronics Drafters,detailed,40,62100,44240,54080,80470,91780
40060,"Richmond, VA",17-3013,Mechanical Drafters,detailed,100,69630,60190,64240,78980,95520
40060,"Richmond, VA",17-3019,"Drafters, All Other",detailed,30,66710,46300,59510,78500,85230
40060,"Richmond, VA",17-3022,Civil Engineering Technologists and Technicians,detailed,210,66940,40670,50310,77850,88730
40060,"Richmond, VA",17-3023,Electrical and Electronic Engineering Technologists and Technicians,detailed,480,85510,58820,65000,110950,132450
40060,"Richmond, VA",17-3024,Electro-Mechanical and Mechatronics Technologists and Technicians,detailed,40,78660,47750,60300,94830,106690
40060,"Richmond, VA",17-3025,Environmental Engineering Technologists and Technicians,detailed,50,48200,46160,47170,72760,77420
40060,"Richmond, VA",17-3026,Industrial Engineering Technologists and Technicians,detailed,170,62650,36150,51460,74820,100320
40060,"Richmond, VA",17-3027,Mechanical Engineering Technologists and Technicians,detailed,**,70550,43540,62940,77840,100070
40060,"Richmond, VA",17-3028,Calibration Technologists and Technicians,detailed,40,79040,59620,63620,101950,108760
40060,"Richmond, VA",17-3029,"Engineering Technologists and Technicians, Except Drafters, All Other",detailed,100,78030,52670,63060,92660,101820
40060,"Richmond, VA",17-3031,Surveying and Mapping Technicians,detailed,450,59480,38810,47820,77250,81800
40060,"Richmond, VA",19-0000,"Life, Physical, and Social Science Occupations",major,6870,79520,46900,61940,103640,142890
40060,"Richmond, VA",19-1013,Soil and Plant Scientists,detailed,40,73920,61550,68080,77230,115880
40060,"Richmond, VA",19-1022,Microbiologists,detailed,50,90930,57060,72510,129600,129600
40060,"Richmond, VA",19-1023,Zoologists and Wildlife Biologists,detailed,40,79220,47880,65690,92480,100930
40060,"Richmond, VA",19-1029,"Biological Scientists, All Other",detailed,140,77100,57330,73880,96030,117250
40060,"Richmond, VA",19-1031,Conservation Scientists,detailed,60,66180,43710,58090,95660,107990
40060,"Richmond, VA",19-1032,Foresters,detailed,70,66430,44110,55590,80580,101210
40060,"Richmond, VA",19-1041,Epidemiologists,detailed,100,82460,61760,71840,93690,101280
40060,"Richmond, VA",19-1099,"Life Scientists, All Other",detailed,210,70050,59870,61760,86030,115010
40060,"Richmond, VA",19-2012,Physicists,detailed,40,218290,116850,164480,246960,266770
40060,"Richmond, VA",19-2021,Atmospheric and Space Scientists,detailed,40,112510,71190,75810,163590,163980
40060,"Richmond, VA",19-2031,Chemists,detailed,320,87580,52840,63170,122120,162520
40060,"Richmond, VA",19-2041,"Environmental Scientists and Specialists, Including Health",detailed,780,80350,60020,68380,93760,110450
40060,"Richmond, VA",19-2042,"Geoscientists, Except Hydrologists and Geographers",detailed,50,80490,60020,65250,95980,118560
40060,"Richmond, VA",19-3011,Economists,detailed,120,112330,77220,94860,153500,267110
40060,"Richmond, VA",19-3022,Survey Researchers,detailed,50,72610,42050,44610,157350,157350
40060,"Richmond, VA",19-3033,Clinical and Counseling Psychologists,detailed,290,72880,38260,56280,105250,160700
40060,"Richmond, VA",19-3034,School Psychologists,detailed,150,82440,66510,78190,95170,101690
40060,"Richmond, VA",19-3039,"Psychologists, All Other",detailed,90,152050,45410,116230,170480,179690
40060,"Richmond, VA",19-3051,Urban and Regional Planners,detailed,260,77340,61000,66240,90050,105100
40060,"Richmond, VA",19-3091,Anthropologists and Archeologists,detailed,**,80230,63460,80230,107620,107620
40060,"Richmond, VA",19-3099,"Social Scientists and Related Workers, All Other",detailed,140,85030,57100,72420,101820,111070
40060,"Richmond, VA",19-4021,Biological Technicians,detailed,500,65210,42700,51820,65210,80100
40060,"Richmond, VA",19-4031,Chemical Technicians,detailed,360,50790,33350,42650,65970,79340
40060,"Richmond, VA",19-4042,"Environmental Science and Protection Technicians, Including Health",detailed,260,45800,37420,41090,56940,74470
40060,"Richmond, VA",19-4051,Nuclear Technicians,detailed,60,122210,86170,109340,139810,157570
40060,"Richmond, VA",19-4061,Social Science Research Assistants,detailed,120,49060,39490,46320,65950,84640
40060,"Richmond, VA",19-4071,Forest and Conservation Technicians,detailed,50,38790,37150,38660,49350,54740
40060,"Richmond, VA",19-4092,Forensic Science Technicians,detailed,140,70160,50400,64050,99650,108510
40060,"Richmond, VA",19-4099,"Life, Physical, and Social Science Technicians, All Other",detailed,110,62610,36260,42990,78950,101700
40060,"Richmond, VA",19-5011,Occupational Health and Safety Specialists,detailed,690,83420,57140,69310,107910,130720
40060,"Richmond, VA",19-5012,Occupational Health and Safety Technicians,detailed,180,60260,38800,50020,76700,91300
40060,"Richmond, VA",21-0000,Community and Social Service Occupations,major,13990,60030,36980,47120,76970,92960
40060,"Richmond, VA",21-1012,"Educational, Guidance, and Career Counselors and Advisors",detailed,1480,67620,47720,54980,82740,92350
40060,"Richmond, VA",21-1013,Marriage and Family Therapists,detailed,**,52000,50370,52000,84200,92150
40060,"Richmond, VA",21-1015,Rehabilitation Counselors,detailed,**,48890,25810,39150,75540,99000
40060,"Richmond, VA",21-1018,"Substance Abuse, Behavioral Disorder, and Mental Health Counselors",detailed,4150,57860,35960,46800,76710,96680
40060,"Richmond, VA",21-1019,"Counselors, All Other",detailed,**,98850,46640,56650,163810,163810
40060,"Richmond, VA",21-1021,"Child, Family, and School Social Workers",detailed,1530,60520,45850,49370,78140,91790
40060,"Richmond, VA",21-1022,Healthcare Social Workers,detailed,530,71690,49670,61910,78830,92960
40060,"Richmond, VA",21-1023,Mental Health and Substance Abuse Social Workers,detailed,740,63020,50020,56740,76850,80310
40060,"Richmond, VA",21-1029,"Social Workers, All Other",detailed,230,96970,43860,72860,116230,126820
40060,"Richmond, VA",21-1091,Health Education Specialists,detailed,150,68250,32760,50990,99540,117580
40060,"Richmond, VA",21-1092,Probation Officers and Correctional Treatment Specialists,detailed,510,60030,48530,52040,66310,73900
40060,"Richmond, VA",21-1093,Social and Human Service Assistants,detailed,2050,42170,33510,36770,48340,59930
40060,"Richmond, VA",21-1094,Community Health Workers,detailed,**,51420,37140,46920,62990,73750
40060,"Richmond, VA",21-1099,"Community and Social Service Specialists, All Other",detailed,1160,77210,54330,65630,86040,95960
40060,"Richmond, VA",21-2011,Clergy,detailed,260,60190,34610,48080,66700,88940
40060,"Richmond, VA",21-2021,"Directors, Religious Activities and Education",detailed,30,77020,41670,46410,105350,108070
40060,"Richmond, VA",23-0000,Legal Occupations,major,6750,98570,54230,64220,169550,289050
40060,"Richmond, VA",23-1011,Lawyers,detailed,3780,144910,77210,100490,215680,342110
40060,"Richmond, VA",23-1012,Judicial Law Clerks,detailed,70,70520,59680,62620,84210,97070
40060,"Richmond, VA",23-1021,"Administrative Law Judges, Adjudicators, and Hearing Officers",detailed,210,89380,69490,82720,114990,155200
40060,"Richmond, VA",23-1022,"Arbitrators, Mediators, and Conciliators",detailed,40,81790,51920,65220,98990,128490
40060,"Richmond, VA",23-1023,"Judges, Magistrate Judges, and Magistrates",detailed,220,104000,61050,65430,192440,213830
40060,"Richmond, VA",23-2011,Paralegals and Legal Assistants,detailed,1930,62940,48400,53080,77090,91960
40060,"Richmond, VA",23-2093,"Title Examiners, Abstractors, and Searchers",detailed,180,53480,39940,43090,58440,74270
40060,"Richmond, VA",23-2099,"Legal Support Workers, All Other",detailed,330,77840,46950,62490,132620,185100
40060,"Richmond, VA",25-0000,Educational Instruction and Library Occupations,major,38670,60140,35230,41620,72930,97280
40060,"Richmond, VA",25-1011,"Business Teachers, Postsecondary",detailed,400,98170,47750,66160,134900,221250
40060,"Richmond, VA",25-1021,"Computer Science Teachers, Postsecondary",detailed,190,86670,52410,70480,137970,176670
40060,"Richmond, VA",25-1022,"Mathematical Science Teachers, Postsecondary",detailed,230,80550,42710,61140,106250,168280
40060,"Richmond, VA",25-1032,"Engineering Teachers, Postsecondary",detailed,130,104990,58840,83930,137820,229940
40060,"Richmond, VA",25-1042,"Biological Science Teachers, Postsecondary",detailed,300,81220,48040,64260,105550,137190
40060,"Richmond, VA",25-1052,"Chemistry Teachers, Postsecondary",detailed,130,85310,52550,65000,106500,169040
40060,"Richmond, VA",25-1054,"Physics Teachers, Postsecondary",detailed,50,103650,51040,65570,126580,169530
40060,"Richmond, VA",25-1062,"Area, Ethnic, and Cultural Studies Teachers, Postsecondary",detailed,90,85960,50840,65440,104960,136740
40060,"Richmond, VA",25-1063,"Economics Teachers, Postsecondary",detailed,60,128470,64010,87330,158760,214720
40060,"Richmond, VA",25-1065,"Political Science Teachers, Postsecondary",detailed,160,92410,49700,66570,125280,171100
40060,"Richmond, VA",25-1066,"Psychology Teachers, Postsecondary",detailed,150,81870,52210,64990,101810,132820
40060,"Richmond, VA",25-1067,"Sociology Teachers, Postsecondary",detailed,50,82230,48340,65200,101690,147080
40060,"Richmond, VA",25-1071,"Health Specialties Teachers, Postsecondary",detailed,1430,101080,65310,65310,178530,308130
40060,"Richmond, VA",25-1072,"Nursing Instructors and Teachers, Postsecondary",detailed,330,82620,53370,66780,101270,111880
40060,"Richmond, VA",25-1081,"Education Teachers, Postsecondary",detailed,370,65130,39460,51440,80850,126080
40060,"Richmond, VA",25-1111,"Criminal Justice and Law Enforcement Teachers, Postsecondary",detailed,50,66410,43650,50310,95550,103380
40060,"Richmond, VA",25-1112,"Law Teachers, Postsecondary",detailed,**,131340,50030,106050,168000,278150
40060,"Richmond, VA",25-1113,"Social Work Teachers, Postsecondary",detailed,170,65090,39890,51840,82480,108270
40060,"Richmond, VA",25-1121,"Art, Drama, and Music Teachers, Postsecondary",detailed,610,73940,43980,57900,87580,124260
40060,"Richmond, VA",25-1122,"Communications Teachers, Postsecondary",detailed,130,69300,43370,59670,106340,135250
40060,"Richmond, VA",25-1123,"English Language and Literature Teachers, Postsecondary",detailed,210,65870,42810,52240,86750,132990
40060,"Richmond, VA",25-1124,"Foreign Language and Literature Teachers, Postsecondary",detailed,80,68660,48100,60440,85910,103700
40060,"Richmond, VA",25-1125,"History Teachers, Postsecondary",detailed,90,86410,54970,67010,107060,132430
40060,"Richmond, VA",25-1126,"Philosophy and Religion Teachers, Postsecondary",detailed,70,85310,45070,62810,105650,159370
40060,"Richmond, VA",25-1194,"Career/Technical Education Teachers, Postsecondary",detailed,490,57820,41600,41600,65570,76300
40060,"Richmond, VA",25-1199,"Postsecondary Teachers, All Other",detailed,180,81600,41300,49240,103840,133270
40060,"Richmond, VA",25-2011,"Preschool Teachers, Except Special Education",detailed,2060,35980,30290,31030,40410,54550
40060,"Richmond, VA",25-2012,"Kindergarten Teachers, Except Special Education",detailed,710,61300,53700,58710,63020,74880
40060,"Richmond, VA",25-2021,"Elementary School Teachers, Except Special Education",detailed,5270,61290,51180,53840,64800,82980
40060,"Richmond, VA",25-2022,"Middle School Teachers, Except Special and Career/Technical Education",detailed,2760,61350,51530,57400,73930,80640
40060,"Richmond, VA",25-2023,"Career/Technical Education Teachers, Middle School",detailed,60,63990,51060,58790,72460,96070
40060,"Richmond, VA",25-2031,"Secondary School Teachers, Except Special and Career/Technical Education",detailed,4420,62000,50490,54110,75680,80750
40060,"Richmond, VA",25-2032,"Career/Technical Education Teachers, Secondary School",detailed,490,63620,52710,61450,79190,82980
40060,"Richmond, VA",25-2051,"Special Education Teachers, Preschool",detailed,80,61860,49830,55200,64570,74790
40060,"Richmond, VA",25-2052,"Special Education Teachers, Kindergarten and Elementary School",detailed,910,62310,49020,54630,64320,78570
40060,"Richmond, VA",25-2057,"Special Education Teachers, Middle School",detailed,390,60560,51410,58630,63820,77440
40060,"Richmond, VA",25-2058,"Special Education Teachers, Secondary School",detailed,1210,61120,50510,50510,63960,81850
40060,"Richmond, VA",25-2059,"Special Education Teachers, All Other",detailed,40,76160,47030,61750,82370,88270
40060,"Richmond, VA",25-3011,"Adult Basic Education, Adult Secondary Education, and English as a Second Language Instructors",detailed,200,49440,49440,49440,58360,73530
40060,"Richmond, VA",25-3021,Self-Enrichment Teachers,detailed,1440,45280,29510,33280,63090,90780
40060,"Richmond, VA",25-3031,"Substitute Teachers, Short-Term",detailed,4160,35230,31140,35230,41620,42630
40060,"Richmond, VA",25-3041,Tutors,detailed,680,36790,28080,33610,64000,91730
40060,"Richmond, VA",25-3099,"Teachers and Instructors, All Other",detailed,610,82370,41600,61790,91890,104920
40060,"Richmond, VA",25-4011,Archivists,detailed,60,65240,26540,55150,75280,78780
40060,"Richmond, VA",25-4012,Curators,detailed,80,66650,42870,47860,95660,111070
40060,"Richmond, VA",25-4013,Museum Technicians and Conservators,detailed,40,52190,37640,44990,65960,75330
40060,"Richmond, VA",25-4022,Librarians and Media Collections Specialists,detailed,720,77430,54140,63840,79830,95570
40060,"Richmond, VA",25-4031,Library Technicians,detailed,380,40510,34710,39950,46910,56050
40060,"Richmond, VA",25-9021,Farm and Home Management Educators,detailed,40,78900,46330,71480,94130,104730
40060,"Richmond, VA",25-9031,Instructional Coordinators,detailed,1050,81850,49520,64690,96830,105950
40060,"Richmond, VA",25-9044,"Teaching Assistants, Postsecondary",detailed,210,50360,31300,31930,65470,81840
40060,"Richmond, VA",25-9045,"Teaching Assistants, Except Postsecondary",detailed,3770,37050,28670,31470,44360,51750
40060,"Richmond, VA",25-9099,"Educational Instruction and Library Workers, All Other",detailed,480,51800,30530,35320,65960,83060
40060,"Richmond, VA",27-0000,"Arts, Design, Entertainment, Sports, and Media Occupations",major,8170,59200,34250,44350,81880,107180
40060,"Richmond, VA",27-1011,Art Directors,detailed,160,99610,64120,83480,117020,134990
40060,"Richmond, VA",27-1013,"Fine Artists, Including Painters, Sculptors, and Illustrators",detailed,50,62000,34090,48210,87510,87510
40060,"Richmond, VA",27-1014,Special Effects Artists and Animators,detailed,30,76380,47140,57780,110150,129310
40060,"Richmond, VA",27-1021,Commercial and Industrial Designers,detailed,130,89360,44920,69730,109720,147470
40060,"Richmond, VA",27-1023,Floral Designers,detailed,110,37460,29220,34890,45830,48700
40060,"Richmond, VA",27-1024,Graphic Designers,detailed,760,66350,39220,50640,81470,106140
40060,"Richmond, VA",27-1025,Interior Designers,detailed,400,58790,39250,48010,79510,93050
40060,"Richmond, VA",27-1026,Merchandise Displayers and Window Trimmers,detailed,700,38630,30480,34580,45830,50270
40060,"Richmond, VA",27-1027,Set and Exhibit Designers,detailed,30,51840,39990,41990,66180,82450
40060,"Richmond, VA",27-2011,Actors,detailed,60,NA,NA,NA,NA,NA
40060,"Richmond, VA",27-2012,Producers and Directors,detailed,370,59990,41940,47140,80040,96290
40060,"Richmond, VA",27-2022,Coaches and Scouts,detailed,1150,NA,NA,NA,NA,NA
40060,"Richmond, VA",27-2023,"Umpires, Referees, and Other Sports Officials",detailed,**,40510,26220,36300,44290,67200
40060,"Richmond, VA",27-2041,Music Directors and Composers,detailed,40,57860,40500,53190,100380,168950
40060,"Richmond, VA",27-2042,Musicians and Singers,detailed,**,NA,NA,NA,NA,NA
40060,"Richmond, VA",27-3023,"News Analysts, Reporters, and Journalists",detailed,120,56910,35190,45790,76900,98870
40060,"Richmond, VA",27-3031,Public Relations Specialists,detailed,1760,75730,46870,58980,100190,128120
40060,"Richmond, VA",27-3041,Editors,detailed,290,70380,44810,52040,94370,117580
40060,"Richmond, VA",27-3042,Technical Writers,detailed,180,79200,53060,63720,101820,120630
40060,"Richmond, VA",27-3043,Writers and Authors,detailed,230,74300,44190,44190,91250,97450
40060,"Richmond, VA",27-3091,Interpreters and Translators,detailed,140,78030,49560,54530,89990,97740
40060,"Richmond, VA",27-4011,Audio and Video Technicians,detailed,330,55490,39060,47960,58580,71670
40060,"Richmond, VA",27-4012,Broadcast Technicians,detailed,100,52160,25810,28180,59820,77610
40060,"Richmond, VA",27-4015,Lighting Technicians,detailed,30,55220,43340,49630,60780,68840
40060,"Richmond, VA",27-4021,Photographers,detailed,270,46420,31260,36750,57390,99990
40060,"Richmond, VA",27-4031,"Camera Operators, Television, Video, and Film",detailed,50,55120,40580,45870,70280,77180
40060,"Richmond, VA",29-0000,Healthcare Practitioners and Technical Occupations,major,42560,87380,47200,64840,106640,162140
40060,"Richmond, VA",29-1011,Chiropractors,detailed,70,81760,34500,49020,102840,130660
40060,"Richmond, VA",29-1021,"Dentists, General",detailed,650,218880,128340,159200,257920,308250
40060,"Richmond, VA",29-1022,Oral and Maxillofacial Surgeons,detailed,**,NA,NA,NA,NA,NA
40060,"Richmond, VA",29-1031,Dietitians and Nutritionists,detailed,250,78900,44810,61910,86580,98740
40060,"Richmond, VA",29-1041,Optometrists,detailed,180,131080,64000,119850,157870,191770
40060,"Richmond, VA",29-1051,Pharmacists,detailed,1350,144940,106310,129440,157000,165690
40060,"Richmond, VA",29-1071,Physician Assistants,detailed,620,126810,93040,107810,143750,171850
40060,"Richmond, VA",29-1081,Podiatrists,detailed,40,168600,67270,92560,210460,225910
40060,"Richmond, VA",29-1122,Occupational Therapists,detailed,740,105550,76930,84130,118670,122460
40060,"Richmond, VA",29-1123,Physical Therapists,detailed,1300,102700,77870,83890,118370,125890
40060,"Richmond, VA",29-1124,Radiation Therapists,detailed,80,101380,84480,95220,126020,132100
40060,"Richmond, VA",29-1125,Recreational Therapists,detailed,110,61270,49220,58050,75880,90110
40060,"Richmond, VA",29-1126,Respiratory Therapists,detailed,630,81750,66960,78180,94740,96420
40060,"Richmond, VA",29-1127,Speech-Language Pathologists,detailed,770,96080,67700,81530,116790,124800
40060,"Richmond, VA",29-1128,Exercise Physiologists,detailed,60,63840,34130,47440,90110,104920
40060,"Richmond, VA",29-1131,Veterinarians,detailed,420,121670,81070,95380,165740,216120
40060,"Richmond, VA",29-1141,Registered Nurses,detailed,15700,93580,74730,79810,98530,117970
40060,"Richmond, VA",29-1151,Nurse Anesthetists,detailed,**,235320,122820,163340,270470,402360
40060,"Richmond, VA",29-1171,Nurse Practitioners,detailed,1440,127820,96720,107830,135410,147610
40060,"Richmond, VA",29-1181,Audiologists,detailed,**,80010,80000,80010,80010,88200
40060,"Richmond, VA",29-1212,Cardiologists,detailed,120,450480,184240,291710,580060,580060
40060,"Richmond, VA",29-1215,Family Medicine Physicians,detailed,410,208750,103720,107220,319590,362260
40060,"Richmond, VA",29-1218,Obstetricians and Gynecologists,detailed,250,224240,172490,203320,273300,321940
40060,"Richmond, VA",29-1221,"Pediatricians, General",detailed,130,165370,143580,163000,234510,352200
40060,"Richmond, VA",29-1222,"Physicians, Pathologists",detailed,**,240220,140160,178580,240780,287850
40060,"Richmond, VA",29-1223,Psychiatrists,detailed,50,290900,132830,213760,331220,342870
40060,"Richmond, VA",29-1229,"Physicians, All Other",detailed,1760,284090,92460,204860,333450,384630
40060,"Richmond, VA",29-1249,"Surgeons, All Other",detailed,**,259310,97230,124470,415040,466440
40060,"Richmond, VA",29-1292,Dental Hygienists,detailed,780,104250,94870,102950,104690,119350
40060,"Richmond, VA",29-1299,"Healthcare Diagnosing or Treating Practitioners, All Other",detailed,70,97820,82370,84950,125220,154790
40060,"Richmond, VA",29-2010,Clinical Laboratory Technologists and Technicians,detailed,**,61830,42000,47740,79200,95650
40060,"Richmond, VA",29-2031,Cardiovascular Technologists and Technicians,detailed,380,71960,37500,44480,93350,99230
40060,"Richmond, VA",29-2032,Diagnostic Medical Sonographers,detailed,440,95660,79740,82220,98990,103010
40060,"Richmond, VA",29-2033,Nuclear Medicine Technologists,detailed,80,97300,82900,94100,101820,106600
40060,"Richmond, VA",29-2034,Radiologic Technologists and Technicians,detailed,1130,80600,60250,74880,95670,98150
40060,"Richmond, VA",29-2035,Magnetic Resonance Imaging Technologists,detailed,160,98680,78770,82060,100880,101050
40060,"Richmond, VA",29-2042,Emergency Medical Technicians,detailed,**,47290,38330,40050,53440,58260
40060,"Richmond, VA",29-2043,Paramedics,detailed,**,63750,50660,54430,73240,79580
40060,"Richmond, VA",29-2051,Dietetic Technicians,detailed,60,39240,33380,35950,43150,44930
40060,"Richmond, VA",29-2052,Pharmacy Technicians,detailed,2020,44030,37040,37640,48090,51430
40060,"Richmond, VA",29-2053,Psychiatric Technicians,detailed,610,48320,39720,39720,49390,60260
40060,"Richmond, VA",29-2055,Surgical Technologists,detailed,380,60980,47870,58790,74620,90500
40060,"Richmond, VA",29-2056,Veterinary Technologists and Technicians,detailed,420,53220,37200,47960,62510,71750
40060,"Richmond, VA",29-2057,Ophthalmic Medical Technicians,detailed,350,39120,37260,38460,49510,52280
40060,"Richmond, VA",29-2061,Licensed Practical and Licensed Vocational Nurses,detailed,2570,64030,56010,59700,73900,77930
40060,"Richmond, VA",29-2072,Medical Records Specialists,detailed,740,51370,38420,46760,63100,76100
40060,"Richmond, VA",29-2081,"Opticians, Dispensing",detailed,310,55020,36440,45510,62440,71240
40060,"Richmond, VA",29-2091,Orthotists and Prosthetists,detailed,80,87530,53250,75940,105150,125370
40060,"Richmond, VA",29-2092,Hearing Aid Specialists,detailed,30,65170,38700,39450,78820,79150
40060,"Richmond, VA",29-2099,"Health Technologists and Technicians, All Other",detailed,820,49500,37250,39110,75060,76920
40060,"Richmond, VA",29-9021,Health Information Technologists and Medical Registrars,detailed,110,52100,37970,46100,75460,118310
40060,"Richmond, VA",29-9091,Athletic Trainers,detailed,160,60370,50180,59870,63180,79130
40060,"Richmond, VA",29-9093,Surgical Assistants,detailed,340,51030,51030,51030,102120,106120
40060,"Richmond, VA",29-9099,"Healthcare Practitioners and Technical Workers, All Other",detailed,80,72340,49620,54140,85120,139420
40060,"Richmond, VA",31-0000,Healthcare Support Occupations,major,27580,37270,28420,30060,45850,49690
40060,"Richmond, VA",31-1120,Home Health and Personal Care Aides,detailed,11570,29360,27630,28420,36810,38420
40060,"Richmond, VA",31-1131,Nursing Assistants,detailed,6660,42720,33910,36560,46420,48390
40060,"Richmond, VA",31-1132,Orderlies,detailed,100,37560,31220,31540,38050,46800
40060,"Richmond, VA",31-2011,Occupational Therapy Assistants,detailed,210,76760,50000,64540,80120,93430
40060,"Richmond, VA",31-2021,Physical Therapist Assistants,detailed,560,73640,54850,60580,79690,83090
40060,"Richmond, VA",31-2022,Physical Therapist Aides,detailed,250,33860,26170,26850,36760,39510
40060,"Richmond, VA",31-9011,Massage Therapists,detailed,490,57730,39720,53870,91830,98910
40060,"Richmond, VA",31-9091,Dental Assistants,detailed,1610,47760,37820,39100,55550,57670
40060,"Richmond, VA",31-9092,Medical Assistants,detailed,3210,44490,37810,38730,45910,46940
40060,"Richmond, VA",31-9093,Medical Equipment Preparers,detailed,300,46640,34820,40870,48120,58180
40060,"Richmond, VA",31-9094,Medical Transcriptionists,detailed,**,35050,27110,27350,35170,37820
40060,"Richmond, VA",31-9095,Pharmacy Aides,detailed,80,33840,27980,33700,36300,49920
40060,"Richmond, VA",31-9096,Veterinary Assistants and Laboratory Animal Caretakers,detailed,820,37470,30060,36310,45430,46780
40060,"Richmond, VA",31-9097,Phlebotomists,detailed,640,46370,38300,39320,49010,57100
40060,"Richmond, VA",31-9099,"Healthcare Support Workers, All Other",detailed,440,46020,34110,39960,53210,63070
40060,"Richmond, VA",33-0000,Protective Service Occupations,major,18820,50170,28590,35840,69790,93460
40060,"Richmond, VA",33-1011,First-Line Supervisors of Correctional Officers,detailed,470,67440,54830,58840,81070,97110
40060,"Richmond, VA",33-1012,First-Line Supervisors of Police and Detectives,detailed,690,100260,76220,85810,123630,152030
40060,"Richmond, VA",33-1021,First-Line Supervisors of Firefighting and Prevention Workers,detailed,500,100210,72820,85330,118150,124610
40060,"Richmond, VA",33-1091,First-Line Supervisors of Security Workers,detailed,240,62510,40130,47660,77460,93440
40060,"Richmond, VA",33-2011,Firefighters,detailed,2020,60790,38940,50170,76540,77310
40060,"Richmond, VA",33-3011,Bailiffs,detailed,30,61470,45150,61470,73870,73870
40060,"Richmond, VA",33-3012,Correctional Officers and Jailers,detailed,1930,51660,46320,47200,60490,74980
40060,"Richmond, VA",33-3021,Detectives and Criminal Investigators,detailed,490,91080,66930,77280,115710,155940
40060,"Richmond, VA",33-3051,Police and Sheriff's Patrol Officers,detailed,3410,62720,53270,58820,76410,96220
40060,"Richmond, VA",33-9011,Animal Control Workers,detailed,60,49010,43360,44020,50480,56090
40060,"Richmond, VA",33-9021,Private Detectives and Investigators,detailed,130,52430,37180,39300,78710,101390
40060,"Richmond, VA",33-9032,Security Guards,detailed,4630,36960,30790,35210,46040,61990
40060,"Richmond, VA",33-9091,Crossing Guards and Flaggers,detailed,390,35520,29970,31810,38280,42330
40060,"Richmond, VA",33-9092,"Lifeguards, Ski Patrol, and Other Recreational Protective Service Workers",detailed,**,28590,26280,28340,29630,34720
40060,"Richmond, VA",33-9093,Transportation Security Screeners,detailed,160,65960,47670,63840,70200,70200
40060,"Richmond, VA",33-9094,School Bus Monitors,detailed,270,30420,29390,29390,37940,44060
40060,"Richmond, VA",35-0000,Food Preparation and Serving Related Occupations,major,52500,34300,27730,29090,39180,50170
40060,"Richmond, VA",35-1011,Chefs and Head Cooks,detailed,540,59730,46040,53690,75280,92810
40060,"Richmond, VA",35-1012,First-Line Supervisors of Food Preparation and Serving Workers,detailed,4590,45580,34780,37800,53340,62260
40060,"Richmond, VA",35-2011,"Cooks, Fast Food",detailed,1180,29570,26440,28590,35630,44360
40060,"Richmond, VA",35-2012,"Cooks, Institution and Cafeteria",detailed,1550,37140,30740,35630,40450,45220
40060,"Richmond, VA",35-2014,"Cooks, Restaurant",detailed,6160,37080,29520,31190,38890,44690
40060,"Richmond, VA",35-2015,"Cooks, Short Order",detailed,300,29280,26880,27730,36380,37500
40060,"Richmond, VA",35-2019,"Cooks, All Other",detailed,50,35540,29080,29080,59840,66560
40060,"Richmond, VA",35-2021,Food Preparation Workers,detailed,2890,33650,29210,31200,36120,38390
40060,"Richmond, VA",35-3011,Bartenders,detailed,2110,46070,27670,33910,70210,79320
40060,"Richmond, VA",35-3023,Fast Food and Counter Workers,detailed,17100,29500,27600,28370,33880,35980
40060,"Richmond, VA",35-3031,Waiters and Waitresses,detailed,9120,38470,27560,30390,50030,74000
40060,"Richmond, VA",35-3041,"Food Servers, Nonrestaurant",detailed,1250,34960,29290,31240,37350,40130
40060,"Richmond, VA",35-9011,Dining Room and Cafeteria Attendants and Bartender Helpers,detailed,1790,29980,26750,28960,37030,46440
40060,"Richmond, VA",35-9021,Dishwashers,detailed,1980,31370,27840,28960,35910,38850
40060,"Richmond, VA",35-9031,"Hosts and Hostesses, Restaurant, Lounge, and Coffee Shop",detailed,1680,29480,27440,28620,34200,45660
40060,"Richmond, VA",35-9099,"Food Preparation and Serving Related Workers, All Other",detailed,210,33980,27900,31160,37830,40930
40060,"Richmond, VA",37-0000,Building and Grounds Cleaning and Maintenance Occupations,major,18870,35690,28800,30370,40040,48590
40060,"Richmond, VA",37-1011,First-Line Supervisors of Housekeeping and Janitorial Workers,detailed,720,46540,35280,38570,61890,75550
40060,"Richmond, VA",37-1012,"First-Line Supervisors of Landscaping, Lawn Service, and Groundskeeping Workers",detailed,570,58590,44470,48490,62390,80730
40060,"Richmond, VA",37-2011,"Janitors and Cleaners, Except Maids and Housekeeping Cleaners",detailed,9270,34200,28660,29480,37930,45850
40060,"Richmond, VA",37-2012,Maids and Housekeeping Cleaners,detailed,3280,33470,28390,29640,35030,39640
40060,"Richmond, VA",37-2021,Pest Control Workers,detailed,420,45800,37890,38480,48320,60500
40060,"Richmond, VA",37-3011,Landscaping and Groundskeeping Workers,detailed,4360,37170,31150,35940,44540,47940
40060,"Richmond, VA",37-3013,Tree Trimmers and Pruners,detailed,170,45600,40040,45600,53970,53980
40060,"Richmond, VA",39-0000,Personal Care and Service Occupations,major,15140,35000,27000,29200,41410,55040
40060,"Richmond, VA",39-1014,"First-Line Supervisors of Entertainment and Recreation Workers, Except Gambling Services",detailed,540,46960,34060,37610,60190,74850
40060,"Richmond, VA",39-1022,First-Line Supervisors of Personal Service Workers,detailed,450,50060,36870,43280,57990,73330
40060,"Richmond, VA",39-2011,Animal Trainers,detailed,110,46820,34690,38130,102000,102020
40060,"Richmond, VA",39-2021,Animal Caretakers,detailed,1540,33710,28150,29080,36680,46770
40060,"Richmond, VA",39-3031,"Ushers, Lobby Attendants, and Ticket Takers",detailed,580,28860,25810,27090,29390,29390
40060,"Richmond, VA",39-3091,Amusement and Recreation Attendants,detailed,1700,29250,25810,26540,34360,37790
40060,"Richmond, VA",39-4021,Funeral Attendants,detailed,230,35030,29000,29200,36440,45220
40060,"Richmond, VA",39-4031,"Morticians, Undertakers, and Funeral Arrangers",detailed,100,59340,34990,36050,62390,75090
40060,"Richmond, VA",39-5012,"Hairdressers, Hairstylists, and Cosmetologists",detailed,1660,NA,NA,NA,NA,NA
40060,"Richmond, VA",39-5092,Manicurists and Pedicurists,detailed,740,36610,29350,30450,47430,56460
40060,"Richmond, VA",39-5093,Shampooers,detailed,**,27340,25810,25810,33890,35110
40060,"Richmond, VA",39-5094,Skincare Specialists,detailed,330,35370,30470,34840,48350,67520
40060,"Richmond, VA",39-6012,Concierges,detailed,310,35470,30520,32110,38340,40390
40060,"Richmond, VA",39-7010,Tour and Travel Guides,detailed,220,37350,27670,32470,44830,46350
40060,"Richmond, VA",39-9011,Childcare Workers,detailed,2610,33570,28270,29400,36130,37140
40060,"Richmond, VA",39-9031,Exercise Trainers and Group Fitness Instructors,detailed,2000,39110,28380,30500,48090,72680
40060,"Richmond, VA",39-9032,Recreation Workers,detailed,1320,34700,26330,27680,41780,52920
40060,"Richmond, VA",39-9041,Residential Advisors,detailed,390,39770,34510,36230,47380,57480
40060,"Richmond, VA",39-9099,"Personal Care and Service Workers, All Other",detailed,140,27610,26810,26810,36540,43610
40060,"Richmond, VA",41-0000,Sales and Related Occupations,major,61370,37630,28500,30590,60840,98990
40060,"Richmond, VA",41-1011,First-Line Supervisors of Retail Sales Workers,detailed,5000,48380,35250,39020,62350,77230
40060,"Richmond, VA",41-1012,First-Line Supervisors of Non-Retail Sales Workers,detailed,1470,99960,57390,76650,134130,185070
40060,"Richmond, VA",41-2011,Cashiers,detailed,14460,30350,27570,28660,35020,36510
40060,"Richmond, VA",41-2021,Counter and Rental Clerks,detailed,2610,46520,31340,36690,60330,71990
40060,"Richmond, VA",41-2022,Parts Salespersons,detailed,1320,38320,29230,31060,49690,61460
40060,"Richmond, VA",41-2031,Retail Salespersons,detailed,16210,33580,27830,28960,37040,45900
40060,"Richmond, VA",41-3011,Advertising Sales Agents,detailed,330,95680,41150,59780,133470,133470
40060,"Richmond, VA",41-3021,Insurance Sales Agents,detailed,2040,62330,37540,47730,94890,141940
40060,"Richmond, VA",41-3031,"Securities, Commodities, and Financial Services Sales Agents",detailed,2990,73500,49850,51120,109410,163480
40060,"Richmond, VA",41-3041,Travel Agents,detailed,100,45230,30150,39280,60770,73270
40060,"Richmond, VA",41-3091,"Sales Representatives of Services, Except Advertising, Insurance, Financial Services, and Travel",detailed,5710,61510,36250,46160,87750,129720
40060,"Richmond, VA",41-4011,"Sales Representatives, Wholesale and Manufacturing, Technical and Scientific Products",detailed,1010,129880,64430,83870,164590,170510
40060,"Richmond, VA",41-4012,"Sales Representatives, Wholesale and Manufacturing, Except Technical and Scientific Products",detailed,5080,63180,37920,49500,96400,166790
40060,"Richmond, VA",41-9011,Demonstrators and Product Promoters,detailed,160,36070,29960,33920,49400,62810
40060,"Richmond, VA",41-9021,Real Estate Brokers,detailed,**,75300,51530,52850,131820,159370
40060,"Richmond, VA",41-9022,Real Estate Sales Agents,detailed,**,64850,37090,46580,100840,123770
40060,"Richmond, VA",41-9031,Sales Engineers,detailed,**,101210,77520,81690,156030,196220
40060,"Richmond, VA",41-9099,"Sales and Related Workers, All Other",detailed,160,37890,28680,30170,56270,84170
40060,"Richmond, VA",43-0000,Office and Administrative Support Occupations,major,73590,47110,33330,38480,58980,73350
40060,"Richmond, VA",43-1011,First-Line Supervisors of Office and Administrative Support Workers,detailed,6490,64690,45140,53340,81440,102040
40060,"Richmond, VA",43-2011,"Switchboard Operators, Including Answering Service",detailed,150,36740,32090,36170,37400,41270
40060,"Richmond, VA",43-3011,Bill and Account Collectors,detailed,1040,46470,32080,36990,53320,63860
40060,"Richmond, VA",43-3021,Billing and Posting Clerks,detailed,1610,47170,38060,41650,55860,64380
40060,"Richmond, VA",43-3031,"Bookkeeping, Accounting, and Auditing Clerks",detailed,4890,51400,37360,45010,60920,70160
40060,"Richmond, VA",43-3051,Payroll and Timekeeping Clerks,detailed,630,60010,41180,47510,66620,77520
40060,"Richmond, VA",43-3061,Procurement Clerks,detailed,190,55390,43700,48530,62940,67830
40060,"Richmond, VA",43-3071,Tellers,detailed,830,45590,36990,39590,48360,59230
40060,"Richmond, VA",43-3099,"Financial Clerks, All Other",detailed,270,63220,50710,51910,64080,76500
40060,"Richmond, VA",43-4011,Brokerage Clerks,detailed,**,61800,51210,56430,69290,90440
40060,"Richmond, VA",43-4031,"Court, Municipal, and License Clerks",detailed,860,42650,40190,40470,48880,59950
40060,"Richmond, VA",43-4041,"Credit Authorizers, Checkers, and Clerks",detailed,60,58330,39780,42150,65730,74680
40060,"Richmond, VA",43-4051,Customer Service Representatives,detailed,10960,42660,31340,35670,48550,61050
40060,"Richmond, VA",43-4061,"Eligibility Interviewers, Government Programs",detailed,680,53090,44930,50280,61980,65500
40060,"Richmond, VA",43-4071,File Clerks,detailed,250,47020,28830,35030,51770,59300
40060,"Richmond, VA",43-4081,"Hotel, Motel, and Resort Desk Clerks",detailed,860,30850,28570,29770,34570,35800
40060,"Richmond, VA",43-4111,"Interviewers, Except Eligibility and Loan",detailed,230,46390,37300,38560,55670,72280
40060,"Richmond, VA",43-4121,"Library Assistants, Clerical",detailed,400,38230,32450,36340,38470,47400
40060,"Richmond, VA",43-4131,Loan Interviewers and Clerks,detailed,710,52800,38610,47770,63540,66990
40060,"Richmond, VA",43-4141,New Accounts Clerks,detailed,70,48300,39480,46710,56380,57960
40060,"Richmond, VA",43-4151,Order Clerks,detailed,340,42830,34480,37550,53030,64170
40060,"Richmond, VA",43-4161,"Human Resources Assistants, Except Payroll and Timekeeping",detailed,470,52730,38680,46210,62880,65510
40060,"Richmond, VA",43-4171,Receptionists and Information Clerks,detailed,3550,36400,28530,31100,40260,45720
40060,"Richmond, VA",43-4181,Reservation and Transportation Ticket Agents and Travel Clerks,detailed,120,36510,36500,36510,46130,73350
40060,"Richmond, VA",43-4199,"Information and Record Clerks, All Other",detailed,880,48580,36400,39220,60330,66930
40060,"Richmond, VA",43-5011,Cargo and Freight Agents,detailed,280,49640,46850,49630,58230,69320
40060,"Richmond, VA",43-5021,Couriers and Messengers,detailed,280,38270,32440,36410,46600,49710
40060,"Richmond, VA",43-5031,Public Safety Telecommunicators,detailed,520,53390,44200,48250,61040,63560
40060,"Richmond, VA",43-5032,"Dispatchers, Except Police, Fire, and Ambulance",detailed,910,49830,38510,45070,60580,69140
40060,"Richmond, VA",43-5041,"Meter Readers, Utilities",detailed,80,41890,33740,33750,48370,61110
40060,"Richmond, VA",43-5051,Postal Service Clerks,detailed,250,61050,54330,56740,71470,75690
40060,"Richmond, VA",43-5052,Postal Service Mail Carriers,detailed,1200,61130,42390,48940,78270,81040
40060,"Richmond, VA",43-5053,"Postal Service Mail Sorters, Processors, and Processing Machine Operators",detailed,1090,55350,42600,47440,63650,75280
40060,"Richmond, VA",43-5061,"Production, Planning, and Expediting Clerks",detailed,1230,59440,40620,47570,72800,81720
40060,"Richmond, VA",43-5071,"Shipping, Receiving, and Inventory Clerks",detailed,4420,44450,32240,36640,48530,61510
40060,"Richmond, VA",43-5111,"Weighers, Measurers, Checkers, and Samplers, Recordkeeping",detailed,280,46670,31600,37960,52750,61080
40060,"Richmond, VA",43-6011,Executive Secretaries and Executive Administrative Assistants,detailed,2060,77510,51490,60930,85630,98620
40060,"Richmond, VA",43-6012,Legal Secretaries and Administrative Assistants,detailed,560,61600,46990,49490,76890,94740
40060,"Richmond, VA",43-6013,Medical Secretaries and Administrative Assistants,detailed,4140,44310,36730,38750,46860,53830
40060,"Richmond, VA",43-6014,"Secretaries and Administrative Assistants, Except Legal, Medical, and Executive",detailed,4940,47840,34230,39150,54630,63120
40060,"Richmond, VA",43-9021,Data Entry Keyers,detailed,480,40270,28010,35410,47170,50700
40060,"Richmond, VA",43-9022,Word Processors and Typists,detailed,40,46320,34290,39000,53910,61260
40060,"Richmond, VA",43-9041,Insurance Claims and Policy Processing Clerks,detailed,1530,47690,28310,33920,52390,60820
40060,"Richmond, VA",43-9051,"Mail Clerks and Mail Machine Operators, Except Postal Service",detailed,360,38170,26730,30670,45450,51940
40060,"Richmond, VA",43-9061,"Office Clerks, General",detailed,10890,46320,32130,38010,55190,64850
40060,"Richmond, VA",43-9071,"Office Machine Operators, Except Computer",detailed,100,40140,27870,34420,47420,56020
40060,"Richmond, VA",43-9199,"Office and Administrative Support Workers, All Other",detailed,1190,50480,36880,41850,59920,71070
40060,"Richmond, VA",45-0000,"Farming, Fishing, and Forestry Occupations",major,590,40560,31200,35690,51640,64150
40060,"Richmond, VA",45-1011,"First-Line Supervisors of Farming, Fishing, and Forestry Workers",detailed,120,55810,44730,49800,72120,95820
40060,"Richmond, VA",45-2092,"Farmworkers and Laborers, Crop, Nursery, and Greenhouse",detailed,230,38570,29360,33310,39720,44210
40060,"Richmond, VA",45-2093,"Farmworkers, Farm, Ranch, and Aquacultural Animals",detailed,40,48880,33740,36580,59730,61500
40060,"Richmond, VA",45-4021,Fallers,detailed,40,40560,35180,40560,49470,53570
40060,"Richmond, VA",45-4022,Logging Equipment Operators,detailed,80,45500,31200,35480,48120,64490
40060,"Richmond, VA",47-0000,Construction and Extraction Occupations,major,29810,52310,37840,45000,64060,80740
40060,"Richmond, VA",47-1011,First-Line Supervisors of Construction Trades and Extraction Workers,detailed,4460,76630,53000,62200,92220,108220
40060,"Richmond, VA",47-2021,Brickmasons and Blockmasons,detailed,430,51800,40190,45830,58620,61520
40060,"Richmond, VA",47-2031,Carpenters,detailed,3070,51870,37990,46640,59990,69640
40060,"Richmond, VA",47-2044,Tile and Stone Setters,detailed,120,50130,36040,36730,61550,62580
40060,"Richmond, VA",47-2051,Cement Masons and Concrete Finishers,detailed,630,45670,37710,38560,58140,64310
40060,"Richmond, VA",47-2061,Construction Laborers,detailed,4560,42410,32480,37880,47020,53190
40060,"Richmond, VA",47-2071,"Paving, Surfacing, and Tamping Equipment Operators",detailed,250,49880,37610,40760,59770,60350
40060,"Richmond, VA",47-2073,Operating Engineers and Other Construction Equipment Operators,detailed,2220,55280,40650,48010,61890,74400
40060,"Richmond, VA",47-2081,Drywall and Ceiling Tile Installers,detailed,360,49260,40400,47430,58710,60410
40060,"Richmond, VA",47-2111,Electricians,detailed,3600,61350,39070,48100,76500,80740
40060,"Richmond, VA",47-2121,Glaziers,detailed,160,57760,38280,48620,60460,61050
40060,"Richmond, VA",47-2132,"Insulation Workers, Mechanical",detailed,410,49460,38100,41010,57010,58080
40060,"Richmond, VA",47-2141,"Painters, Construction and Maintenance",detailed,1010,47670,36790,39400,49000,59280
40060,"Richmond, VA",47-2151,Pipelayers,detailed,240,48700,39320,46100,59070,59160
40060,"Richmond, VA",47-2152,"Plumbers, Pipefitters, and Steamfitters",detailed,2340,61480,44420,48500,72020,77490
40060,"Richmond, VA",47-2181,Roofers,detailed,330,48050,39620,46380,57360,61140
40060,"Richmond, VA",47-2211,Sheet Metal Workers,detailed,610,48010,36510,43370,62400,75550
40060,"Richmond, VA",47-2221,Structural Iron and Steel Workers,detailed,**,60260,47160,51700,61180,70360
40060,"Richmond, VA",47-3011,"Helpers--Brickmasons, Blockmasons, Stonemasons, and Tile and Marble Setters",detailed,90,38890,36440,38240,44180,44550
40060,"Richmond, VA",47-3012,Helpers--Carpenters,detailed,280,42660,33020,39070,47070,57140
40060,"Richmond, VA",47-3013,Helpers--Electricians,detailed,410,43510,33170,37240,48000,54140
40060,"Richmond, VA",47-3015,"Helpers--Pipelayers, Plumbers, Pipefitters, and Steamfitters",detailed,370,37990,32000,36330,45310,48090
40060,"Richmond, VA",47-3019,"Helpers, Construction Trades, All Other",detailed,140,43480,36600,37660,46910,48290
40060,"Richmond, VA",47-4011,Construction and Building Inspectors,detailed,1140,70790,49580,60650,85680,120390
40060,"Richmond, VA",47-4021,Elevator and Escalator Installers and Repairers,detailed,90,108250,61970,80030,125510,129010
40060,"Richmond, VA",47-4041,Hazardous Materials Removal Workers,detailed,250,45190,36560,38880,45970,57250
40060,"Richmond, VA",47-4051,Highway Maintenance Workers,detailed,390,53770,42490,49480,58330,61990
40060,"Richmond, VA",47-4090,Miscellaneous Construction and Related Workers,detailed,120,47650,44110,47370,57290,61730
40060,"Richmond, VA",47-5022,"Excavating and Loading Machine and Dragline Operators, Surface Mining",detailed,140,58710,27240,47380,68770,77070
40060,"Richmond, VA",47-5023,"Earth Drillers, Except Oil and Gas",detailed,70,51120,41600,47520,67670,71350
40060,"Richmond, VA",49-0000,"Installation, Maintenance, and Repair Occupations",major,26430,59190,36830,46510,75280,91080
40060,"Richmond, VA",49-1011,"First-Line Supervisors of Mechanics, Installers, and Repairers",detailed,2980,78990,53390,63800,99140,121430
40060,"Richmond, VA",49-2011,"Computer, Automated Teller, and Office Machine Repairers",detailed,240,47120,35950,38340,56780,66980
40060,"Richmond, VA",49-2021,"Radio, Cellular, and Tower Equipment Installers and Repairers",detailed,50,67090,44620,57670,98650,106950
40060,"Richmond, VA",49-2022,"Telecommunications Equipment Installers and Repairers, Except Line Installers",detailed,510,59590,45210,50950,77820,89510
40060,"Richmond, VA",49-2092,"Electric Motor, Power Tool, and Related Repairers",detailed,70,58770,25810,40190,74520,77860
40060,"Richmond, VA",49-2094,"Electrical and Electronics Repairers, Commercial and Industrial Equipment",detailed,210,70120,47980,61940,78870,86170
40060,"Richmond, VA",49-2095,"Electrical and Electronics Repairers, Powerhouse, Substation, and Relay",detailed,180,101140,63270,76160,106770,118850
40060,"Richmond, VA",49-2096,"Electronic Equipment Installers and Repairers, Motor Vehicles",detailed,110,45230,39180,39180,47380,51820
40060,"Richmond, VA",49-2097,Audiovisual Equipment Installers and Repairers,detailed,70,50250,35730,44620,58280,61960
40060,"Richmond, VA",49-2098,Security and Fire Alarm Systems Installers,detailed,500,59560,38770,48900,69500,77750
40060,"Richmond, VA",49-3011,Aircraft Mechanics and Service Technicians,detailed,140,75100,55130,62400,82550,96400
40060,"Richmond, VA",49-3021,Automotive Body and Related Repairers,detailed,600,53800,37030,47170,77320,108530
40060,"Richmond, VA",49-3023,Automotive Service Technicians and Mechanics,detailed,2930,61510,36550,45910,76000,81850
40060,"Richmond, VA",49-3031,Bus and Truck Mechanics and Diesel Engine Specialists,detailed,1400,61390,46160,52380,66320,79200
40060,"Richmond, VA",49-3041,Farm Equipment Mechanics and Service Technicians,detailed,90,51060,37050,40300,60000,64240
40060,"Richmond, VA",49-3042,"Mobile Heavy Equipment Mechanics, Except Engines",detailed,930,64480,47020,57030,76480,82580
40060,"Richmond, VA",49-3053,Outdoor Power Equipment and Other Small Engine Mechanics,detailed,270,47230,38570,42250,59330,64180
40060,"Richmond, VA",49-3091,Bicycle Repairers,detailed,30,36610,34300,36420,37270,47720
40060,"Richmond, VA",49-3092,Recreational Vehicle Service Technicians,detailed,100,41280,35360,37500,64800,99020
40060,"Richmond, VA",49-3093,Tire Repairers and Changers,detailed,650,33830,31220,33830,44460,49380
40060,"Richmond, VA",49-9011,Mechanical Door Repairers,detailed,130,50880,38580,48070,59690,78570
40060,"Richmond, VA",49-9012,"Control and Valve Installers and Repairers, Except Mechanical Door",detailed,180,70910,53490,61450,89910,98730
40060,"Richmond, VA",49-9021,"Heating, Air Conditioning, and Refrigeration Mechanics and Installers",detailed,2700,59130,38270,47220,65710,78620
40060,"Richmond, VA",49-9031,Home Appliance Repairers,detailed,110,52790,37470,45930,63030,83650
40060,"Richmond, VA",49-9041,Industrial Machinery Mechanics,detailed,1900,66080,46790,57770,81610,92500
40060,"Richmond, VA",49-9043,"Maintenance Workers, Machinery",detailed,210,56150,46450,46570,73380,98390
40060,"Richmond, VA",49-9044,Millwrights,detailed,150,48890,45530,45760,60360,75360
40060,"Richmond, VA",49-9051,Electrical Power-Line Installers and Repairers,detailed,490,78110,50920,60410,100480,105600
40060,"Richmond, VA",49-9052,Telecommunications Line Installers and Repairers,detailed,540,82130,41010,53660,95630,99390
40060,"Richmond, VA",49-9062,Medical Equipment Repairers,detailed,260,56580,46970,55300,77460,100760
40060,"Richmond, VA",49-9069,"Precision Instrument and Equipment Repairers, All Other",detailed,**,74300,27360,37190,95460,102860
40060,"Richmond, VA",49-9071,"Maintenance and Repair Workers, General",detailed,5520,48730,34770,39080,60660,76730
40060,"Richmond, VA",49-9091,"Coin, Vending, and Amusement Machine Servicers and Repairers",detailed,90,48740,35790,37820,49070,56990
40060,"Richmond, VA",49-9094,Locksmiths and Safe Repairers,detailed,90,51260,34850,47430,64530,75850
40060,"Richmond, VA",49-9096,Riggers,detailed,100,60790,46440,49200,67550,79100
40060,"Richmond, VA",49-9098,"Helpers--Installation, Maintenance, and Repair Workers",detailed,550,39050,32990,35360,47930,53870
40060,"Richmond, VA",49-9099,"Installation, Maintenance, and Repair Workers, All Other",detailed,1000,45050,34010,39860,58720,63560
40060,"Richmond, VA",51-0000,Production Occupations,major,25330,46480,30800,36830,59870,77930
40060,"Richmond, VA",51-1011,First-Line Supervisors of Production and Operating Workers,detailed,2210,73630,44610,57970,96410,116920
40060,"Richmond, VA",51-2021,"Coil Winders, Tapers, and Finishers",detailed,60,60310,37960,50710,65270,77790
40060,"Richmond, VA",51-2028,"Electrical, Electronic, and Electromechanical Assemblers, Except Coil Winders, Tapers, and Finishers",detailed,530,48170,37720,39150,50940,61190
40060,"Richmond, VA",51-2031,Engine and Other Machine Assemblers,detailed,40,59570,45670,49610,62540,75880
40060,"Richmond, VA",51-2041,Structural Metal Fabricators and Fitters,detailed,200,50290,39530,47060,65140,71810
40060,"Richmond, VA",51-2090,Miscellaneous Assemblers and Fabricators,detailed,2970,39060,28690,36230,46930,58910
40060,"Richmond, VA",51-3011,Bakers,detailed,1450,31500,28570,30370,36000,44140
40060,"Richmond, VA",51-3021,Butchers and Meat Cutters,detailed,550,40120,34300,37030,40120,47880
40060,"Richmond, VA",51-3022,"Meat, Poultry, and Fish Cutters and Trimmers",detailed,210,37630,29620,31560,42220,44220
40060,"Richmond, VA",51-3092,Food Batchmakers,detailed,330,37190,30330,30330,42740,52310
40060,"Richmond, VA",51-3093,Food Cooking Machine Operators and Tenders,detailed,80,38030,32080,32080,38640,45590
40060,"Richmond, VA",51-3099,"Food Processing Workers, All Other",detailed,100,38240,36010,36010,41160,42750
40060,"Richmond, VA",51-4021,"Extruding and Drawing Machine Setters, Operators, and Tenders, Metal and Plastic",detailed,200,46670,39770,46190,53330,58800
40060,"Richmond, VA",51-4022,"Forging Machine Setters, Operators, and Tenders, Metal and Plastic",detailed,70,54230,44820,49500,56710,58560
40060,"Richmond, VA",51-4023,"Rolling Machine Setters, Operators, and Tenders, Metal and Plastic",detailed,220,45670,40000,44320,57800,64180
40060,"Richmond, VA",51-4031,"Cutting, Punching, and Press Machine Setters, Operators, and Tenders, Metal and Plastic",detailed,390,49270,29950,42160,51800,59340
40060,"Richmond, VA",51-4033,"Grinding, Lapping, Polishing, and Buffing Machine Tool Setters, Operators, and Tenders, Metal and Plastic",detailed,100,48960,32030,38020,56740,62070
40060,"Richmond, VA",51-4041,Machinists,detailed,650,62650,46890,58150,80490,95800
40060,"Richmond, VA",51-4072,"Molding, Coremaking, and Casting Machine Setters, Operators, and Tenders, Metal and Plastic",detailed,110,36720,30390,30390,46290,56320
40060,"Richmond, VA",51-4081,"Multiple Machine Tool Setters, Operators, and Tenders, Metal and Plastic",detailed,130,49780,38040,41690,57950,63250
40060,"Richmond, VA",51-4111,Tool and Die Makers,detailed,30,68000,52500,65050,68610,76360
40060,"Richmond, VA",51-4121,"Welders, Cutters, Solderers, and Brazers",detailed,1260,57710,42950,48600,66490,83920
40060,"Richmond, VA",51-4122,"Welding, Soldering, and Brazing Machine Setters, Operators, and Tenders",detailed,40,51270,40580,44540,59130,61970
40060,"Richmond, VA",51-4191,"Heat Treating Equipment Setters, Operators, and Tenders, Metal and Plastic",detailed,60,52340,41000,46450,56490,65230
40060,"Richmond, VA",51-5111,Prepress Technicians and Workers,detailed,50,49850,39500,43990,57500,63650
40060,"Richmond, VA",51-5112,Printing Press Operators,detailed,650,44110,30270,33830,51790,62060
40060,"Richmond, VA",51-6011,Laundry and Dry-Cleaning Workers,detailed,1010,33220,26670,28420,35010,36360
40060,"Richmond, VA",51-6021,"Pressers, Textile, Garment, and Related Materials",detailed,**,28830,28000,28270,34250,34470
40060,"Richmond, VA",51-6031,Sewing Machine Operators,detailed,210,35310,28080,29910,44720,48470
40060,"Richmond, VA",51-6052,"Tailors, Dressmakers, and Custom Sewers",detailed,**,47370,28070,28990,58690,58690
40060,"Richmond, VA",51-6093,Upholsterers,detailed,60,47560,27580,27580,59270,61910
40060,"Richmond, VA",51-7011,Cabinetmakers and Bench Carpenters,detailed,290,47230,34450,38600,57150,60560
40060,"Richmond, VA",51-7041,"Sawing Machine Setters, Operators, and Tenders, Wood",detailed,200,35790,31450,32830,42490,45300
40060,"Richmond, VA",51-7042,"Woodworking Machine Setters, Operators, and Tenders, Except Sawing",detailed,160,36790,31450,31450,44210,49330
40060,"Richmond, VA",51-8012,Power Distributors and Dispatchers,detailed,90,102220,71670,82540,105500,109890
40060,"Richmond, VA",51-8013,Power Plant Operators,detailed,60,63640,43250,50480,78340,104740
40060,"Richmond, VA",51-8021,Stationary Engineers and Boiler Operators,detailed,60,64750,35950,54650,89130,105500
40060,"Richmond, VA",51-8031,Water and Wastewater Treatment Plant and System Operators,detailed,380,59970,45230,49070,72210,78340
40060,"Richmond, VA",51-8091,Chemical Plant and System Operators,detailed,340,77930,43330,59870,84800,96520
40060,"Richmond, VA",51-8093,"Petroleum Pump System Operators, Refinery Operators, and Gaugers",detailed,40,NA,NA,NA,NA,NA
40060,"Richmond, VA",51-9011,Chemical Equipment Operators and Tenders,detailed,760,61840,44420,58030,75060,81020
40060,"Richmond, VA",51-9012,"Separating, Filtering, Clarifying, Precipitating, and Still Machine Setters, Operators, and Tenders",detailed,230,55960,31810,41520,79090,80350
40060,"Richmond, VA",51-9021,"Crushing, Grinding, and Polishing Machine Setters, Operators, and Tenders",detailed,80,44240,33680,36140,49260,61750
40060,"Richmond, VA",51-9023,"Mixing and Blending Machine Setters, Operators, and Tenders",detailed,270,48930,39900,46420,56580,69800
40060,"Richmond, VA",51-9032,"Cutting and Slicing Machine Setters, Operators, and Tenders",detailed,230,48260,39220,42900,51740,55520
40060,"Richmond, VA",51-9041,"Extruding, Forming, Pressing, and Compacting Machine Setters, Operators, and Tenders",detailed,290,43800,36990,43750,48040,69900
40060,"Richmond, VA",51-9051,"Furnace, Kiln, Oven, Drier, and Kettle Operators and Tenders",detailed,50,48330,31570,35170,59330,77490
40060,"Richmond, VA",51-9061,"Inspectors, Testers, Sorters, Samplers, and Weighers",detailed,1330,48710,34530,40920,60230,72910
40060,"Richmond, VA",51-9071,Jewelers and Precious Stone and Metal Workers,detailed,70,54860,34450,54630,64420,82750
40060,"Richmond, VA",51-9081,Dental Laboratory Technicians,detailed,150,46700,36100,36420,59690,76960
40060,"Richmond, VA",51-9082,Medical Appliance Technicians,detailed,60,58210,43680,46390,75900,75900
40060,"Richmond, VA",51-9111,Packaging and Filling Machine Operators and Tenders,detailed,1340,44180,31480,35990,50180,71870
40060,"Richmond, VA",51-9123,"Painting, Coating, and Decorating Workers",detailed,50,48570,37920,41980,55670,60820
40060,"Richmond, VA",51-9124,"Coating, Painting, and Spraying Machine Setters, Operators, and Tenders",detailed,440,48310,35300,40240,61720,78020
40060,"Richmond, VA",51-9161,Computer Numerically Controlled Tool Operators,detailed,280,50700,37750,46490,62250,74040
40060,"Richmond, VA",51-9162,Computer Numerically Controlled Tool Programmers,detailed,40,65630,53400,59370,75860,96370
40060,"Richmond, VA",51-9191,Adhesive Bonding Machine Operators and Tenders,detailed,70,43020,36200,43010,48920,51140
40060,"Richmond, VA",51-9195,"Molders, Shapers, and Casters, Except Metal and Plastic",detailed,140,44420,36440,40620,47890,54360
40060,"Richmond, VA",51-9196,"Paper Goods Machine Setters, Operators, and Tenders",detailed,930,49980,37540,41700,61550,80940
40060,"Richmond, VA",51-9198,Helpers--Production Workers,detailed,530,40450,31310,36040,44460,48480
40060,"Richmond, VA",51-9199,"Production Workers, All Other",detailed,730,38220,31330,35440,48340,66660
40060,"Richmond, VA",53-0000,Transportation and Material Moving Occupations,major,58980,43990,29630,36150,50740,64990
40060,"Richmond, VA",53-1047,"First-Line Supervisors of Transportation and Material Moving Workers, Except Aircraft Cargo Handling Supervisors",detailed,2830,60060,43330,47990,76900,86400
40060,"Richmond, VA",53-2011,"Airline Pilots, Copilots, and Flight Engineers",detailed,50,130100,55810,101960,169550,326430
40060,"Richmond, VA",53-2012,Commercial Pilots,detailed,120,119710,55310,96020,200600,228970
40060,"Richmond, VA",53-2031,Flight Attendants,detailed,40,72600,25810,25810,125700,125710
40060,"Richmond, VA",53-3011,"Ambulance Drivers and Attendants, Except Emergency Medical Technicians",detailed,70,45490,31860,36710,45830,45830
40060,"Richmond, VA",53-3031,Driver/Sales Workers,detailed,1350,36230,27100,29360,50160,58850
40060,"Richmond, VA",53-3032,Heavy and Tractor-Trailer Truck Drivers,detailed,11760,58190,37190,46850,71460,94450
40060,"Richmond, VA",53-3033,Light Truck Drivers,detailed,4790,41720,28590,33560,45780,64370
40060,"Richmond, VA",53-3051,"Bus Drivers, School",detailed,2070,49370,38570,39880,49810,60080
40060,"Richmond, VA",53-3052,"Bus Drivers, Transit and Intercity",detailed,470,50270,46940,50270,64540,64540
40060,"Richmond, VA",53-3053,Shuttle Drivers and Chauffeurs,detailed,1650,38460,30160,35160,45150,49240
40060,"Richmond, VA",53-3099,"Motor Vehicle Operators, All Other",detailed,120,35440,30200,34640,38910,56240
40060,"Richmond, VA",53-6021,Parking Attendants,detailed,390,25990,25810,25880,33640,35370
40060,"Richmond, VA",53-6031,Automotive and Watercraft Service Attendants,detailed,**,29720,26540,28710,34530,42770
40060,"Richmond, VA",53-6032,Aircraft Service Attendants,detailed,50,39210,31030,32730,39210,44710
40060,"Richmond, VA",53-6051,Transportation Inspectors,detailed,60,68610,51550,60290,121080,143080
40060,"Richmond, VA",53-7011,Conveyor Operators and Tenders,detailed,150,37920,34820,36270,40970,56700
40060,"Richmond, VA",53-7021,Crane and Tower Operators,detailed,170,61180,40520,49250,73540,79380
40060,"Richmond, VA",53-7051,Industrial Truck and Tractor Operators,detailed,5150,46920,37350,44990,50740,61840
40060,"Richmond, VA",53-7061,Cleaners of Vehicles and Equipment,detailed,1280,30380,28020,28470,35830,45000
40060,"Richmond, VA",53-7062,"Laborers and Freight, Stock, and Material Movers, Hand",detailed,10550,40270,31290,36850,48110,48960
40060,"Richmond, VA",53-7063,Machine Feeders and Offbearers,detailed,300,37110,30280,35520,49460,49600
40060,"Richmond, VA",53-7064,"Packers and Packagers, Hand",detailed,1530,34870,27620,28480,40420,46580
40060,"Richmond, VA",53-7065,Stockers and Order Fillers,detailed,12300,37180,29680,32500,40510,49260
40060,"Richmond, VA",53-7081,Refuse and Recyclable Material Collectors,detailed,730,49150,27770,33590,59220,60250
40060,"Richmond, VA",53-7199,"Material Moving Workers, All Other",detailed,50,46020,33090,39900,54900,54900
