race_group,ami_band,tenure,estimate,se,cv,total,share
"White, non-Hispanic",Below 30% AMI,Owner,8491,515.3759307534647,6.069672956700797,154095,0.05510237191343003
"White, non-Hispanic",30-50% AMI,Owner,10440,624.5198155383061,5.9819905702902885,154095,0.06775041370583082
"White, non-Hispanic",50-80% AMI,Owner,22597,824.5311394968659,3.6488522347960606,154095,0.14664330445504398
"White, non-Hispanic",80-100% AMI,Owner,15425,656.8104749469211,4.258090599331741,154095,0.10010058730004218
"White, non-Hispanic",100-120% AMI,Owner,15146,690.463069251354,4.558715629548092,154095,0.0982900158992829
"White, non-Hispanic",Above 120% AMI,Owner,81996,1385.995526688308,1.6903209018590029,154095,0.5321133067263701
"White, non-Hispanic",Below 30% AMI,Renter,9082,575.6175379538049,6.338004161570193,56572,0.16053878243654104
"White, non-Hispanic",30-50% AMI,Renter,7554,534.0144660961911,7.0692939647364454,56572,0.13352895425298733
"White, non-Hispanic",50-80% AMI,Renter,13389,777.0690767235561,5.803787263601136,56572,0.23667185179947678
"White, non-Hispanic",80-100% AMI,Renter,7387,529.0417280328651,7.161794071109585,56572,0.13057696386905182
"White, non-Hispanic",100-120% AMI,Renter,4740,355.6993815007274,7.50420636077484,56572,0.08378703245421763
"White, non-Hispanic",Above 120% AMI,Renter,14420,690.2597337234731,4.786822009178039,56572,0.2548964151877254
Black,Below 30% AMI,Owner,6555,572.3778472303064,8.73192749397874,56430,0.11616161616161616
Black,30-50% AMI,Owner,6131,574.5008703213599,9.370426852411677,56430,0.10864788233209285
Black,50-80% AMI,Owner,11073,535.7023427240168,4.837915133423795,56430,0.1962254120148857
Black,80-100% AMI,Owner,7737,583.4400569038777,7.540908063899156,56430,0.13710792131844762
Black,100-120% AMI,Owner,5718,545.2388467451673,9.535481754899742,56430,0.1013290802764487
Black,Above 120% AMI,Owner,19216,735.7986477291189,3.829093712162359,56430,0.34052808789650896
Black,Below 30% AMI,Renter,18039,898.8220624795545,4.982660139029627,56905,0.3170020209120464
Black,30-50% AMI,Renter,10432,593.1827711591092,5.686184539485326,56905,0.18332308233019945
Black,50-80% AMI,Renter,14068,785.5931517013116,5.584256125258115,56905,0.2472190492926808
Black,80-100% AMI,Renter,5438,546.2395994433213,10.044862071410837,56905,0.09556278007204991
Black,100-120% AMI,Renter,3468,382.07322596591354,11.017105708359676,56905,0.060943678059924435
Black,Above 120% AMI,Renter,5460,520.9901630549275,9.541944378295375,56905,0.09594938933309903
Hispanic or Latino,Below 30% AMI,Owner,844,168.8444550466494,20.005267185621967,12482,0.06761736901137638
Hispanic or Latino,30-50% AMI,Owner,1538,251.15761983264613,16.330144332421725,12482,0.12321743310366928
Hispanic or Latino,50-80% AMI,Owner,2391,261.436894871401,10.934207230087873,12482,0.19155584041019066
Hispanic or Latino,80-100% AMI,Owner,1512,283.50458550083454,18.75030327386472,12482,0.12113443358436148
Hispanic or Latino,100-120% AMI,Owner,1658,269.5738303322487,16.258976497723083,12482,0.13283127703893607
Hispanic or Latino,Above 120% AMI,Owner,4539,446.36436909771373,9.833980372278338,12482,0.3636436468514661
Hispanic or Latino,Below 30% AMI,Renter,3584,355.7335379184819,9.925600946386213,13853,0.25871652349671553
Hispanic or Latino,30-50% AMI,Renter,2842,431.7003011349425,15.190017633178835,13853,0.20515411824153612
Hispanic or Latino,50-80% AMI,Renter,3008,342.72554617361106,11.39380140204824,13853,0.21713708222045766
Hispanic or Latino,80-100% AMI,Renter,1082,229.27832431348585,21.190233300691855,13853,0.07810582545297047
Hispanic or Latino,100-120% AMI,Renter,1301,255.08625992005136,19.60693773405468,13853,0.09391467552154768
Hispanic or Latino,Above 120% AMI,Renter,2036,340.8830444595331,16.742782144377856,13853,0.14697177506677253
Asian,Below 30% AMI,Owner,432,90.06969523652225,20.849466489935704,11538,0.0374414976599064
Asian,30-50% AMI,Owner,1134,206.61413310807177,18.219941191187985,11538,0.09828393135725429
Asian,50-80% AMI,Owner,1272,190.89539020102083,15.007499229640004,11538,0.11024440977639105
Asian,80-100% AMI,Owner,740,163.820633621043,22.137923462303107,11538,0.0641358987692841
Asian,100-120% AMI,Owner,905,154.7959947802268,17.10452980996981,11538,0.07843647079216502
Asian,Above 120% AMI,Owner,7055,424.1466138023502,6.012000195639266,11538,0.6114577916449991
Asian,Below 30% AMI,Renter,589,124.77599929473617,21.184380185863525,5050,0.11663366336633664
Asian,30-50% AMI,Renter,761,196.2086899196873,25.783007873809105,5050,0.1506930693069307
Asian,50-80% AMI,Renter,1022,190.65662852363673,18.6552474093578,5050,0.2023762376237624
Asian,80-100% AMI,Renter,419,106.65505145092754,25.45466621740514,5050,0.08297029702970297
Asian,100-120% AMI,Renter,533,141.4201187950286,26.53285530863576,5050,0.10554455445544554
Asian,Above 120% AMI,Renter,1726,240.68496006190333,13.94466744275222,5050,0.3417821782178218
Multiracial,Below 30% AMI,Owner,419,110.33766356054491,26.333571255499976,6774,0.06185414821375849
Multiracial,30-50% AMI,Owner,610,140.39462240413627,23.015511869530535,6774,0.09005019191024506
Multiracial,50-80% AMI,Owner,1065,199.41025550357236,18.72396765291759,6774,0.15721877767936226
Multiracial,80-100% AMI,Owner,651,140.10888622781926,21.522102339142744,6774,0.09610274579273693
Multiracial,100-120% AMI,Owner,712,151.98503215777532,21.346212381710018,6774,0.10510776498376144
Multiracial,Above 120% AMI,Owner,3317,347.517553513488,10.476863235257401,6774,0.4896663714201358
Multiracial,Below 30% AMI,Renter,1106,190.6770830488027,17.24024259030766,5710,0.1936952714535902
Multiracial,30-50% AMI,Renter,1184,254.37403562470757,21.484293549384088,5710,0.20735551663747812
Multiracial,50-80% AMI,Renter,1614,312.5629536589389,19.365734427443552,5710,0.282661996497373
Multiracial,80-100% AMI,Renter,528,152.04801873092592,28.796973244493547,5710,0.0924693520140105
Multiracial,100-120% AMI,Renter,353,110.50452479423636,31.304397958707185,5710,0.06182136602451839
Multiracial,Above 120% AMI,Renter,925,183.53446542815877,19.84156383007122,5710,0.16199649737302976
Another race,Below 30% AMI,Owner,127,56.77983797088541,44.70853383534285,1032,0.12306201550387597
Another race,30-50% AMI,Owner,86,42.21907151987121,49.09194362775722,1032,0.08333333333333333
Another race,50-80% AMI,Owner,170,68.65202109188047,40.383541818753216,1032,0.16472868217054262
Another race,80-100% AMI,Owner,37,36.75867244610447,99.34776336784992,1032,0.035852713178294575
Another race,100-120% AMI,Owner,62,37.30951621235526,60.17663905218591,1032,0.060077519379844964
Another race,Above 120% AMI,Owner,550,111.89034810920914,20.343699656219844,1032,0.5329457364341085
Another race,Below 30% AMI,Renter,190,97.7092626110749,51.425927690039416,1401,0.13561741613133477
Another race,30-50% AMI,Renter,288,149.59244633336272,51.94182164352872,1401,0.20556745182012848
Another race,50-80% AMI,Renter,279,101.20128457682739,36.27286185549369,1401,0.19914346895074947
Another race,80-100% AMI,Renter,91,69.98857049547448,76.91051702799393,1401,0.0649536045681656
Another race,100-120% AMI,Renter,234,115.62179725294017,49.41102446706845,1401,0.1670235546038544
Another race,Above 120% AMI,Renter,319,105.91765669613353,33.20302717747133,1401,0.22769450392576732
