zip_code,hud_area_code,hud_area_name,bedroom_size,safmr
22546,METRO40060M40060,"Richmond, VA HUD Metro FMR Area",0,1250
22546,METRO40060M40060,"Richmond, VA HUD Metro FMR Area",1,1280
22546,METRO40060M40060,"Richmond, VA HUD Metro FMR Area",2,1560
22546,METRO40060M40060,"Richmond, VA HUD Metro FMR Area",3,2170
22546,METRO40060M40060,"Richmond, VA HUD Metro FMR Area",4,2620
23002,METRO40060M40060,"Richmond, VA HUD Metro FMR Area",0,1370
23002,METRO40060M40060,"Richmond, VA HUD Metro FMR Area",1,1430
23002,METRO40060M40060,"Richmond, VA HUD Metro FMR Area",2,1570
23002,METRO40060M40060,"Richmond, VA HUD Metro FMR Area",3,1970
23002,METRO40060M40060,"Richmond, VA HUD Metro FMR Area",4,2420
23005,METRO40060M40060,"Richmond, VA HUD Metro FMR Area",0,1340
23005,METRO40060M40060,"Richmond, VA HUD Metro FMR Area",1,1400
23005,METRO40060M40060,"Richmond, VA HUD Metro FMR Area",2,1540
23005,METRO40060M40060,"Richmond, VA HUD Metro FMR Area",3,1950
23005,METRO40060M40060,"Richmond, VA HUD Metro FMR Area",4,2410
23009,METRO40060M40060,"Richmond, VA HUD Metro FMR Area",0,1390
23009,METRO40060M40060,"Richmond, VA HUD Metro FMR Area",1,1460
23009,METRO40060M40060,"Richmond, VA HUD Metro FMR Area",2,1600
23009,METRO40060M40060,"Richmond, VA HUD Metro FMR Area",3,2020
23009,METRO40060M40060,"Richmond, VA HUD Metro FMR Area",4,2500
23011,METRO40060M40060,"Richmond, VA HUD Metro FMR Area",0,1450
23011,METRO40060M40060,"Richmond, VA HUD Metro FMR Area",1,1490
23011,METRO40060M40060,"Richmond, VA HUD Metro FMR Area",2,1660
23011,METRO40060M40060,"Richmond, VA HUD Metro FMR Area",3,2200
23011,METRO40060M40060,"Richmond, VA HUD Metro FMR Area",4,2640
23015,METRO40060M40060,"Richmond, VA HUD Metro FMR Area",0,1110
23015,METRO40060M40060,"Richmond, VA HUD Metro FMR Area",1,1210
23015,METRO40060M40060,"Richmond, VA HUD Metro FMR Area",2,1380
23015,METRO40060M40060,"Richmond, VA HUD Metro FMR Area",3,1840
23015,METRO40060M40060,"Richmond, VA HUD Metro FMR Area",4,2190
23024,METRO40060M40060,"Richmond, VA HUD Metro FMR Area",0,1080
23024,METRO40060M40060,"Richmond, VA HUD Metro FMR Area",1,1130
23024,METRO40060M40060,"Richmond, VA HUD Metro FMR Area",2,1240
23024,METRO40060M40060,"Richmond, VA HUD Metro FMR Area",3,1690
23024,METRO40060M40060,"Richmond, VA HUD Metro FMR Area",4,1920
23030,METRO40060M40060,"Richmond, VA HUD Metro FMR Area",0,1340
23030,METRO40060M40060,"Richmond, VA HUD Metro FMR Area",1,1400
23030,METRO40060M40060,"Richmond, VA HUD Metro FMR Area",2,1540
23030,METRO40060M40060,"Richmond, VA HUD Metro FMR Area",3,1950
23030,METRO40060M40060,"Richmond, VA HUD Metro FMR Area",4,2410
23038,METRO40060M40060,"Richmond, VA HUD Metro FMR Area",0,1340
23038,METRO40060M40060,"Richmond, VA HUD Metro FMR Area",1,1400
23038,METRO40060M40060,"Richmond, VA HUD Metro FMR Area",2,1560
23038,METRO40060M40060,"Richmond, VA HUD Metro FMR Area",3,1950
23038,METRO40060M40060,"Richmond, VA HUD Metro FMR Area",4,2410
23039,METRO40060M40060,"Richmond, VA HUD Metro FMR Area",0,1340
23039,METRO40060M40060,"Richmond, VA HUD Metro FMR Area",1,1400
23039,METRO40060M40060,"Richmond, VA HUD Metro FMR Area",2,1540
23039,METRO40060M40060,"Richmond, VA HUD Metro FMR Area",3,1950
23039,METRO40060M40060,"Richmond, VA HUD Metro FMR Area",4,2410
23047,METRO40060M40060,"Richmond, VA HUD Metro FMR Area",0,1340
23047,METRO40060M40060,"Richmond, VA HUD Metro FMR Area",1,1400
23047,METRO40060M40060,"Richmond, VA HUD Metro FMR Area",2,1540
23047,METRO40060M40060,"Richmond, VA HUD Metro FMR Area",3,2010
23047,METRO40060M40060,"Richmond, VA HUD Metro FMR Area",4,2460
23058,METRO40060M40060,"Richmond, VA HUD Metro FMR Area",0,1500
23058,METRO40060M40060,"Richmond, VA HUD Metro FMR Area",1,1570
23058,METRO40060M40060,"Richmond, VA HUD Metro FMR Area",2,1720
23058,METRO40060M40060,"Richmond, VA HUD Metro FMR Area",3,2150
23058,METRO40060M40060,"Richmond, VA HUD Metro FMR Area",4,2650
23059,METRO40060M40060,"Richmond, VA HUD Metro FMR Area",0,1920
23059,METRO40060M40060,"Richmond, VA HUD Metro FMR Area",1,2000
23059,METRO40060M40060,"Richmond, VA HUD Metro FMR Area",2,2200
23059,METRO40060M40060,"Richmond, VA HUD Metro FMR Area",3,2750
23059,METRO40060M40060,"Richmond, VA HUD Metro FMR Area",4,3390
23060,METRO40060M40060,"Richmond, VA HUD Metro FMR Area",0,1660
23060,METRO40060M40060,"Richmond, VA HUD Metro FMR Area",1,1740
23060,METRO40060M40060,"Richmond, VA HUD Metro FMR Area",2,1910
23060,METRO40060M40060,"Richmond, VA HUD Metro FMR Area",3,2390
23060,METRO40060M40060,"Richmond, VA HUD Metro FMR Area",4,2950
23063,METRO40060M40060,"Richmond, VA HUD Metro FMR Area",0,1340
23063,METRO40060M40060,"Richmond, VA HUD Metro FMR Area",1,1400
23063,METRO40060M40060,"Richmond, VA HUD Metro FMR Area",2,1540
23063,METRO40060M40060,"Richmond, VA HUD Metro FMR Area",3,1950
23063,METRO40060M40060,"Richmond, VA HUD Metro FMR Area",4,2410
23065,METRO40060M40060,"Richmond, VA HUD Metro FMR Area",0,1340
23065,METRO40060M40060,"Richmond, VA HUD Metro FMR Area",1,1400
23065,METRO40060M40060,"Richmond, VA HUD Metro FMR Area",2,1540
23065,METRO40060M40060,"Richmond, VA HUD Metro FMR Area",3,1950
23065,METRO40060M40060,"Richmond, VA HUD Metro FMR Area",4,2410
23067,METRO40060M40060,"Richmond, VA HUD Metro FMR Area",0,1600
23067,METRO40060M40060,"Richmond, VA HUD Metro FMR Area",1,1680
23067,METRO40060M40060,"Richmond, VA HUD Metro FMR Area",2,1840
23067,METRO40060M40060,"Richmond, VA HUD Metro FMR Area",3,2300
23067,METRO40060M40060,"Richmond, VA HUD Metro FMR Area",4,2840
23069,METRO40060M40060,"Richmond, VA HUD Metro FMR Area",0,1480
23069,METRO40060M40060,"Richmond, VA HUD Metro FMR Area",1,1580
23069,METRO40060M40060,"Richmond, VA HUD Metro FMR Area",2,1760
23069,METRO40060M40060,"Richmond, VA HUD Metro FMR Area",3,2250
23069,METRO40060M40060,"Richmond, VA HUD Metro FMR Area",4,2760
23075,METRO40060M40060,"Richmond, VA HUD Metro FMR Area",0,1340
23075,METRO40060M40060,"Richmond, VA HUD Metro FMR Area",1,1400
23075,METRO40060M40060,"Richmond, VA HUD Metro FMR Area",2,1540
23075,METRO40060M40060,"Richmond, VA HUD Metro FMR Area",3,1950
23075,METRO40060M40060,"Richmond, VA HUD Metro FMR Area",4,2410
23083,METRO40060M40060,"Richmond, VA HUD Metro FMR Area",0,1340
23083,METRO40060M40060,"Richmond, VA HUD Metro FMR Area",1,1400
23083,METRO40060M40060,"Richmond, VA HUD Metro FMR Area",2,1540
23083,METRO40060M40060,"Richmond, VA HUD Metro FMR Area",3,1950
23083,METRO40060M40060,"Richmond, VA HUD Metro FMR Area",4,2410
23084,METRO40060M40060,"Richmond, VA HUD Metro FMR Area",0,1340
23084,METRO40060M40060,"Richmond, VA HUD Metro FMR Area",1,1400
23084,METRO40060M40060,"Richmond, VA HUD Metro FMR Area",2,1560
23084,METRO40060M40060,"Richmond, VA HUD Metro FMR Area",3,1950
23084,METRO40060M40060,"Richmond, VA HUD Metro FMR Area",4,2410
23086,METRO40060M40060,"Richmond, VA HUD Metro FMR Area",0,1340
23086,METRO40060M40060,"Richmond, VA HUD Metro FMR Area",1,1410
23086,METRO40060M40060,"Richmond, VA HUD Metro FMR Area",2,1540
23086,METRO40060M40060,"Richmond, VA HUD Metro FMR Area",3,1950
23086,METRO40060M40060,"Richmond, VA HUD Metro FMR Area",4,2410
23089,METRO40060M40060,"Richmond, VA HUD Metro FMR Area",0,1420
23089,METRO40060M40060,"Richmond, VA HUD Metro FMR Area",1,1480
23089,METRO40060M40060,"Richmond, VA HUD Metro FMR Area",2,1630
23089,METRO40060M40060,"Richmond, VA HUD Metro FMR Area",3,2100
23089,METRO40060M40060,"Richmond, VA HUD Metro FMR Area",4,2560
23093,METRO40060M40060,"Richmond, VA HUD Metro FMR Area",0,1340
23093,METRO40060M40060,"Richmond, VA HUD Metro FMR Area",1,1400
23093,METRO40060M40060,"Richmond, VA HUD Metro FMR Area",2,1560
23093,METRO40060M40060,"Richmond, VA HUD Metro FMR Area",3,1950
23093,METRO40060M40060,"Richmond, VA HUD Metro FMR Area",4,2410
23102,METRO40060M40060,"Richmond, VA HUD Metro FMR Area",0,1480
23102,METRO40060M40060,"Richmond, VA HUD Metro FMR Area",1,1550
23102,METRO40060M40060,"Richmond, VA HUD Metro FMR Area",2,1700
23102,METRO40060M40060,"Richmond, VA HUD Metro FMR Area",3,2140
23102,METRO40060M40060,"Richmond, VA HUD Metro FMR Area",4,2630
23103,METRO40060M40060,"Richmond, VA HUD Metro FMR Area",0,1340
23103,METRO40060M40060,"Richmond, VA HUD Metro FMR Area",1,1400
23103,METRO40060M40060,"Richmond, VA HUD Metro FMR Area",2,1540
23103,METRO40060M40060,"Richmond, VA HUD Metro FMR Area",3,1950
23103,METRO40060M40060,"Richmond, VA HUD Metro FMR Area",4,2410
23105,METRO40060M40060,"Richmond, VA HUD Metro FMR Area",0,1340
23105,METRO40060M40060,"Richmond, VA HUD Metro FMR Area",1,1400
23105,METRO40060M40060,"Richmond, VA HUD Metro FMR Area",2,1540
23105,METRO40060M40060,"Richmond, VA HUD Metro FMR Area",3,1950
23105,METRO40060M40060,"Richmond, VA HUD Metro FMR Area",4,2410
23106,METRO40060M40060,"Richmond, VA HUD Metro FMR Area",0,1560
23106,METRO40060M40060,"Richmond, VA HUD Metro FMR Area",1,1640
23106,METRO40060M40060,"Richmond, VA HUD Metro FMR Area",2,1800
23106,METRO40060M40060,"Richmond, VA HUD Metro FMR Area",3,2260
23106,METRO40060M40060,"Richmond, VA HUD Metro FMR Area",4,2790
23111,METRO40060M40060,"Richmond, VA HUD Metro FMR Area",0,1570
23111,METRO40060M40060,"Richmond, VA HUD Metro FMR Area",1,1640
23111,METRO40060M40060,"Richmond, VA HUD Metro FMR Area",2,1800
23111,METRO40060M40060,"Richmond, VA HUD Metro FMR Area",3,2250
23111,METRO40060M40060,"Richmond, VA HUD Metro FMR Area",4,2780
23112,METRO40060M40060,"Richmond, VA HUD Metro FMR Area",0,1720
23112,METRO40060M40060,"Richmond, VA HUD Metro FMR Area",1,1800
23112,METRO40060M40060,"Richmond, VA HUD Metro FMR Area",2,1980
23112,METRO40060M40060,"Richmond, VA HUD Metro FMR Area",3,2480
23112,METRO40060M40060,"Richmond, VA HUD Metro FMR Area",4,3050
23113,METRO40060M40060,"Richmond, VA HUD Metro FMR Area",0,1740
23113,METRO40060M40060,"Richmond, VA HUD Metro FMR Area",1,1820
23113,METRO40060M40060,"Richmond, VA HUD Metro FMR Area",2,2000
23113,METRO40060M40060,"Richmond, VA HUD Metro FMR Area",3,2500
23113,METRO40060M40060,"Richmond, VA HUD Metro FMR Area",4,3090
23114,METRO40060M40060,"Richmond, VA HUD Metro FMR Area",0,1720
23114,METRO40060M40060,"Richmond, VA HUD Metro FMR Area",1,1790
23114,METRO40060M40060,"Richmond, VA HUD Metro FMR Area",2,1970
23114,METRO40060M40060,"Richmond, VA HUD Metro FMR Area",3,2470
23114,METRO40060M40060,"Richmond, VA HUD Metro FMR Area",4,3040
23116,METRO40060M40060,"Richmond, VA HUD Metro FMR Area",0,1920
23116,METRO40060M40060,"Richmond, VA HUD Metro FMR Area",1,2000
23116,METRO40060M40060,"Richmond, VA HUD Metro FMR Area",2,2200
23116,METRO40060M40060,"Richmond, VA HUD Metro FMR Area",3,2750
23116,METRO40060M40060,"Richmond, VA HUD Metro FMR Area",4,3390
23117,METRO40060M40060,"Richmond, VA HUD Metro FMR Area",0,1010
23117,METRO40060M40060,"Richmond, VA HUD Metro FMR Area",1,1060
23117,METRO40060M40060,"Richmond, VA HUD Metro FMR Area",2,1160
23117,METRO40060M40060,"Richmond, VA HUD Metro FMR Area",3,1590
23117,METRO40060M40060,"Richmond, VA HUD Metro FMR Area",4,1800
23120,METRO40060M40060,"Richmond, VA HUD Metro FMR Area",0,2160
23120,METRO40060M40060,"Richmond, VA HUD Metro FMR Area",1,2260
23120,METRO40060M40060,"Richmond, VA HUD Metro FMR Area",2,2480
23120,METRO40060M40060,"Richmond, VA HUD Metro FMR Area",3,3110
23120,METRO40060M40060,"Richmond, VA HUD Metro FMR Area",4,3830
23124,METRO40060M40060,"Richmond, VA HUD Metro FMR Area",0,1480
23124,METRO40060M40060,"Richmond, VA HUD Metro FMR Area",1,1540
23124,METRO40060M40060,"Richmond, VA HUD Metro FMR Area",2,1690
23124,METRO40060M40060,"Richmond, VA HUD Metro FMR Area",3,2130
23124,METRO40060M40060,"Richmond, VA HUD Metro FMR Area",4,2620
23129,METRO40060M40060,"Richmond, VA HUD Metro FMR Area",0,1430
23129,METRO40060M40060,"Richmond, VA HUD Metro FMR Area",1,1500
23129,METRO40060M40060,"Richmond, VA HUD Metro FMR Area",2,1640
23129,METRO40060M40060,"Richmond, VA HUD Metro FMR Area",3,2060
23129,METRO40060M40060,"Richmond, VA HUD Metro FMR Area",4,2540
23139,METRO40060M40060,"Richmond, VA HUD Metro FMR Area",0,1340
23139,METRO40060M40060,"Richmond, VA HUD Metro FMR Area",1,1400
23139,METRO40060M40060,"Richmond, VA HUD Metro FMR Area",2,1540
23139,METRO40060M40060,"Richmond, VA HUD Metro FMR Area",3,1950
23139,METRO40060M40060,"Richmond, VA HUD Metro FMR Area",4,2410
23140,METRO40060M40060,"Richmond, VA HUD Metro FMR Area",0,1610
23140,METRO40060M40060,"Richmond, VA HUD Metro FMR Area",1,1680
23140,METRO40060M40060,"Richmond, VA HUD Metro FMR Area",2,1850
23140,METRO40060M40060,"Richmond, VA HUD Metro FMR Area",3,2320
23140,METRO40060M40060,"Richmond, VA HUD Metro FMR Area",4,2850
23141,METRO40060M40060,"Richmond, VA HUD Metro FMR Area",0,1420
23141,METRO40060M40060,"Richmond, VA HUD Metro FMR Area",1,1480
23141,METRO40060M40060,"Richmond, VA HUD Metro FMR Area",2,1630
23141,METRO40060M40060,"Richmond, VA HUD Metro FMR Area",3,2040
23141,METRO40060M40060,"Richmond, VA HUD Metro FMR Area",4,2510
23146,METRO40060M40060,"Richmond, VA HUD Metro FMR Area",0,1890
23146,METRO40060M40060,"Richmond, VA HUD Metro FMR Area",1,1980
23146,METRO40060M40060,"Richmond, VA HUD Metro FMR Area",2,2170
23146,METRO40060M40060,"Richmond, VA HUD Metro FMR Area",3,2720
23146,METRO40060M40060,"Richmond, VA HUD Metro FMR Area",4,3350
23147,METRO40060M40060,"Richmond, VA HUD Metro FMR Area",0,1340
23147,METRO40060M40060,"Richmond, VA HUD Metro FMR Area",1,1400
23147,METRO40060M40060,"Richmond, VA HUD Metro FMR Area",2,1540
23147,METRO40060M40060,"Richmond, VA HUD Metro FMR Area",3,1950
23147,METRO40060M40060,"Richmond, VA HUD Metro FMR Area",4,2410
23150,METRO40060M40060,"Richmond, VA HUD Metro FMR Area",0,1340
23150,METRO40060M40060,"Richmond, VA HUD Metro FMR Area",1,1400
23150,METRO40060M40060,"Richmond, VA HUD Metro FMR Area",2,1540
23150,METRO40060M40060,"Richmond, VA HUD Metro FMR Area",3,1950
23150,METRO40060M40060,"Richmond, VA HUD Metro FMR Area",4,2410
23153,METRO40060M40060,"Richmond, VA HUD Metro FMR Area",0,1340
23153,METRO40060M40060,"Richmond, VA HUD Metro FMR Area",1,1400
23153,METRO40060M40060,"Richmond, VA HUD Metro FMR Area",2,1540
23153,METRO40060M40060,"Richmond, VA HUD Metro FMR Area",3,1950
23153,METRO40060M40060,"Richmond, VA HUD Metro FMR Area",4,2410
23160,METRO40060M40060,"Richmond, VA HUD Metro FMR Area",0,1350
23160,METRO40060M40060,"Richmond, VA HUD Metro FMR Area",1,1410
23160,METRO40060M40060,"Richmond, VA HUD Metro FMR Area",2,1550
23160,METRO40060M40060,"Richmond, VA HUD Metro FMR Area",3,1950
23160,METRO40060M40060,"Richmond, VA HUD Metro FMR Area",4,2410
23162,METRO40060M40060,"Richmond, VA HUD Metro FMR Area",0,1510
23162,METRO40060M40060,"Richmond, VA HUD Metro FMR Area",1,1580
23162,METRO40060M40060,"Richmond, VA HUD Metro FMR Area",2,1730
23162,METRO40060M40060,"Richmond, VA HUD Metro FMR Area",3,2170
23162,METRO40060M40060,"Richmond, VA HUD Metro FMR Area",4,2670
23173,METRO40060M40060,"Richmond, VA HUD Metro FMR Area",0,1570
23173,METRO40060M40060,"Richmond, VA HUD Metro FMR Area",1,1640
23173,METRO40060M40060,"Richmond, VA HUD Metro FMR Area",2,1800
23173,METRO40060M40060,"Richmond, VA HUD Metro FMR Area",3,2250
23173,METRO40060M40060,"Richmond, VA HUD Metro FMR Area",4,2780
23177,METRO40060M40060,"Richmond, VA HUD Metro FMR Area",0,1340
23177,METRO40060M40060,"Richmond, VA HUD Metro FMR Area",1,1400
23177,METRO40060M40060,"Richmond, VA HUD Metro FMR Area",2,1540
23177,METRO40060M40060,"Richmond, VA HUD Metro FMR Area",3,1950
23177,METRO40060M40060,"Richmond, VA HUD Metro FMR Area",4,2410
23181,METRO40060M40060,"Richmond, VA HUD Metro FMR Area",0,1380
23181,METRO40060M40060,"Richmond, VA HUD Metro FMR Area",1,1440
23181,METRO40060M40060,"Richmond, VA HUD Metro FMR Area",2,1580
23181,METRO40060M40060,"Richmond, VA HUD Metro FMR Area",3,1980
23181,METRO40060M40060,"Richmond, VA HUD Metro FMR Area",4,2440
23185,METRO40060M40060,"Richmond, VA HUD Metro FMR Area",0,1570
23185,METRO40060M40060,"Richmond, VA HUD Metro FMR Area",1,1590
23185,METRO40060M40060,"Richmond, VA HUD Metro FMR Area",2,1800
23185,METRO40060M40060,"Richmond, VA HUD Metro FMR Area",3,2500
23185,METRO40060M40060,"Richmond, VA HUD Metro FMR Area",4,2940
23192,METRO40060M40060,"Richmond, VA HUD Metro FMR Area",0,1340
23192,METRO40060M40060,"Richmond, VA HUD Metro FMR Area",1,1400
23192,METRO40060M40060,"Richmond, VA HUD Metro FMR Area",2,1540
23192,METRO40060M40060,"Richmond, VA HUD Metro FMR Area",3,1950
23192,METRO40060M40060,"Richmond, VA HUD Metro FMR Area",4,2410
23218,METRO40060M40060,"Richmond, VA HUD Metro FMR Area",0,1390
23218,METRO40060M40060,"Richmond, VA HUD Metro FMR Area",1,1450
23218,METRO40060M40060,"Richmond, VA HUD Metro FMR Area",2,1590
23218,METRO40060M40060,"Richmond, VA HUD Metro FMR Area",3,1990
23218,METRO40060M40060,"Richmond, VA HUD Metro FMR Area",4,2450
23219,METRO40060M40060,"Richmond, VA HUD Metro FMR Area",0,1490
23219,METRO40060M40060,"Richmond, VA HUD Metro FMR Area",1,1560
23219,METRO40060M40060,"Richmond, VA HUD Metro FMR Area",2,1710
23219,METRO40060M40060,"Richmond, VA HUD Metro FMR Area",3,2140
23219,METRO40060M40060,"Richmond, VA HUD Metro FMR Area",4,2640
23220,METRO40060M40060,"Richmond, VA HUD Metro FMR Area",0,1750
23220,METRO40060M40060,"Richmond, VA HUD Metro FMR Area",1,1830
23220,METRO40060M40060,"Richmond, VA HUD Metro FMR Area",2,2010
23220,METRO40060M40060,"Richmond, VA HUD Metro FMR Area",3,2520
23220,METRO40060M40060,"Richmond, VA HUD Metro FMR Area",4,3100
23221,METRO40060M40060,"Richmond, VA HUD Metro FMR Area",0,1730
23221,METRO40060M40060,"Richmond, VA HUD Metro FMR Area",1,1810
23221,METRO40060M40060,"Richmond, VA HUD Metro FMR Area",2,1990
23221,METRO40060M40060,"Richmond, VA HUD Metro FMR Area",3,2490
23221,METRO40060M40060,"Richmond, VA HUD Metro FMR Area",4,3070
23222,METRO40060M40060,"Richmond, VA HUD Metro FMR Area",0,1340
23222,METRO40060M40060,"Richmond, VA HUD Metro FMR Area",1,1400
23222,METRO40060M40060,"Richmond, VA HUD Metro FMR Area",2,1540
23222,METRO40060M40060,"Richmond, VA HUD Metro FMR Area",3,1950
23222,METRO40060M40060,"Richmond, VA HUD Metro FMR Area",4,2410
23223,METRO40060M40060,"Richmond, VA HUD Metro FMR Area",0,1350
23223,METRO40060M40060,"Richmond, VA HUD Metro FMR Area",1,1410
23223,METRO40060M40060,"Richmond, VA HUD Metro FMR Area",2,1550
23223,METRO40060M40060,"Richmond, VA HUD Metro FMR Area",3,1950
23223,METRO40060M40060,"Richmond, VA HUD Metro FMR Area",4,2410
23224,METRO40060M40060,"Richmond, VA HUD Metro FMR Area",0,1340
23224,METRO40060M40060,"Richmond, VA HUD Metro FMR Area",1,1400
23224,METRO40060M40060,"Richmond, VA HUD Metro FMR Area",2,1540
23224,METRO40060M40060,"Richmond, VA HUD Metro FMR Area",3,1950
23224,METRO40060M40060,"Richmond, VA HUD Metro FMR Area",4,2410
23225,METRO40060M40060,"Richmond, VA HUD Metro FMR Area",0,1440
23225,METRO40060M40060,"Richmond, VA HUD Metro FMR Area",1,1500
23225,METRO40060M40060,"Richmond, VA HUD Metro FMR Area",2,1650
23225,METRO40060M40060,"Richmond, VA HUD Metro FMR Area",3,2070
23225,METRO40060M40060,"Richmond, VA HUD Metro FMR Area",4,2550
23226,METRO40060M40060,"Richmond, VA HUD Metro FMR Area",0,1840
23226,METRO40060M40060,"Richmond, VA HUD Metro FMR Area",1,1920
23226,METRO40060M40060,"Richmond, VA HUD Metro FMR Area",2,2110
23226,METRO40060M40060,"Richmond, VA HUD Metro FMR Area",3,2640
23226,METRO40060M40060,"Richmond, VA HUD Metro FMR Area",4,3260
23227,METRO40060M40060,"Richmond, VA HUD Metro FMR Area",0,1340
23227,METRO40060M40060,"Richmond, VA HUD Metro FMR Area",1,1400
23227,METRO40060M40060,"Richmond, VA HUD Metro FMR Area",2,1540
23227,METRO40060M40060,"Richmond, VA HUD Metro FMR Area",3,1950
23227,METRO40060M40060,"Richmond, VA HUD Metro FMR Area",4,2410
23228,METRO40060M40060,"Richmond, VA HUD Metro FMR Area",0,1590
23228,METRO40060M40060,"Richmond, VA HUD Metro FMR Area",1,1660
23228,METRO40060M40060,"Richmond, VA HUD Metro FMR Area",2,1820
23228,METRO40060M40060,"Richmond, VA HUD Metro FMR Area",3,2280
23228,METRO40060M40060,"Richmond, VA HUD Metro FMR Area",4,2810
23229,METRO40060M40060,"Richmond, VA HUD Metro FMR Area",0,1420
23229,METRO40060M40060,"Richmond, VA HUD Metro FMR Area",1,1480
23229,METRO40060M40060,"Richmond, VA HUD Metro FMR Area",2,1630
23229,METRO40060M40060,"Richmond, VA HUD Metro FMR Area",3,2040
23229,METRO40060M40060,"Richmond, VA HUD Metro FMR Area",4,2510
23230,METRO40060M40060,"Richmond, VA HUD Metro FMR Area",0,1590
23230,METRO40060M40060,"Richmond, VA HUD Metro FMR Area",1,1670
23230,METRO40060M40060,"Richmond, VA HUD Metro FMR Area",2,1830
23230,METRO40060M40060,"Richmond, VA HUD Metro FMR Area",3,2290
23230,METRO40060M40060,"Richmond, VA HUD Metro FMR Area",4,2820
23231,METRO40060M40060,"Richmond, VA HUD Metro FMR Area",0,1340
23231,METRO40060M40060,"Richmond, VA HUD Metro FMR Area",1,1400
23231,METRO40060M40060,"Richmond, VA HUD Metro FMR Area",2,1540
23231,METRO40060M40060,"Richmond, VA HUD Metro FMR Area",3,1950
23231,METRO40060M40060,"Richmond, VA HUD Metro FMR Area",4,2410
23232,METRO40060M40060,"Richmond, VA HUD Metro FMR Area",0,1390
23232,METRO40060M40060,"Richmond, VA HUD Metro FMR Area",1,1450
23232,METRO40060M40060,"Richmond, VA HUD Metro FMR Area",2,1590
23232,METRO40060M40060,"Richmond, VA HUD Metro FMR Area",3,1990
23232,METRO40060M40060,"Richmond, VA HUD Metro FMR Area",4,2450
23233,METRO40060M40060,"Richmond, VA HUD Metro FMR Area",0,1770
23233,METRO40060M40060,"Richmond, VA HUD Metro FMR Area",1,1850
23233,METRO40060M40060,"Richmond, VA HUD Metro FMR Area",2,2030
23233,METRO40060M40060,"Richmond, VA HUD Metro FMR Area",3,2540
23233,METRO40060M40060,"Richmond, VA HUD Metro FMR Area",4,3130
23234,METRO40060M40060,"Richmond, VA HUD Metro FMR Area",0,1340
23234,METRO40060M40060,"Richmond, VA HUD Metro FMR Area",1,1400
23234,METRO40060M40060,"Richmond, VA HUD Metro FMR Area",2,1540
23234,METRO40060M40060,"Richmond, VA HUD Metro FMR Area",3,1950
23234,METRO40060M40060,"Richmond, VA HUD Metro FMR Area",4,2410
23235,METRO40060M40060,"Richmond, VA HUD Metro FMR Area",0,1660
23235,METRO40060M40060,"Richmond, VA HUD Metro FMR Area",1,1740
23235,METRO40060M40060,"Richmond, VA HUD Metro FMR Area",2,1910
23235,METRO40060M40060,"Richmond, VA HUD Metro FMR Area",3,2390
23235,METRO40060M40060,"Richmond, VA HUD Metro FMR Area",4,2950
23236,METRO40060M40060,"Richmond, VA HUD Metro FMR Area",0,1720
23236,METRO40060M40060,"Richmond, VA HUD Metro FMR Area",1,1790
23236,METRO40060M40060,"Richmond, VA HUD Metro FMR Area",2,1970
23236,METRO40060M40060,"Richmond, VA HUD Metro FMR Area",3,2470
23236,METRO40060M40060,"Richmond, VA HUD Metro FMR Area",4,3040
23237,METRO40060M40060,"Richmond, VA HUD Metro FMR Area",0,1430
23237,METRO40060M40060,"Richmond, VA HUD Metro FMR Area",1,1490
23237,METRO40060M40060,"Richmond, VA HUD Metro FMR Area",2,1640
23237,METRO40060M40060,"Richmond, VA HUD Metro FMR Area",3,2050
23237,METRO40060M40060,"Richmond, VA HUD Metro FMR Area",4,2530
23238,METRO40060M40060,"Richmond, VA HUD Metro FMR Area",0,1670
23238,METRO40060M40060,"Richmond, VA HUD Metro FMR Area",1,1750
23238,METRO40060M40060,"Richmond, VA HUD Metro FMR Area",2,1920
23238,METRO40060M40060,"Richmond, VA HUD Metro FMR Area",3,2400
23238,METRO40060M40060,"Richmond, VA HUD Metro FMR Area",4,2960
23241,METRO40060M40060,"Richmond, VA HUD Metro FMR Area",0,1390
23241,METRO40060M40060,"Richmond, VA HUD Metro FMR Area",1,1450
23241,METRO40060M40060,"Richmond, VA HUD Metro FMR Area",2,1590
23241,METRO40060M40060,"Richmond, VA HUD Metro FMR Area",3,1990
23241,METRO40060M40060,"Richmond, VA HUD Metro FMR Area",4,2450
23242,METRO40060M40060,"Richmond, VA HUD Metro FMR Area",0,1500
23242,METRO40060M40060,"Richmond, VA HUD Metro FMR Area",1,1570
23242,METRO40060M40060,"Richmond, VA HUD Metro FMR Area",2,1720
23242,METRO40060M40060,"Richmond, VA HUD Metro FMR Area",3,2150
23242,METRO40060M40060,"Richmond, VA HUD Metro FMR Area",4,2650
23250,METRO40060M40060,"Richmond, VA HUD Metro FMR Area",0,1500
23250,METRO40060M40060,"Richmond, VA HUD Metro FMR Area",1,1570
23250,METRO40060M40060,"Richmond, VA HUD Metro FMR Area",2,1720
23250,METRO40060M40060,"Richmond, VA HUD Metro FMR Area",3,2150
23250,METRO40060M40060,"Richmond, VA HUD Metro FMR Area",4,2650
23255,METRO40060M40060,"Richmond, VA HUD Metro FMR Area",0,1500
23255,METRO40060M40060,"Richmond, VA HUD Metro FMR Area",1,1570
23255,METRO40060M40060,"Richmond, VA HUD Metro FMR Area",2,1720
23255,METRO40060M40060,"Richmond, VA HUD Metro FMR Area",3,2150
23255,METRO40060M40060,"Richmond, VA HUD Metro FMR Area",4,2650
23260,METRO40060M40060,"Richmond, VA HUD Metro FMR Area",0,1390
23260,METRO40060M40060,"Richmond, VA HUD Metro FMR Area",1,1450
23260,METRO40060M40060,"Richmond, VA HUD Metro FMR Area",2,1590
23260,METRO40060M40060,"Richmond, VA HUD Metro FMR Area",3,1990
23260,METRO40060M40060,"Richmond, VA HUD Metro FMR Area",4,2450
23261,METRO40060M40060,"Richmond, VA HUD Metro FMR Area",0,1390
23261,METRO40060M40060,"Richmond, VA HUD Metro FMR Area",1,1450
23261,METRO40060M40060,"Richmond, VA HUD Metro FMR Area",2,1590
23261,METRO40060M40060,"Richmond, VA HUD Metro FMR Area",3,1990
23261,METRO40060M40060,"Richmond, VA HUD Metro FMR Area",4,2450
23284,METRO40060M40060,"Richmond, VA HUD Metro FMR Area",0,1750
23284,METRO40060M40060,"Richmond, VA HUD Metro FMR Area",1,1830
23284,METRO40060M40060,"Richmond, VA HUD Metro FMR Area",2,2010
23284,METRO40060M40060,"Richmond, VA HUD Metro FMR Area",3,2520
23284,METRO40060M40060,"Richmond, VA HUD Metro FMR Area",4,3100
23286,METRO40060M40060,"Richmond, VA HUD Metro FMR Area",0,1390
23286,METRO40060M40060,"Richmond, VA HUD Metro FMR Area",1,1450
23286,METRO40060M40060,"Richmond, VA HUD Metro FMR Area",2,1590
23286,METRO40060M40060,"Richmond, VA HUD Metro FMR Area",3,1990
23286,METRO40060M40060,"Richmond, VA HUD Metro FMR Area",4,2450
23293,METRO40060M40060,"Richmond, VA HUD Metro FMR Area",0,1390
23293,METRO40060M40060,"Richmond, VA HUD Metro FMR Area",1,1450
23293,METRO40060M40060,"Richmond, VA HUD Metro FMR Area",2,1590
23293,METRO40060M40060,"Richmond, VA HUD Metro FMR Area",3,1990
23293,METRO40060M40060,"Richmond, VA HUD Metro FMR Area",4,2450
23294,METRO40060M40060,"Richmond, VA HUD Metro FMR Area",0,1720
23294,METRO40060M40060,"Richmond, VA HUD Metro FMR Area",1,1790
23294,METRO40060M40060,"Richmond, VA HUD Metro FMR Area",2,1970
23294,METRO40060M40060,"Richmond, VA HUD Metro FMR Area",3,2470
23294,METRO40060M40060,"Richmond, VA HUD Metro FMR Area",4,3040
23297,METRO40060M40060,"Richmond, VA HUD Metro FMR Area",0,1570
23297,METRO40060M40060,"Richmond, VA HUD Metro FMR Area",1,1640
23297,METRO40060M40060,"Richmond, VA HUD Metro FMR Area",2,1800
23297,METRO40060M40060,"Richmond, VA HUD Metro FMR Area",3,2250
23297,METRO40060M40060,"Richmond, VA HUD Metro FMR Area",4,2780
23298,METRO40060M40060,"Richmond, VA HUD Metro FMR Area",0,1490
23298,METRO40060M40060,"Richmond, VA HUD Metro FMR Area",1,1560
23298,METRO40060M40060,"Richmond, VA HUD Metro FMR Area",2,1710
23298,METRO40060M40060,"Richmond, VA HUD Metro FMR Area",3,2140
23298,METRO40060M40060,"Richmond, VA HUD Metro FMR Area",4,2640
23801,METRO40060M40060,"Richmond, VA HUD Metro FMR Area",0,1930
23801,METRO40060M40060,"Richmond, VA HUD Metro FMR Area",1,2020
23801,METRO40060M40060,"Richmond, VA HUD Metro FMR Area",2,2220
23801,METRO40060M40060,"Richmond, VA HUD Metro FMR Area",3,2780
23801,METRO40060M40060,"Richmond, VA HUD Metro FMR Area",4,3430
23803,METRO40060M40060,"Richmond, VA HUD Metro FMR Area",0,1340
23803,METRO40060M40060,"Richmond, VA HUD Metro FMR Area",1,1400
23803,METRO40060M40060,"Richmond, VA HUD Metro FMR Area",2,1540
23803,METRO40060M40060,"Richmond, VA HUD Metro FMR Area",3,1950
23803,METRO40060M40060,"Richmond, VA HUD Metro FMR Area",4,2410
23804,METRO40060M40060,"Richmond, VA HUD Metro FMR Area",0,1340
23804,METRO40060M40060,"Richmond, VA HUD Metro FMR Area",1,1400
23804,METRO40060M40060,"Richmond, VA HUD Metro FMR Area",2,1540
23804,METRO40060M40060,"Richmond, VA HUD Metro FMR Area",3,1950
23804,METRO40060M40060,"Richmond, VA HUD Metro FMR Area",4,2410
23805,METRO40060M40060,"Richmond, VA HUD Metro FMR Area",0,1340
23805,METRO40060M40060,"Richmond, VA HUD Metro FMR Area",1,1400
23805,METRO40060M40060,"Richmond, VA HUD Metro FMR Area",2,1540
23805,METRO40060M40060,"Richmond, VA HUD Metro FMR Area",3,1950
23805,METRO40060M40060,"Richmond, VA HUD Metro FMR Area",4,2410
23824,METRO40060M40060,"Richmond, VA HUD Metro FMR Area",0,1340
23824,METRO40060M40060,"Richmond, VA HUD Metro FMR Area",1,1400
23824,METRO40060M40060,"Richmond, VA HUD Metro FMR Area",2,1540
23824,METRO40060M40060,"Richmond, VA HUD Metro FMR Area",3,1950
23824,METRO40060M40060,"Richmond, VA HUD Metro FMR Area",4,2410
23829,METRO40060M40060,"Richmond, VA HUD Metro FMR Area",0,810
23829,METRO40060M40060,"Richmond, VA HUD Metro FMR Area",1,810
23829,METRO40060M40060,"Richmond, VA HUD Metro FMR Area",2,970
23829,METRO40060M40060,"Richmond, VA HUD Metro FMR Area",3,1240
23829,METRO40060M40060,"Richmond, VA HUD Metro FMR Area",4,1620
23830,METRO40060M40060,"Richmond, VA HUD Metro FMR Area",0,1340
23830,METRO40060M40060,"Richmond, VA HUD Metro FMR Area",1,1400
23830,METRO40060M40060,"Richmond, VA HUD Metro FMR Area",2,1540
23830,METRO40060M40060,"Richmond, VA HUD Metro FMR Area",3,1950
23830,METRO40060M40060,"Richmond, VA HUD Metro FMR Area",4,2410
23831,METRO40060M40060,"Richmond, VA HUD Metro FMR Area",0,1600
23831,METRO40060M40060,"Richmond, VA HUD Metro FMR Area",1,1680
23831,METRO40060M40060,"Richmond, VA HUD Metro FMR Area",2,1840
23831,METRO40060M40060,"Richmond, VA HUD Metro FMR Area",3,2300
23831,METRO40060M40060,"Richmond, VA HUD Metro FMR Area",4,2840
23832,METRO40060M40060,"Richmond, VA HUD Metro FMR Area",0,1890
23832,METRO40060M40060,"Richmond, VA HUD Metro FMR Area",1,1980
23832,METRO40060M40060,"Richmond, VA HUD Metro FMR Area",2,2170
23832,METRO40060M40060,"Richmond, VA HUD Metro FMR Area",3,2720
23832,METRO40060M40060,"Richmond, VA HUD Metro FMR Area",4,3350
23833,METRO40060M40060,"Richmond, VA HUD Metro FMR Area",0,1340
23833,METRO40060M40060,"Richmond, VA HUD Metro FMR Area",1,1400
23833,METRO40060M40060,"Richmond, VA HUD Metro FMR Area",2,1540
23833,METRO40060M40060,"Richmond, VA HUD Metro FMR Area",3,1950
23833,METRO40060M40060,"Richmond, VA HUD Metro FMR Area",4,2410
23834,METRO40060M40060,"Richmond, VA HUD Metro FMR Area",0,1340
23834,METRO40060M40060,"Richmond, VA HUD Metro FMR Area",1,1400
23834,METRO40060M40060,"Richmond, VA HUD Metro FMR Area",2,1540
23834,METRO40060M40060,"Richmond, VA HUD Metro FMR Area",3,1950
23834,METRO40060M40060,"Richmond, VA HUD Metro FMR Area",4,2410
23836,METRO40060M40060,"Richmond, VA HUD Metro FMR Area",0,1680
23836,METRO40060M40060,"Richmond, VA HUD Metro FMR Area",1,1760
23836,METRO40060M40060,"Richmond, VA HUD Metro FMR Area",2,1930
23836,METRO40060M40060,"Richmond, VA HUD Metro FMR Area",3,2420
23836,METRO40060M40060,"Richmond, VA HUD Metro FMR Area",4,2980
23837,METRO40060M40060,"Richmond, VA HUD Metro FMR Area",0,860
23837,METRO40060M40060,"Richmond, VA HUD Metro FMR Area",1,870
23837,METRO40060M40060,"Richmond, VA HUD Metro FMR Area",2,1120
23837,METRO40060M40060,"Richmond, VA HUD Metro FMR Area",3,1440
23837,METRO40060M40060,"Richmond, VA HUD Metro FMR Area",4,1880
23838,METRO40060M40060,"Richmond, VA HUD Metro FMR Area",0,1520
23838,METRO40060M40060,"Richmond, VA HUD Metro FMR Area",1,1590
23838,METRO40060M40060,"Richmond, VA HUD Metro FMR Area",2,1740
23838,METRO40060M40060,"Richmond, VA HUD Metro FMR Area",3,2190
23838,METRO40060M40060,"Richmond, VA HUD Metro FMR Area",4,2690
23840,METRO40060M40060,"Richmond, VA HUD Metro FMR Area",0,1400
23840,METRO40060M40060,"Richmond, VA HUD Metro FMR Area",1,1470
23840,METRO40060M40060,"Richmond, VA HUD Metro FMR Area",2,1610
23840,METRO40060M40060,"Richmond, VA HUD Metro FMR Area",3,2020
23840,METRO40060M40060,"Richmond, VA HUD Metro FMR Area",4,2480
23841,METRO40060M40060,"Richmond, VA HUD Metro FMR Area",0,1360
23841,METRO40060M40060,"Richmond, VA HUD Metro FMR Area",1,1420
23841,METRO40060M40060,"Richmond, VA HUD Metro FMR Area",2,1560
23841,METRO40060M40060,"Richmond, VA HUD Metro FMR Area",3,1950
23841,METRO40060M40060,"Richmond, VA HUD Metro FMR Area",4,2410
23842,METRO40060M40060,"Richmond, VA HUD Metro FMR Area",0,1340
23842,METRO40060M40060,"Richmond, VA HUD Metro FMR Area",1,1400
23842,METRO40060M40060,"Richmond, VA HUD Metro FMR Area",2,1540
23842,METRO40060M40060,"Richmond, VA HUD Metro FMR Area",3,1950
23842,METRO40060M40060,"Richmond, VA HUD Metro FMR Area",4,2410
23847,METRO40060M40060,"Richmond, VA HUD Metro FMR Area",0,760
23847,METRO40060M40060,"Richmond, VA HUD Metro FMR Area",1,780
23847,METRO40060M40060,"Richmond, VA HUD Metro FMR Area",2,990
23847,METRO40060M40060,"Richmond, VA HUD Metro FMR Area",3,1380
23847,METRO40060M40060,"Richmond, VA HUD Metro FMR Area",4,1650
23850,METRO40060M40060,"Richmond, VA HUD Metro FMR Area",0,1340
23850,METRO40060M40060,"Richmond, VA HUD Metro FMR Area",1,1400
23850,METRO40060M40060,"Richmond, VA HUD Metro FMR Area",2,1540
23850,METRO40060M40060,"Richmond, VA HUD Metro FMR Area",3,1950
23850,METRO40060M40060,"Richmond, VA HUD Metro FMR Area",4,2410
23860,METRO40060M40060,"Richmond, VA HUD Metro FMR Area",0,1340
23860,METRO40060M40060,"Richmond, VA HUD Metro FMR Area",1,1400
23860,METRO40060M40060,"Richmond, VA HUD Metro FMR Area",2,1540
23860,METRO40060M40060,"Richmond, VA HUD Metro FMR Area",3,1950
23860,METRO40060M40060,"Richmond, VA HUD Metro FMR Area",4,2410
23867,METRO40060M40060,"Richmond, VA HUD Metro FMR Area",0,840
23867,METRO40060M40060,"Richmond, VA HUD Metro FMR Area",1,870
23867,METRO40060M40060,"Richmond, VA HUD Metro FMR Area",2,1020
23867,METRO40060M40060,"Richmond, VA HUD Metro FMR Area",3,1400
23867,METRO40060M40060,"Richmond, VA HUD Metro FMR Area",4,1690
23872,METRO40060M40060,"Richmond, VA HUD Metro FMR Area",0,1340
23872,METRO40060M40060,"Richmond, VA HUD Metro FMR Area",1,1400
23872,METRO40060M40060,"Richmond, VA HUD Metro FMR Area",2,1540
23872,METRO40060M40060,"Richmond, VA HUD Metro FMR Area",3,1950
23872,METRO40060M40060,"Richmond, VA HUD Metro FMR Area",4,2410
23875,METRO40060M40060,"Richmond, VA HUD Metro FMR Area",0,1340
23875,METRO40060M40060,"Richmond, VA HUD Metro FMR Area",1,1400
23875,METRO40060M40060,"Richmond, VA HUD Metro FMR Area",2,1540
23875,METRO40060M40060,"Richmond, VA HUD Metro FMR Area",3,1950
23875,METRO40060M40060,"Richmond, VA HUD Metro FMR Area",4,2410
23881,METRO40060M40060,"Richmond, VA HUD Metro FMR Area",0,1340
23881,METRO40060M40060,"Richmond, VA HUD Metro FMR Area",1,1400
23881,METRO40060M40060,"Richmond, VA HUD Metro FMR Area",2,1540
23881,METRO40060M40060,"Richmond, VA HUD Metro FMR Area",3,1950
23881,METRO40060M40060,"Richmond, VA HUD Metro FMR Area",4,2410
23882,METRO40060M40060,"Richmond, VA HUD Metro FMR Area",0,1340
23882,METRO40060M40060,"Richmond, VA HUD Metro FMR Area",1,1400
23882,METRO40060M40060,"Richmond, VA HUD Metro FMR Area",2,1540
23882,METRO40060M40060,"Richmond, VA HUD Metro FMR Area",3,1950
23882,METRO40060M40060,"Richmond, VA HUD Metro FMR Area",4,2410
23884,METRO40060M40060,"Richmond, VA HUD Metro FMR Area",0,1340
23884,METRO40060M40060,"Richmond, VA HUD Metro FMR Area",1,1400
23884,METRO40060M40060,"Richmond, VA HUD Metro FMR Area",2,1540
23884,METRO40060M40060,"Richmond, VA HUD Metro FMR Area",3,1950
23884,METRO40060M40060,"Richmond, VA HUD Metro FMR Area",4,2410
23885,METRO40060M40060,"Richmond, VA HUD Metro FMR Area",0,1340
23885,METRO40060M40060,"Richmond, VA HUD Metro FMR Area",1,1400
23885,METRO40060M40060,"Richmond, VA HUD Metro FMR Area",2,1540
23885,METRO40060M40060,"Richmond, VA HUD Metro FMR Area",3,1950
23885,METRO40060M40060,"Richmond, VA HUD Metro FMR Area",4,2410
23888,METRO40060M40060,"Richmond, VA HUD Metro FMR Area",0,1030
23888,METRO40060M40060,"Richmond, VA HUD Metro FMR Area",1,1060
23888,METRO40060M40060,"Richmond, VA HUD Metro FMR Area",2,1190
23888,METRO40060M40060,"Richmond, VA HUD Metro FMR Area",3,1520
23888,METRO40060M40060,"Richmond, VA HUD Metro FMR Area",4,1880
23890,METRO40060M40060,"Richmond, VA HUD Metro FMR Area",0,1340
23890,METRO40060M40060,"Richmond, VA HUD Metro FMR Area",1,1400
23890,METRO40060M40060,"Richmond, VA HUD Metro FMR Area",2,1540
23890,METRO40060M40060,"Richmond, VA HUD Metro FMR Area",3,1950
23890,METRO40060M40060,"Richmond, VA HUD Metro FMR Area",4,2410
23891,METRO40060M40060,"Richmond, VA HUD Metro FMR Area",0,1340
23891,METRO40060M40060,"Richmond, VA HUD Metro FMR Area",1,1400
23891,METRO40060M40060,"Richmond, VA HUD Metro FMR Area",2,1540
23891,METRO40060M40060,"Richmond, VA HUD Metro FMR Area",3,1950
23891,METRO40060M40060,"Richmond, VA HUD Metro FMR Area",4,2410
23894,METRO40060M40060,"Richmond, VA HUD Metro FMR Area",0,1340
23894,METRO40060M40060,"Richmond, VA HUD Metro FMR Area",1,1400
23894,METRO40060M40060,"Richmond, VA HUD Metro FMR Area",2,1540
23894,METRO40060M40060,"Richmond, VA HUD Metro FMR Area",3,1950
23894,METRO40060M40060,"Richmond, VA HUD Metro FMR Area",4,2410
23897,METRO40060M40060,"Richmond, VA HUD Metro FMR Area",0,1340
23897,METRO40060M40060,"Richmond, VA HUD Metro FMR Area",1,1400
23897,METRO40060M40060,"Richmond, VA HUD Metro FMR Area",2,1540
23897,METRO40060M40060,"Richmond, VA HUD Metro FMR Area",3,1950
23897,METRO40060M40060,"Richmond, VA HUD Metro FMR Area",4,2410
23922,METRO40060M40060,"Richmond, VA HUD Metro FMR Area",0,1340
23922,METRO40060M40060,"Richmond, VA HUD Metro FMR Area",1,1400
23922,METRO40060M40060,"Richmond, VA HUD Metro FMR Area",2,1540
23922,METRO40060M40060,"Richmond, VA HUD Metro FMR Area",3,1950
23922,METRO40060M40060,"Richmond, VA HUD Metro FMR Area",4,2410
23966,METRO40060M40060,"Richmond, VA HUD Metro FMR Area",0,1340
23966,METRO40060M40060,"Richmond, VA HUD Metro FMR Area",1,1400
23966,METRO40060M40060,"Richmond, VA HUD Metro FMR Area",2,1540
23966,METRO40060M40060,"Richmond, VA HUD Metro FMR Area",3,1950
23966,METRO40060M40060,"Richmond, VA HUD Metro FMR Area",4,2410
