geoid,name,year,series,sex,age_group,estimate
5103368,Ashland town,2030,total_population,NA,NA,8196.18069525836
5103368,Ashland town,2040,total_population,NA,NA,8835.286788402995
5103368,Ashland town,2050,total_population,NA,NA,9591.559469572665
51036,Charles City County,2030,age_sex,Female,0 to 4,122.84584980237153
51036,Charles City County,2030,age_sex,Female,10 to 14,141.15345415953504
51036,Charles City County,2030,age_sex,Female,15 to 19,101.5875930015771
51036,Charles City County,2030,age_sex,Female,20 to 24,103.11858240737914
51036,Charles City County,2030,age_sex,Female,25 to 29,127.40011046019345
51036,Charles City County,2030,age_sex,Female,30 to 34,138.71287527654187
51036,Charles City County,2030,age_sex,Female,35 to 39,161.25849240896486
51036,Charles City County,2030,age_sex,Female,40 to 44,156.9182799167781
51036,Charles City County,2030,age_sex,Female,45 to 49,176.55870776581472
51036,Charles City County,2030,age_sex,Female,5 to 9,146.49429657794676
51036,Charles City County,2030,age_sex,Female,50 to 54,151.8511418248875
51036,Charles City County,2030,age_sex,Female,55 to 59,187.1699474221402
51036,Charles City County,2030,age_sex,Female,60 to 64,255.41447296701614
51036,Charles City County,2030,age_sex,Female,65 to 69,341.74850299401197
51036,Charles City County,2030,age_sex,Female,70 to 74,247.2185886402754
51036,Charles City County,2030,age_sex,Female,75 to 79,224.01583710407238
51036,Charles City County,2030,age_sex,Female,80 to 84,189.93150684931507
51036,Charles City County,2030,age_sex,Female,85 and Over,169.87083333333334
51036,Charles City County,2030,age_sex,Male,0 to 4,136.15415019762844
51036,Charles City County,2030,age_sex,Male,10 to 14,104.80855278911584
51036,Charles City County,2030,age_sex,Male,15 to 19,129.08498659598894
51036,Charles City County,2030,age_sex,Male,20 to 24,124.32736885996064
51036,Charles City County,2030,age_sex,Male,25 to 29,128.8235753815364
51036,Charles City County,2030,age_sex,Male,30 to 34,141.43273557608188
51036,Charles City County,2030,age_sex,Male,35 to 39,148.28367118065734
51036,Charles City County,2030,age_sex,Male,40 to 44,129.70701750346396
51036,Charles City County,2030,age_sex,Male,45 to 49,176.55870776581472
51036,Charles City County,2030,age_sex,Male,5 to 9,154.50570342205322
51036,Charles City County,2030,age_sex,Male,50 to 54,152.4220107791164
51036,Charles City County,2030,age_sex,Male,55 to 59,185.03086230874433
51036,Charles City County,2030,age_sex,Male,60 to 64,254.62615669242658
51036,Charles City County,2030,age_sex,Male,65 to 69,299.0299401197605
51036,Charles City County,2030,age_sex,Male,70 to 74,276.1721170395869
51036,Charles City County,2030,age_sex,Male,75 to 79,217.05882352941174
51036,Charles City County,2030,age_sex,Male,80 to 84,125.54794520547945
51036,Charles City County,2030,age_sex,Male,85 and Over,86.375
51036,Charles City County,2030,age_sex,Total,0 to 4,259
51036,Charles City County,2030,age_sex,Total,10 to 14,245.9620069486509
51036,Charles City County,2030,age_sex,Total,15 to 19,230.67257959756606
51036,Charles City County,2030,age_sex,Total,20 to 24,227.44595126733978
51036,Charles City County,2030,age_sex,Total,25 to 29,256.22368584172983
51036,Charles City County,2030,age_sex,Total,30 to 34,280.14561085262375
51036,Charles City County,2030,age_sex,Total,35 to 39,309.5421635896222
51036,Charles City County,2030,age_sex,Total,40 to 44,286.625297420242
51036,Charles City County,2030,age_sex,Total,45 to 49,353.11741553162943
51036,Charles City County,2030,age_sex,Total,5 to 9,301
51036,Charles City County,2030,age_sex,Total,50 to 54,304.2731526040039
51036,Charles City County,2030,age_sex,Total,55 to 59,372.20080973088454
51036,Charles City County,2030,age_sex,Total,60 to 64,510.0406296594427
51036,Charles City County,2030,age_sex,Total,65 to 69,640.7784431137725
51036,Charles City County,2030,age_sex,Total,70 to 74,523.3907056798623
51036,Charles City County,2030,age_sex,Total,75 to 79,441.07466063348414
51036,Charles City County,2030,age_sex,Total,80 to 84,315.47945205479454
51036,Charles City County,2030,age_sex,Total,85 and Over,256.24583333333334
51036,Charles City County,2040,age_sex,Female,0 to 4,91.28345708150121
51036,Charles City County,2040,age_sex,Female,10 to 14,153.28326387732594
51036,Charles City County,2040,age_sex,Female,15 to 19,123.33189475671568
51036,Charles City County,2040,age_sex,Female,20 to 24,97.43158476810953
51036,Charles City County,2040,age_sex,Female,25 to 29,108.15549586037602
51036,Charles City County,2040,age_sex,Female,30 to 34,112.3130689314854
51036,Charles City County,2040,age_sex,Female,35 to 39,126.5625132236978
51036,Charles City County,2040,age_sex,Female,40 to 44,157.35602979284076
51036,Charles City County,2040,age_sex,Female,45 to 49,179.59113515328667
51036,Charles City County,2040,age_sex,Female,5 to 9,98.53194882212993
51036,Charles City County,2040,age_sex,Female,50 to 54,151.98376047547464
51036,Charles City County,2040,age_sex,Female,55 to 59,189.56916552565485
51036,Charles City County,2040,age_sex,Female,60 to 64,158.38162780733566
51036,Charles City County,2040,age_sex,Female,65 to 69,198.18675435578882
51036,Charles City County,2040,age_sex,Female,70 to 74,211.33992348361852
51036,Charles City County,2040,age_sex,Female,75 to 79,253.11123924485005
51036,Charles City County,2040,age_sex,Female,80 to 84,229.36391483480492
51036,Charles City County,2040,age_sex,Female,85 and Over,270.00037666482405
51036,Charles City County,2040,age_sex,Male,0 to 4,101.1724982653305
51036,Charles City County,2040,age_sex,Male,10 to 14,113.8151180885534
51036,Charles City County,2040,age_sex,Male,15 to 19,156.71496401417255
51036,Charles City County,2040,age_sex,Male,20 to 24,117.47070503956468
51036,Charles City County,2040,age_sex,Male,25 to 29,109.36393715490536
51036,Charles City County,2040,age_sex,Male,30 to 34,114.51528596935766
51036,Charles City County,2040,age_sex,Male,35 to 39,116.37932250454972
51036,Charles City County,2040,age_sex,Male,40 to 44,130.06885699639437
51036,Charles City County,2040,age_sex,Male,45 to 49,179.59113515328667
51036,Charles City County,2040,age_sex,Male,5 to 9,103.92041477334016
51036,Charles City County,2040,age_sex,Male,50 to 54,152.55512799605913
51036,Charles City County,2040,age_sex,Male,55 to 59,187.40266077679019
51036,Charles City County,2040,age_sex,Male,60 to 64,157.8927956227451
51036,Charles City County,2040,age_sex,Male,65 to 69,173.41341006131523
51036,Charles City County,2040,age_sex,Male,70 to 74,236.09144605377202
51036,Charles City County,2040,age_sex,Male,75 to 79,245.250641752774
51036,Charles City County,2040,age_sex,Male,80 to 84,151.61343522978632
51036,Charles City County,2040,age_sex,Male,85 and Over,137.28832711770715
51036,Charles City County,2040,age_sex,Total,0 to 4,192.45595534683173
51036,Charles City County,2040,age_sex,Total,10 to 14,267.09838196587935
51036,Charles City County,2040,age_sex,Total,15 to 19,280.04685877088826
51036,Charles City County,2040,age_sex,Total,20 to 24,214.9022898076742
51036,Charles City County,2040,age_sex,Total,25 to 29,217.51943301528138
51036,Charles City County,2040,age_sex,Total,30 to 34,226.82835490084307
51036,Charles City County,2040,age_sex,Total,35 to 39,242.94183572824753
51036,Charles City County,2040,age_sex,Total,40 to 44,287.42488678923513
51036,Charles City County,2040,age_sex,Total,45 to 49,359.18227030657334
51036,Charles City County,2040,age_sex,Total,5 to 9,202.4523635954701
51036,Charles City County,2040,age_sex,Total,50 to 54,304.53888847153377
51036,Charles City County,2040,age_sex,Total,55 to 59,376.97182630244504
51036,Charles City County,2040,age_sex,Total,60 to 64,316.27442343008073
51036,Charles City County,2040,age_sex,Total,65 to 69,371.60016441710405
51036,Charles City County,2040,age_sex,Total,70 to 74,447.43136953739054
51036,Charles City County,2040,age_sex,Total,75 to 79,498.36188099762404
51036,Charles City County,2040,age_sex,Total,80 to 84,380.97735006459123
51036,Charles City County,2040,age_sex,Total,85 and Over,407.28870378253123
51036,Charles City County,2050,age_sex,Female,0 to 4,91.72860956979072
51036,Charles City County,2050,age_sex,Female,10 to 14,125.61646254686389
51036,Charles City County,2050,age_sex,Female,15 to 19,91.48544165721866
51036,Charles City County,2050,age_sex,Female,20 to 24,116.68720174517962
51036,Charles City County,2050,age_sex,Female,25 to 29,144.81166788105287
51036,Charles City County,2050,age_sex,Female,30 to 34,117.03435244030145
51036,Charles City County,2050,age_sex,Female,35 to 39,118.49611395402364
51036,Charles City County,2050,age_sex,Female,40 to 44,140.5132048741855
51036,Charles City County,2050,age_sex,Female,45 to 49,155.4488881272009
51036,Charles City County,2050,age_sex,Female,5 to 9,100.51655063694143
51036,Charles City County,2050,age_sex,Female,50 to 54,168.08434495908233
51036,Charles City County,2050,age_sex,Female,55 to 59,212.6589581381407
51036,Charles City County,2050,age_sex,Female,60 to 64,174.8252491142337
51036,Charles City County,2050,age_sex,Female,65 to 69,221.37390954598598
51036,Charles City County,2050,age_sex,Female,70 to 74,144.53102239657662
51036,Charles City County,2050,age_sex,Female,75 to 79,161.88241111602593
51036,Charles City County,2050,age_sex,Female,80 to 84,216.24483606246045
51036,Charles City County,2050,age_sex,Female,85 and Over,378.28045823361106
51036,Charles City County,2050,age_sex,Male,0 to 4,101.66587560651804
51036,Charles City County,2050,age_sex,Male,10 to 14,93.27210392701271
51036,Charles City County,2050,age_sex,Male,15 to 19,116.24841834639062
51036,Charles City County,2050,age_sex,Male,20 to 24,140.68669713957826
51036,Charles City County,2050,age_sex,Male,25 to 29,146.42967534341102
51036,Charles City County,2050,age_sex,Male,30 to 34,119.32914366462107
51036,Charles City County,2050,age_sex,Male,35 to 39,108.96194386576887
51036,Charles City County,2050,age_sex,Male,40 to 44,116.146753161899
51036,Charles City County,2050,age_sex,Male,45 to 49,155.4488881272009
51036,Charles City County,2050,age_sex,Male,5 to 9,106.01354949989916
51036,Charles City County,2050,age_sex,Male,50 to 54,168.71624099276312
51036,Charles City County,2050,age_sex,Male,55 to 59,210.22857004513332
51036,Charles City County,2050,age_sex,Male,60 to 64,174.28566501202928
51036,Charles City County,2050,age_sex,Male,65 to 69,193.70217085273774
51036,Charles City County,2050,age_sex,Male,70 to 74,161.45807907365312
51036,Charles City County,2050,age_sex,Male,75 to 79,156.85500704409966
51036,Charles City County,2050,age_sex,Male,80 to 84,142.94150180399927
51036,Charles City County,2050,age_sex,Male,85 and Over,192.34599571200565
51036,Charles City County,2050,age_sex,Total,0 to 4,193.39448517630876
51036,Charles City County,2050,age_sex,Total,10 to 14,218.8885664738766
51036,Charles City County,2050,age_sex,Total,15 to 19,207.7338600036093
51036,Charles City County,2050,age_sex,Total,20 to 24,257.37389888475786
51036,Charles City County,2050,age_sex,Total,25 to 29,291.2413432244639
51036,Charles City County,2050,age_sex,Total,30 to 34,236.36349610492252
51036,Charles City County,2050,age_sex,Total,35 to 39,227.45805781979251
51036,Charles City County,2050,age_sex,Total,40 to 44,256.6599580360845
51036,Charles City County,2050,age_sex,Total,45 to 49,310.8977762544018
51036,Charles City County,2050,age_sex,Total,5 to 9,206.5301001368406
51036,Charles City County,2050,age_sex,Total,50 to 54,336.80058595184545
51036,Charles City County,2050,age_sex,Total,55 to 59,422.887528183274
51036,Charles City County,2050,age_sex,Total,60 to 64,349.11091412626297
51036,Charles City County,2050,age_sex,Total,65 to 69,415.0760803987237
51036,Charles City County,2050,age_sex,Total,70 to 74,305.98910147022974
51036,Charles City County,2050,age_sex,Total,75 to 79,318.7374181601256
51036,Charles City County,2050,age_sex,Total,80 to 84,359.1863378664597
51036,Charles City County,2050,age_sex,Total,85 and Over,570.6264539456167
51036,Charles City County,2030,total_population,NA,NA,6113.218397858984
51036,Charles City County,2040,total_population,NA,NA,5594.297237230224
51036,Charles City County,2050,total_population,NA,NA,5484.9559622175775
51041,Chesterfield County,2030,age_sex,Female,0 to 4,10207.265041271054
51041,Chesterfield County,2030,age_sex,Female,10 to 14,14166.015930260717
51041,Chesterfield County,2030,age_sex,Female,15 to 19,14305.643882169603
51041,Chesterfield County,2030,age_sex,Female,20 to 24,12904.344912529163
51041,Chesterfield County,2030,age_sex,Female,25 to 29,12033.575820231137
51041,Chesterfield County,2030,age_sex,Female,30 to 34,16259.993918699602
51041,Chesterfield County,2030,age_sex,Female,35 to 39,15323.111164427848
51041,Chesterfield County,2030,age_sex,Female,40 to 44,15860.81794511666
51041,Chesterfield County,2030,age_sex,Female,45 to 49,15203.093497896647
51041,Chesterfield County,2030,age_sex,Female,5 to 9,9458.11855670103
51041,Chesterfield County,2030,age_sex,Female,50 to 54,13799.725791741546
51041,Chesterfield County,2030,age_sex,Female,55 to 59,13424.808454834782
51041,Chesterfield County,2030,age_sex,Female,60 to 64,13597.820525206609
51041,Chesterfield County,2030,age_sex,Female,65 to 69,12447.912526500138
51041,Chesterfield County,2030,age_sex,Female,70 to 74,11349.137373183437
51041,Chesterfield County,2030,age_sex,Female,75 to 79,9473.930872876392
51041,Chesterfield County,2030,age_sex,Female,80 to 84,7405.673152774126
51041,Chesterfield County,2030,age_sex,Female,85 and Over,5601.7890114839
51041,Chesterfield County,2030,age_sex,Male,0 to 4,10510.734958728948
51041,Chesterfield County,2030,age_sex,Male,10 to 14,14555.342837068998
51041,Chesterfield County,2030,age_sex,Male,15 to 19,15355.10538988753
51041,Chesterfield County,2030,age_sex,Male,20 to 24,13129.026735511015
51041,Chesterfield County,2030,age_sex,Male,25 to 29,11334.7437948108
51041,Chesterfield County,2030,age_sex,Male,30 to 34,14616.153340772606
51041,Chesterfield County,2030,age_sex,Male,35 to 39,13517.829162040212
51041,Chesterfield County,2030,age_sex,Male,40 to 44,13908.352130497668
51041,Chesterfield County,2030,age_sex,Male,45 to 49,13712.617722940648
51041,Chesterfield County,2030,age_sex,Male,5 to 9,10113.88144329897
51041,Chesterfield County,2030,age_sex,Male,50 to 54,12638.21041016241
51041,Chesterfield County,2030,age_sex,Male,55 to 59,11831.249411196697
51041,Chesterfield County,2030,age_sex,Male,60 to 64,11370.368020125146
51041,Chesterfield County,2030,age_sex,Male,65 to 69,10409.254493501703
51041,Chesterfield County,2030,age_sex,Male,70 to 74,9517.035152179873
51041,Chesterfield County,2030,age_sex,Male,75 to 79,7887.047451669596
51041,Chesterfield County,2030,age_sex,Male,80 to 84,5308.300026295031
51041,Chesterfield County,2030,age_sex,Male,85 and Over,3123.4217518576893
51041,Chesterfield County,2030,age_sex,Total,0 to 4,20718
51041,Chesterfield County,2030,age_sex,Total,10 to 14,28721.358767329715
51041,Chesterfield County,2030,age_sex,Total,15 to 19,29660.74927205713
51041,Chesterfield County,2030,age_sex,Total,20 to 24,26033.371648040178
51041,Chesterfield County,2030,age_sex,Total,25 to 29,23368.319615041935
51041,Chesterfield County,2030,age_sex,Total,30 to 34,30876.147259472207
51041,Chesterfield County,2030,age_sex,Total,35 to 39,28840.94032646806
51041,Chesterfield County,2030,age_sex,Total,40 to 44,29769.170075614325
51041,Chesterfield County,2030,age_sex,Total,45 to 49,28915.711220837296
51041,Chesterfield County,2030,age_sex,Total,5 to 9,19572
51041,Chesterfield County,2030,age_sex,Total,50 to 54,26437.936201903958
51041,Chesterfield County,2030,age_sex,Total,55 to 59,25256.05786603148
51041,Chesterfield County,2030,age_sex,Total,60 to 64,24968.188545331755
51041,Chesterfield County,2030,age_sex,Total,65 to 69,22857.16702000184
51041,Chesterfield County,2030,age_sex,Total,70 to 74,20866.172525363312
51041,Chesterfield County,2030,age_sex,Total,75 to 79,17360.978324545988
51041,Chesterfield County,2030,age_sex,Total,80 to 84,12713.973179069157
51041,Chesterfield County,2030,age_sex,Total,85 and Over,8725.210763341589
51041,Chesterfield County,2040,age_sex,Female,0 to 4,12928.548678717912
51041,Chesterfield County,2040,age_sex,Female,10 to 14,13417.134290397138
51041,Chesterfield County,2040,age_sex,Female,15 to 19,11152.03108750077
51041,Chesterfield County,2040,age_sex,Female,20 to 24,12854.259451353468
51041,Chesterfield County,2040,age_sex,Female,25 to 29,11935.904996581434
51041,Chesterfield County,2040,age_sex,Female,30 to 34,17708.219885574388
51041,Chesterfield County,2040,age_sex,Female,35 to 39,16772.23364565362
51041,Chesterfield County,2040,age_sex,Female,40 to 44,19755.346719828056
51041,Chesterfield County,2040,age_sex,Female,45 to 49,16350.457884812207
51041,Chesterfield County,2040,age_sex,Female,5 to 9,15549.740445596872
51041,Chesterfield County,2040,age_sex,Female,50 to 54,15670.563876237618
51041,Chesterfield County,2040,age_sex,Female,55 to 59,14643.751802869476
51041,Chesterfield County,2040,age_sex,Female,60 to 64,13540.229385725665
51041,Chesterfield County,2040,age_sex,Female,65 to 69,12782.965270909157
51041,Chesterfield County,2040,age_sex,Female,70 to 74,12217.98227333986
51041,Chesterfield County,2040,age_sex,Female,75 to 79,10686.038778324644
51041,Chesterfield County,2040,age_sex,Female,80 to 84,9373.136180849164
51041,Chesterfield County,2040,age_sex,Female,85 and Over,10066.36401640644
51041,Chesterfield County,2040,age_sex,Male,0 to 4,13312.924472284289
51041,Chesterfield County,2040,age_sex,Male,10 to 14,13785.879561984271
51041,Chesterfield County,2040,age_sex,Male,15 to 19,11970.143676881877
51041,Chesterfield County,2040,age_sex,Male,20 to 24,13078.069219783298
51041,Chesterfield County,2040,age_sex,Male,25 to 29,11242.745059037157
51041,Chesterfield County,2040,age_sex,Male,30 to 34,15917.967653235977
51041,Chesterfield County,2040,age_sex,Male,35 to 39,14796.224255952806
51041,Chesterfield County,2040,age_sex,Male,40 to 44,17323.464627751877
51041,Chesterfield County,2040,age_sex,Male,45 to 49,14747.49718539123
51041,Chesterfield County,2040,age_sex,Male,5 to 9,16627.855783158255
51041,Chesterfield County,2040,age_sex,Male,50 to 54,14351.581075060427
51041,Chesterfield County,2040,age_sex,Male,55 to 59,12905.50107126592
51041,Chesterfield County,2040,age_sex,Male,60 to 64,11322.210857778224
51041,Chesterfield County,2040,age_sex,Male,65 to 69,10689.433943499836
51041,Chesterfield County,2040,age_sex,Male,70 to 74,10245.621579913057
51041,Chesterfield County,2040,age_sex,Male,75 to 79,8896.127282955265
51041,Chesterfield County,2040,age_sex,Male,80 to 84,6718.554547148816
51041,Chesterfield County,2040,age_sex,Male,85 and Over,5612.760542481166
51041,Chesterfield County,2040,age_sex,Total,0 to 4,26241.4731510022
51041,Chesterfield County,2040,age_sex,Total,10 to 14,27203.01385238141
51041,Chesterfield County,2040,age_sex,Total,15 to 19,23122.174764382646
51041,Chesterfield County,2040,age_sex,Total,20 to 24,25932.328671136765
51041,Chesterfield County,2040,age_sex,Total,25 to 29,23178.65005561859
51041,Chesterfield County,2040,age_sex,Total,30 to 34,33626.187538810365
51041,Chesterfield County,2040,age_sex,Total,35 to 39,31568.457901606427
51041,Chesterfield County,2040,age_sex,Total,40 to 44,37078.81134757993
51041,Chesterfield County,2040,age_sex,Total,45 to 49,31097.95507020344
51041,Chesterfield County,2040,age_sex,Total,5 to 9,32177.596228755127
51041,Chesterfield County,2040,age_sex,Total,50 to 54,30022.144951298047
51041,Chesterfield County,2040,age_sex,Total,55 to 59,27549.252874135396
51041,Chesterfield County,2040,age_sex,Total,60 to 64,24862.44024350389
51041,Chesterfield County,2040,age_sex,Total,65 to 69,23472.399214408993
51041,Chesterfield County,2040,age_sex,Total,70 to 74,22463.603853252916
51041,Chesterfield County,2040,age_sex,Total,75 to 79,19582.16606127991
51041,Chesterfield County,2040,age_sex,Total,80 to 84,16091.690727997979
51041,Chesterfield County,2040,age_sex,Total,85 and Over,15679.124558887605
51041,Chesterfield County,2050,age_sex,Female,0 to 4,13885.33419328121
51041,Chesterfield County,2050,age_sex,Female,10 to 14,17139.31659106213
51041,Chesterfield County,2050,age_sex,Female,15 to 19,18491.22628431691
51041,Chesterfield County,2050,age_sex,Female,20 to 24,12278.701833847968
51041,Chesterfield County,2050,age_sex,Female,25 to 29,9384.15702583525
51041,Chesterfield County,2050,age_sex,Female,30 to 34,17790.139606672994
51041,Chesterfield County,2050,age_sex,Female,35 to 39,16778.18233030115
51041,Chesterfield County,2050,age_sex,Female,40 to 44,21698.641004521207
51041,Chesterfield County,2050,age_sex,Female,45 to 49,18049.585041446688
51041,Chesterfield County,2050,age_sex,Female,5 to 9,15628.932962097315
51041,Chesterfield County,2050,age_sex,Female,50 to 54,19685.073979263
51041,Chesterfield County,2050,age_sex,Female,55 to 59,15883.406964490736
51041,Chesterfield County,2050,age_sex,Female,60 to 64,15507.205431063949
51041,Chesterfield County,2050,age_sex,Female,65 to 69,14062.716503391548
51041,Chesterfield County,2050,age_sex,Female,70 to 74,12270.141158637374
51041,Chesterfield County,2050,age_sex,Female,75 to 79,11067.389084807779
51041,Chesterfield County,2050,age_sex,Female,80 to 84,10176.886146246907
51041,Chesterfield County,2050,age_sex,Female,85 and Over,13436.86960059557
51041,Chesterfield County,2050,age_sex,Male,0 to 4,14298.155963311943
51041,Chesterfield County,2050,age_sex,Male,10 to 14,17610.359200787843
51041,Chesterfield County,2050,age_sex,Male,15 to 19,19847.74196272547
51041,Chesterfield County,2050,age_sex,Male,20 to 24,12492.49037798406
51041,Chesterfield County,2050,age_sex,Male,25 to 29,8839.186058003597
51041,Chesterfield County,2050,age_sex,Male,30 to 34,15991.605516275617
51041,Chesterfield County,2050,age_sex,Male,35 to 39,14801.472100332532
51041,Chesterfield County,2050,age_sex,Male,40 to 44,19027.539493135315
51041,Chesterfield County,2050,age_sex,Male,45 to 49,16280.045884431936
51041,Chesterfield County,2050,age_sex,Male,5 to 9,16712.53898080273
51041,Chesterfield County,2050,age_sex,Male,50 to 54,18028.192055701846
51041,Chesterfield County,2050,age_sex,Male,55 to 59,13998.005999761677
51041,Chesterfield County,2050,age_sex,Male,60 to 64,12966.977493784903
51041,Chesterfield County,2050,age_sex,Male,65 to 69,11759.593798730366
51041,Chesterfield County,2050,age_sex,Male,70 to 74,10289.360405918273
51041,Chesterfield County,2050,age_sex,Male,75 to 79,9213.601413102475
51041,Chesterfield County,2050,age_sex,Male,80 to 84,7294.673135485009
51041,Chesterfield County,2050,age_sex,Male,85 and Over,7492.072746998742
51041,Chesterfield County,2050,age_sex,Total,0 to 4,28183.490156593154
51041,Chesterfield County,2050,age_sex,Total,10 to 14,34749.67579184997
51041,Chesterfield County,2050,age_sex,Total,15 to 19,38338.96824704238
51041,Chesterfield County,2050,age_sex,Total,20 to 24,24771.19221183203
51041,Chesterfield County,2050,age_sex,Total,25 to 29,18223.343083838845
51041,Chesterfield County,2050,age_sex,Total,30 to 34,33781.74512294861
51041,Chesterfield County,2050,age_sex,Total,35 to 39,31579.654430633684
51041,Chesterfield County,2050,age_sex,Total,40 to 44,40726.18049765652
51041,Chesterfield County,2050,age_sex,Total,45 to 49,34329.63092587863
51041,Chesterfield County,2050,age_sex,Total,5 to 9,32341.471942900043
51041,Chesterfield County,2050,age_sex,Total,50 to 54,37713.26603496485
51041,Chesterfield County,2050,age_sex,Total,55 to 59,29881.412964252413
51041,Chesterfield County,2050,age_sex,Total,60 to 64,28474.182924848854
51041,Chesterfield County,2050,age_sex,Total,65 to 69,25822.310302121914
51041,Chesterfield County,2050,age_sex,Total,70 to 74,22559.50156455565
51041,Chesterfield County,2050,age_sex,Total,75 to 79,20280.990497910254
51041,Chesterfield County,2050,age_sex,Total,80 to 84,17471.559281731916
51041,Chesterfield County,2050,age_sex,Total,85 and Over,20928.94234759431
51041,Chesterfield County,2030,total_population,NA,NA,425661.45261045
51041,Chesterfield County,2040,total_population,NA,NA,470949.4710662417
51041,Chesterfield County,2050,total_population,NA,NA,520157.51832915226
51075,Goochland County,2030,age_sex,Female,0 to 4,478.7118463180363
51075,Goochland County,2030,age_sex,Female,10 to 14,690.9066787100714
51075,Goochland County,2030,age_sex,Female,15 to 19,651.7486274301546
51075,Goochland County,2030,age_sex,Female,20 to 24,747.1395994959483
51075,Goochland County,2030,age_sex,Female,25 to 29,800.0369565783319
51075,Goochland County,2030,age_sex,Female,30 to 34,1261.2927582130276
51075,Goochland County,2030,age_sex,Female,35 to 39,1161.1574969953863
51075,Goochland County,2030,age_sex,Female,40 to 44,946.2202841079836
51075,Goochland County,2030,age_sex,Female,45 to 49,918.3538196363702
51075,Goochland County,2030,age_sex,Female,5 to 9,435.2903225806451
51075,Goochland County,2030,age_sex,Female,50 to 54,877.3701371945285
51075,Goochland County,2030,age_sex,Female,55 to 59,1085.4703290220343
51075,Goochland County,2030,age_sex,Female,60 to 64,1308.9693073190854
51075,Goochland County,2030,age_sex,Female,65 to 69,1218.287870619946
51075,Goochland County,2030,age_sex,Female,70 to 74,1168.718008106543
51075,Goochland County,2030,age_sex,Female,75 to 79,910.6103476151981
51075,Goochland County,2030,age_sex,Female,80 to 84,609.4329896907217
51075,Goochland County,2030,age_sex,Female,85 and Over,440.34313725490193
51075,Goochland County,2030,age_sex,Male,0 to 4,494.28815368196376
51075,Goochland County,2030,age_sex,Male,10 to 14,761.7689021675146
51075,Goochland County,2030,age_sex,Male,15 to 19,699.7722105039554
51075,Goochland County,2030,age_sex,Male,20 to 24,774.6263406145284
51075,Goochland County,2030,age_sex,Male,25 to 29,790.3979571014845
51075,Goochland County,2030,age_sex,Male,30 to 34,955.1895449624975
51075,Goochland County,2030,age_sex,Male,35 to 39,879.0949471179645
51075,Goochland County,2030,age_sex,Male,40 to 44,699.1587294418346
51075,Goochland County,2030,age_sex,Male,45 to 49,750.3236040757455
51075,Goochland County,2030,age_sex,Male,5 to 9,429.7096774193548
51075,Goochland County,2030,age_sex,Male,50 to 54,759.1121206846614
51075,Goochland County,2030,age_sex,Male,55 to 59,982.4827999040747
51075,Goochland County,2030,age_sex,Male,60 to 64,1149.4685793760611
51075,Goochland County,2030,age_sex,Male,65 to 69,1177.922911051213
51075,Goochland County,2030,age_sex,Male,70 to 74,1092.4099594672844
51075,Goochland County,2030,age_sex,Male,75 to 79,810.8391269199677
51075,Goochland County,2030,age_sex,Male,80 to 84,559.3724226804123
51075,Goochland County,2030,age_sex,Male,85 and Over,320.0955882352941
51075,Goochland County,2030,age_sex,Total,0 to 4,973
51075,Goochland County,2030,age_sex,Total,10 to 14,1452.675580877586
51075,Goochland County,2030,age_sex,Total,15 to 19,1351.52083793411
51075,Goochland County,2030,age_sex,Total,20 to 24,1521.7659401104768
51075,Goochland County,2030,age_sex,Total,25 to 29,1590.4349136798164
51075,Goochland County,2030,age_sex,Total,30 to 34,2216.482303175525
51075,Goochland County,2030,age_sex,Total,35 to 39,2040.2524441133505
51075,Goochland County,2030,age_sex,Total,40 to 44,1645.3790135498182
51075,Goochland County,2030,age_sex,Total,45 to 49,1668.6774237121156
51075,Goochland County,2030,age_sex,Total,5 to 9,865
51075,Goochland County,2030,age_sex,Total,50 to 54,1636.4822578791898
51075,Goochland County,2030,age_sex,Total,55 to 59,2067.953128926109
51075,Goochland County,2030,age_sex,Total,60 to 64,2458.4378866951465
51075,Goochland County,2030,age_sex,Total,65 to 69,2396.210781671159
51075,Goochland County,2030,age_sex,Total,70 to 74,2261.1279675738274
51075,Goochland County,2030,age_sex,Total,75 to 79,1721.4494745351658
51075,Goochland County,2030,age_sex,Total,80 to 84,1168.805412371134
51075,Goochland County,2030,age_sex,Total,85 and Over,760.438725490196
51075,Goochland County,2040,age_sex,Female,0 to 4,666.5870828435343
51075,Goochland County,2040,age_sex,Female,10 to 14,639.2940746997257
51075,Goochland County,2040,age_sex,Female,15 to 19,462.9931156765691
51075,Goochland County,2040,age_sex,Female,20 to 24,652.5944522756791
51075,Goochland County,2040,age_sex,Female,25 to 29,659.0005790918348
51075,Goochland County,2040,age_sex,Female,30 to 34,1346.9673906281796
51075,Goochland County,2040,age_sex,Female,35 to 39,1361.6616519623612
51075,Goochland County,2040,age_sex,Female,40 to 44,1469.405272051045
51075,Goochland County,2040,age_sex,Female,45 to 49,1212.898715038444
51075,Goochland County,2040,age_sex,Female,5 to 9,856.7627499556714
51075,Goochland County,2040,age_sex,Female,50 to 54,940.672995363276
51075,Goochland County,2040,age_sex,Female,55 to 59,977.5112154124427
51075,Goochland County,2040,age_sex,Female,60 to 64,976.9529367753529
51075,Goochland County,2040,age_sex,Female,65 to 69,1113.5531186398716
51075,Goochland County,2040,age_sex,Female,70 to 74,1246.3383809770844
51075,Goochland County,2040,age_sex,Female,75 to 79,1117.063820283058
51075,Goochland County,2040,age_sex,Female,80 to 84,818.2316508221653
51075,Goochland County,2040,age_sex,Female,85 and Over,777.717979344851
51075,Goochland County,2040,age_sex,Male,0 to 4,688.2764673178359
51075,Goochland County,2040,age_sex,Male,10 to 14,704.8626977458515
51075,Goochland County,2040,age_sex,Male,15 to 19,497.10839788431633
51075,Goochland County,2040,age_sex,Male,20 to 24,676.6029438309718
51075,Goochland County,2040,age_sex,Male,25 to 29,651.0608130786801
51075,Goochland County,2040,age_sex,Male,30 to 34,1020.0717958266038
51075,Goochland County,2040,age_sex,Male,35 to 39,1030.8936393399254
51075,Goochland County,2040,age_sex,Male,40 to 44,1085.7382158223736
51075,Goochland County,2040,age_sex,Male,45 to 49,990.9759351867609
51075,Goochland County,2040,age_sex,Male,5 to 9,845.7786121357269
51075,Goochland County,2040,age_sex,Male,50 to 54,813.8825817166897
51075,Goochland County,2040,age_sex,Male,55 to 59,884.7666584505569
51075,Goochland County,2040,age_sex,Male,60 to 64,857.9091183218168
51075,Goochland County,2040,age_sex,Male,65 to 69,1076.6582863957797
51075,Goochland County,2040,age_sex,Male,70 to 74,1164.9623354837354
51075,Goochland County,2040,age_sex,Male,75 to 79,994.6724799737838
51075,Goochland County,2040,age_sex,Male,80 to 84,751.019765218916
51075,Goochland County,2040,age_sex,Male,85 and Over,565.3411465237571
51075,Goochland County,2040,age_sex,Total,0 to 4,1354.86355016137
51075,Goochland County,2040,age_sex,Total,10 to 14,1344.1567724455772
51075,Goochland County,2040,age_sex,Total,15 to 19,960.1015135608855
51075,Goochland County,2040,age_sex,Total,20 to 24,1329.1973961066508
51075,Goochland County,2040,age_sex,Total,25 to 29,1310.0613921705149
51075,Goochland County,2040,age_sex,Total,30 to 34,2367.0391864547832
51075,Goochland County,2040,age_sex,Total,35 to 39,2392.5552913022866
51075,Goochland County,2040,age_sex,Total,40 to 44,2555.1434878734185
51075,Goochland County,2040,age_sex,Total,45 to 49,2203.8746502252047
51075,Goochland County,2040,age_sex,Total,5 to 9,1702.5413620913985
51075,Goochland County,2040,age_sex,Total,50 to 54,1754.5555770799656
51075,Goochland County,2040,age_sex,Total,55 to 59,1862.2778738629995
51075,Goochland County,2040,age_sex,Total,60 to 64,1834.8620550971698
51075,Goochland County,2040,age_sex,Total,65 to 69,2190.2114050356513
51075,Goochland County,2040,age_sex,Total,70 to 74,2411.30071646082
51075,Goochland County,2040,age_sex,Total,75 to 79,2111.736300256842
51075,Goochland County,2040,age_sex,Total,80 to 84,1569.2514160410813
51075,Goochland County,2040,age_sex,Total,85 and Over,1343.059125868608
51075,Goochland County,2050,age_sex,Female,0 to 4,693.2739212981501
51075,Goochland County,2050,age_sex,Female,10 to 14,934.1178391853543
51075,Goochland County,2050,age_sex,Female,15 to 19,956.2564237635847
51075,Goochland County,2050,age_sex,Female,20 to 24,633.6405085401599
51075,Goochland County,2050,age_sex,Female,25 to 29,491.2453725917767
51075,Goochland County,2050,age_sex,Female,30 to 34,1234.5735608590235
51075,Goochland County,2050,age_sex,Female,35 to 39,1176.9641156450548
51075,Goochland County,2050,age_sex,Female,40 to 44,1646.6490248366945
51075,Goochland County,2050,age_sex,Female,45 to 49,1492.5224767753098
51075,Goochland County,2050,age_sex,Female,5 to 9,851.2773143208888
51075,Goochland County,2050,age_sex,Female,50 to 54,1532.8733877689983
51075,Goochland County,2050,age_sex,Female,55 to 59,1354.735515164663
51075,Goochland County,2050,age_sex,Female,60 to 64,1099.1266520777572
51075,Goochland County,2050,age_sex,Female,65 to 69,1052.28407714885
51075,Goochland County,2050,age_sex,Female,70 to 74,976.109223865719
51075,Goochland County,2050,age_sex,Female,75 to 79,1071.4138896313953
51075,Goochland County,2050,age_sex,Female,80 to 84,915.6316079730408
51075,Goochland County,2050,age_sex,Female,85 and Over,1123.1007082121864
51075,Goochland County,2050,age_sex,Male,0 to 4,715.8316410800855
51075,Goochland County,2050,age_sex,Male,10 to 14,1029.924797050519
51075,Goochland County,2050,age_sex,Male,15 to 19,1026.7174234093225
51075,Goochland County,2050,age_sex,Male,20 to 24,656.9516978175571
51075,Goochland County,2050,age_sex,Male,25 to 29,485.32675364488773
51075,Goochland County,2050,age_sex,Male,30 to 34,934.9548311768627
51075,Goochland County,2050,age_sex,Male,35 to 39,891.0619013183209
51075,Goochland County,2050,age_sex,Male,40 to 44,1216.7029806666828
51075,Goochland County,2050,age_sex,Male,45 to 49,1219.4372364907595
51075,Goochland County,2050,age_sex,Male,5 to 9,840.3635025988261
51075,Goochland County,2050,age_sex,Male,50 to 54,1326.2621085454266
51075,Goochland County,2050,age_sex,Male,55 to 59,1226.2005754387128
51075,Goochland County,2050,age_sex,Male,60 to 64,965.1957034086561
51075,Goochland County,2050,age_sex,Male,65 to 69,1017.4192432674122
51075,Goochland County,2050,age_sex,Male,70 to 74,912.3770064999161
51075,Goochland County,2050,age_sex,Male,75 to 79,954.0241938978684
51075,Goochland County,2050,age_sex,Male,80 to 84,840.4190116038268
51075,Goochland County,2050,age_sex,Male,85 and Over,816.4078225080893
51075,Goochland County,2050,age_sex,Total,0 to 4,1409.1055623782356
51075,Goochland County,2050,age_sex,Total,10 to 14,1964.0426362358733
51075,Goochland County,2050,age_sex,Total,15 to 19,1982.9738471729072
51075,Goochland County,2050,age_sex,Total,20 to 24,1290.592206357717
51075,Goochland County,2050,age_sex,Total,25 to 29,976.5721262366644
51075,Goochland County,2050,age_sex,Total,30 to 34,2169.528392035886
51075,Goochland County,2050,age_sex,Total,35 to 39,2068.0260169633757
51075,Goochland County,2050,age_sex,Total,40 to 44,2863.3520055033773
51075,Goochland County,2050,age_sex,Total,45 to 49,2711.9597132660692
51075,Goochland County,2050,age_sex,Total,5 to 9,1691.640816919715
51075,Goochland County,2050,age_sex,Total,50 to 54,2859.135496314425
51075,Goochland County,2050,age_sex,Total,55 to 59,2580.9360906033758
51075,Goochland County,2050,age_sex,Total,60 to 64,2064.3223554864135
51075,Goochland County,2050,age_sex,Total,65 to 69,2069.703320416262
51075,Goochland County,2050,age_sex,Total,70 to 74,1888.486230365635
51075,Goochland County,2050,age_sex,Total,75 to 79,2025.4380835292636
51075,Goochland County,2050,age_sex,Total,80 to 84,1756.0506195768676
51075,Goochland County,2050,age_sex,Total,85 and Over,1939.5085307202755
51075,Goochland County,2030,total_population,NA,NA,29796.094092294727
51075,Goochland County,2040,total_population,NA,NA,32596.78907209522
51075,Goochland County,2050,total_population,NA,NA,36311.374050082224
51085,Hanover County,2030,age_sex,Female,0 to 4,2459.793445692884
51085,Hanover County,2030,age_sex,Female,10 to 14,3502.363271793103
51085,Hanover County,2030,age_sex,Female,15 to 19,3543.6501347112435
51085,Hanover County,2030,age_sex,Female,20 to 24,3067.2345648501887
51085,Hanover County,2030,age_sex,Female,25 to 29,2677.4967011430385
51085,Hanover County,2030,age_sex,Female,30 to 34,3881.506969754504
51085,Hanover County,2030,age_sex,Female,35 to 39,4225.604896637731
51085,Hanover County,2030,age_sex,Female,40 to 44,4213.515077271302
51085,Hanover County,2030,age_sex,Female,45 to 49,3901.088178574407
51085,Hanover County,2030,age_sex,Female,5 to 9,2212.1249038609444
51085,Hanover County,2030,age_sex,Female,50 to 54,3643.6091225729624
51085,Hanover County,2030,age_sex,Female,55 to 59,3774.5901573033084
51085,Hanover County,2030,age_sex,Female,60 to 64,4141.0314913265265
51085,Hanover County,2030,age_sex,Female,65 to 69,4439.729805797918
51085,Hanover County,2030,age_sex,Female,70 to 74,3937.933676007295
51085,Hanover County,2030,age_sex,Female,75 to 79,3295.7236842105267
51085,Hanover County,2030,age_sex,Female,80 to 84,2451.286290322581
51085,Hanover County,2030,age_sex,Female,85 and Over,2099.6066433566434
51085,Hanover County,2030,age_sex,Male,0 to 4,2653.206554307116
51085,Hanover County,2030,age_sex,Male,10 to 14,3796.9000665067615
51085,Hanover County,2030,age_sex,Male,15 to 19,3785.027840680178
51085,Hanover County,2030,age_sex,Male,20 to 24,3342.80240373046
51085,Hanover County,2030,age_sex,Male,25 to 29,2727.3005217061523
51085,Hanover County,2030,age_sex,Male,30 to 34,3544.374759369619
51085,Hanover County,2030,age_sex,Male,35 to 39,3945.3792724668974
51085,Hanover County,2030,age_sex,Male,40 to 44,4008.9134346723927
51085,Hanover County,2030,age_sex,Male,45 to 49,3621.151435126828
51085,Hanover County,2030,age_sex,Male,5 to 9,2499.8750961390556
51085,Hanover County,2030,age_sex,Male,50 to 54,3313.1624718384214
51085,Hanover County,2030,age_sex,Male,55 to 59,3448.562072025545
51085,Hanover County,2030,age_sex,Male,60 to 64,3849.534387537549
51085,Hanover County,2030,age_sex,Male,65 to 69,3987.0270194202085
51085,Hanover County,2030,age_sex,Male,70 to 74,3537.009782788924
51085,Hanover County,2030,age_sex,Male,75 to 79,2507.8157894736846
51085,Hanover County,2030,age_sex,Male,80 to 84,1956.5483870967744
51085,Hanover County,2030,age_sex,Male,85 and Over,1162.5437062937065
51085,Hanover County,2030,age_sex,Total,0 to 4,5113
51085,Hanover County,2030,age_sex,Total,10 to 14,7299.263338299865
51085,Hanover County,2030,age_sex,Total,15 to 19,7328.677975391422
51085,Hanover County,2030,age_sex,Total,20 to 24,6410.036968580649
51085,Hanover County,2030,age_sex,Total,25 to 29,5404.797222849191
51085,Hanover County,2030,age_sex,Total,30 to 34,7425.881729124123
51085,Hanover County,2030,age_sex,Total,35 to 39,8170.984169104629
51085,Hanover County,2030,age_sex,Total,40 to 44,8222.428511943695
51085,Hanover County,2030,age_sex,Total,45 to 49,7522.239613701235
51085,Hanover County,2030,age_sex,Total,5 to 9,4712
51085,Hanover County,2030,age_sex,Total,50 to 54,6956.771594411383
51085,Hanover County,2030,age_sex,Total,55 to 59,7223.1522293288535
51085,Hanover County,2030,age_sex,Total,60 to 64,7990.565878864076
51085,Hanover County,2030,age_sex,Total,65 to 69,8426.756825218126
51085,Hanover County,2030,age_sex,Total,70 to 74,7474.94345879622
51085,Hanover County,2030,age_sex,Total,75 to 79,5803.539473684211
51085,Hanover County,2030,age_sex,Total,80 to 84,4407.834677419355
51085,Hanover County,2030,age_sex,Total,85 and Over,3262.1503496503497
51085,Hanover County,2040,age_sex,Female,0 to 4,2881.272584721417
51085,Hanover County,2040,age_sex,Female,10 to 14,3409.5450109886315
51085,Hanover County,2040,age_sex,Female,15 to 19,2611.4195772346434
51085,Hanover County,2040,age_sex,Female,20 to 24,2865.07635279051
51085,Hanover County,2040,age_sex,Female,25 to 29,2390.398770904509
51085,Hanover County,2040,age_sex,Female,30 to 34,3865.6441312199395
51085,Hanover County,2040,age_sex,Female,35 to 39,4451.2914363146865
51085,Hanover County,2040,age_sex,Female,40 to 44,5256.583545894776
51085,Hanover County,2040,age_sex,Female,45 to 49,4667.36780291793
51085,Hanover County,2040,age_sex,Female,5 to 9,3783.8715260804593
51085,Hanover County,2040,age_sex,Female,50 to 54,4497.697043622622
51085,Hanover County,2040,age_sex,Female,55 to 59,3871.213225173496
51085,Hanover County,2040,age_sex,Female,60 to 64,3500.0746103500546
51085,Hanover County,2040,age_sex,Female,65 to 69,3665.5013521890387
51085,Hanover County,2040,age_sex,Female,70 to 74,3928.1924069304227
51085,Hanover County,2040,age_sex,Female,75 to 79,4163.313904753216
51085,Hanover County,2040,age_sex,Female,80 to 84,3340.5773535217786
51085,Hanover County,2040,age_sex,Female,85 and Over,3421.496975350971
51085,Hanover County,2040,age_sex,Male,0 to 4,3107.8265209276165
51085,Hanover County,2040,age_sex,Male,10 to 14,3696.2761068336367
51085,Hanover County,2040,age_sex,Male,15 to 19,2789.297878678933
51085,Hanover County,2040,age_sex,Male,20 to 24,3122.481804533003
51085,Hanover County,2040,age_sex,Male,25 to 29,2434.8623145606384
51085,Hanover County,2040,age_sex,Male,30 to 34,3529.8897037064507
51085,Hanover County,2040,age_sex,Male,35 to 39,4156.099161689086
51085,Hanover County,2040,age_sex,Male,40 to 44,5001.332144576669
51085,Hanover County,2040,age_sex,Male,45 to 49,4332.443883382641
51085,Hanover County,2040,age_sex,Male,5 to 9,4276.07237662238
51085,Hanover County,2040,age_sex,Male,50 to 54,4089.7913451556533
51085,Hanover County,2040,age_sex,Male,55 to 59,3536.839377177513
51085,Hanover County,2040,age_sex,Male,60 to 64,3253.6959933075773
51085,Hanover County,2040,age_sex,Male,65 to 69,3291.7437704911113
51085,Hanover County,2040,age_sex,Male,70 to 74,3528.260279405563
51085,Hanover County,2040,age_sex,Male,75 to 79,3167.9914177564
51085,Hanover County,2040,age_sex,Male,80 to 84,2666.355724669325
51085,Hanover County,2040,age_sex,Male,85 and Over,1894.4690365611375
51085,Hanover County,2040,age_sex,Total,0 to 4,5989.099105649033
51085,Hanover County,2040,age_sex,Total,10 to 14,7105.821117822268
51085,Hanover County,2040,age_sex,Total,15 to 19,5400.7174559135765
51085,Hanover County,2040,age_sex,Total,20 to 24,5987.558157323513
51085,Hanover County,2040,age_sex,Total,25 to 29,4825.2610854651475
51085,Hanover County,2040,age_sex,Total,30 to 34,7395.53383492639
51085,Hanover County,2040,age_sex,Total,35 to 39,8607.390598003773
51085,Hanover County,2040,age_sex,Total,40 to 44,10257.915690471445
51085,Hanover County,2040,age_sex,Total,45 to 49,8999.81168630057
51085,Hanover County,2040,age_sex,Total,5 to 9,8059.943902702839
51085,Hanover County,2040,age_sex,Total,50 to 54,8587.488388778274
51085,Hanover County,2040,age_sex,Total,55 to 59,7408.052602351009
51085,Hanover County,2040,age_sex,Total,60 to 64,6753.770603657632
51085,Hanover County,2040,age_sex,Total,65 to 69,6957.2451226801495
51085,Hanover County,2040,age_sex,Total,70 to 74,7456.452686335986
51085,Hanover County,2040,age_sex,Total,75 to 79,7331.3053225096155
51085,Hanover County,2040,age_sex,Total,80 to 84,6006.933078191103
51085,Hanover County,2040,age_sex,Total,85 and Over,5315.966011912108
51085,Hanover County,2050,age_sex,Female,0 to 4,3026.1697025666
51085,Hanover County,2050,age_sex,Female,10 to 14,4102.184376197291
51085,Hanover County,2050,age_sex,Female,15 to 19,4588.137599433365
51085,Hanover County,2050,age_sex,Female,20 to 24,2864.8670963330364
51085,Hanover County,2050,age_sex,Female,25 to 29,1809.3776278917458
51085,Hanover County,2050,age_sex,Female,30 to 34,3708.8914454766527
51085,Hanover County,2050,age_sex,Female,35 to 39,4081.8823486308224
51085,Hanover County,2050,age_sex,Female,40 to 44,5377.223806434686
51085,Hanover County,2050,age_sex,Female,45 to 49,5050.125948425208
51085,Hanover County,2050,age_sex,Female,5 to 9,3684.1673736406296
51085,Hanover County,2050,age_sex,Female,50 to 54,5763.446404392587
51085,Hanover County,2050,age_sex,Female,55 to 59,4757.364120012322
51085,Hanover County,2050,age_sex,Female,60 to 64,4437.810581676225
51085,Hanover County,2050,age_sex,Female,65 to 69,3861.3904204049736
51085,Hanover County,2050,age_sex,Female,70 to 74,3410.3155236145185
51085,Hanover County,2050,age_sex,Female,75 to 79,3530.6042657528646
51085,Hanover County,2050,age_sex,Female,80 to 84,3422.779547188929
51085,Hanover County,2050,age_sex,Female,85 and Over,4865.693143187963
51085,Hanover County,2050,age_sex,Male,0 to 4,3264.116872639957
51085,Hanover County,2050,age_sex,Male,10 to 14,4447.164078108969
51085,Hanover County,2050,age_sex,Male,15 to 19,4900.661151793391
51085,Hanover County,2050,age_sex,Male,20 to 24,3122.2537479647003
51085,Hanover County,2050,age_sex,Male,25 to 29,1843.0336614069179
51085,Hanover County,2050,age_sex,Male,30 to 34,3386.7519308926503
51085,Hanover County,2050,age_sex,Male,35 to 39,3811.1878428934
51085,Hanover County,2050,age_sex,Male,40 to 44,5116.114304453032
51085,Hanover County,2050,age_sex,Male,45 to 49,4687.735828723045
51085,Hanover County,2050,age_sex,Male,5 to 9,4163.398843933988
51085,Hanover County,2050,age_sex,Male,50 to 54,5240.747207812829
51085,Hanover County,2050,age_sex,Male,55 to 59,4346.449490773512
51085,Hanover County,2050,age_sex,Male,60 to 64,4125.422488411978
51085,Hanover County,2050,age_sex,Male,65 to 69,3467.6587567513197
51085,Hanover County,2050,age_sex,Male,70 to 74,3063.1088184429686
51085,Hanover County,2050,age_sex,Male,75 to 79,2686.543525010087
51085,Hanover County,2050,age_sex,Male,80 to 84,2731.96722426047
51085,Hanover County,2050,age_sex,Male,85 and Over,2694.1146134527494
51085,Hanover County,2050,age_sex,Total,0 to 4,6290.286575206556
51085,Hanover County,2050,age_sex,Total,10 to 14,8549.34845430626
51085,Hanover County,2050,age_sex,Total,15 to 19,9488.798751226755
51085,Hanover County,2050,age_sex,Total,20 to 24,5987.120844297737
51085,Hanover County,2050,age_sex,Total,25 to 29,3652.4112892986636
51085,Hanover County,2050,age_sex,Total,30 to 34,7095.643376369303
51085,Hanover County,2050,age_sex,Total,35 to 39,7893.0701915242225
51085,Hanover County,2050,age_sex,Total,40 to 44,10493.338110887718
51085,Hanover County,2050,age_sex,Total,45 to 49,9737.861777148253
51085,Hanover County,2050,age_sex,Total,5 to 9,7847.566217574617
51085,Hanover County,2050,age_sex,Total,50 to 54,11004.193612205416
51085,Hanover County,2050,age_sex,Total,55 to 59,9103.813610785834
51085,Hanover County,2050,age_sex,Total,60 to 64,8563.233070088203
51085,Hanover County,2050,age_sex,Total,65 to 69,7329.049177156293
51085,Hanover County,2050,age_sex,Total,70 to 74,6473.424342057488
51085,Hanover County,2050,age_sex,Total,75 to 79,6217.147790762951
51085,Hanover County,2050,age_sex,Total,80 to 84,6154.746771449399
51085,Hanover County,2050,age_sex,Total,85 and Over,7559.807756640712
51085,Hanover County,2030,total_population,NA,NA,119155.02401636736
51085,Hanover County,2040,total_population,NA,NA,128446.2664509944
51085,Hanover County,2050,total_population,NA,NA,139440.86171898592
51087,Henrico County,2030,age_sex,Female,0 to 4,9392.61949161371
51087,Henrico County,2030,age_sex,Female,10 to 14,10295.280994686122
51087,Henrico County,2030,age_sex,Female,15 to 19,10082.54495977188
51087,Henrico County,2030,age_sex,Female,20 to 24,10230.424066215937
51087,Henrico County,2030,age_sex,Female,25 to 29,12320.871077539767
51087,Henrico County,2030,age_sex,Female,30 to 34,13191.651261587655
51087,Henrico County,2030,age_sex,Female,35 to 39,12248.219370215666
51087,Henrico County,2030,age_sex,Female,40 to 44,13199.623521573967
51087,Henrico County,2030,age_sex,Female,45 to 49,12243.181715265502
51087,Henrico County,2030,age_sex,Female,5 to 9,10046.047931333784
51087,Henrico County,2030,age_sex,Female,50 to 54,11054.87447022252
51087,Henrico County,2030,age_sex,Female,55 to 59,11093.993281561905
51087,Henrico County,2030,age_sex,Female,60 to 64,11043.389976656792
51087,Henrico County,2030,age_sex,Female,65 to 69,11433.358455882353
51087,Henrico County,2030,age_sex,Female,70 to 74,10858.4482160555
51087,Henrico County,2030,age_sex,Female,75 to 79,9088.450361010831
51087,Henrico County,2030,age_sex,Female,80 to 84,7065.062319749216
51087,Henrico County,2030,age_sex,Female,85 and Over,5976.009062483438
51087,Henrico County,2030,age_sex,Male,0 to 4,9606.38050838629
51087,Henrico County,2030,age_sex,Male,10 to 14,10458.311472759966
51087,Henrico County,2030,age_sex,Male,15 to 19,10809.671042648157
51087,Henrico County,2030,age_sex,Male,20 to 24,9946.579198302572
51087,Henrico County,2030,age_sex,Male,25 to 29,11090.057225494802
51087,Henrico County,2030,age_sex,Male,30 to 34,11831.761056293673
51087,Henrico County,2030,age_sex,Male,35 to 39,10964.108067534307
51087,Henrico County,2030,age_sex,Male,40 to 44,11761.218014567901
51087,Henrico County,2030,age_sex,Male,45 to 49,11161.586180352031
51087,Henrico County,2030,age_sex,Male,5 to 9,10382.952068666218
51087,Henrico County,2030,age_sex,Male,50 to 54,9816.3534569479
51087,Henrico County,2030,age_sex,Male,55 to 59,9449.107659202242
51087,Henrico County,2030,age_sex,Male,60 to 64,9005.490971029241
51087,Henrico County,2030,age_sex,Male,65 to 69,9146.459099264706
51087,Henrico County,2030,age_sex,Male,70 to 74,8161.408572844399
51087,Henrico County,2030,age_sex,Male,75 to 79,6423.9190433213
51087,Henrico County,2030,age_sex,Male,80 to 84,4250.763636363637
51087,Henrico County,2030,age_sex,Male,85 and Over,2790.74646245164
51087,Henrico County,2030,age_sex,Total,0 to 4,18999
51087,Henrico County,2030,age_sex,Total,10 to 14,20753.592467446088
51087,Henrico County,2030,age_sex,Total,15 to 19,20892.21600242004
51087,Henrico County,2030,age_sex,Total,20 to 24,20177.00326451851
51087,Henrico County,2030,age_sex,Total,25 to 29,23410.92830303457
51087,Henrico County,2030,age_sex,Total,30 to 34,25023.412317881328
51087,Henrico County,2030,age_sex,Total,35 to 39,23212.327437749973
51087,Henrico County,2030,age_sex,Total,40 to 44,24960.84153614187
51087,Henrico County,2030,age_sex,Total,45 to 49,23404.767895617533
51087,Henrico County,2030,age_sex,Total,5 to 9,20429
51087,Henrico County,2030,age_sex,Total,50 to 54,20871.227927170417
51087,Henrico County,2030,age_sex,Total,55 to 59,20543.100940764147
51087,Henrico County,2030,age_sex,Total,60 to 64,20048.880947686033
51087,Henrico County,2030,age_sex,Total,65 to 69,20579.81755514706
51087,Henrico County,2030,age_sex,Total,70 to 74,19019.8567888999
51087,Henrico County,2030,age_sex,Total,75 to 79,15512.36940433213
51087,Henrico County,2030,age_sex,Total,80 to 84,11315.825956112853
51087,Henrico County,2030,age_sex,Total,85 and Over,8766.755524935079
51087,Henrico County,2040,age_sex,Female,0 to 4,10369.253664577267
51087,Henrico County,2040,age_sex,Female,10 to 14,10435.521157303247
51087,Henrico County,2040,age_sex,Female,15 to 19,10173.05959187704
51087,Henrico County,2040,age_sex,Female,20 to 24,9683.86733191136
51087,Henrico County,2040,age_sex,Female,25 to 29,12629.649328158259
51087,Henrico County,2040,age_sex,Female,30 to 34,14588.28682642788
51087,Henrico County,2040,age_sex,Female,35 to 39,13153.088156250114
51087,Henrico County,2040,age_sex,Female,40 to 44,13681.248585292198
51087,Henrico County,2040,age_sex,Female,45 to 49,12184.761325790823
51087,Henrico County,2040,age_sex,Female,5 to 9,11242.564678167482
51087,Henrico County,2040,age_sex,Female,50 to 54,13077.317300564171
51087,Henrico County,2040,age_sex,Female,55 to 59,12223.168116907105
51087,Henrico County,2040,age_sex,Female,60 to 64,10896.41883072525
51087,Henrico County,2040,age_sex,Female,65 to 69,10773.498812450316
51087,Henrico County,2040,age_sex,Female,70 to 74,10593.382114385427
51087,Henrico County,2040,age_sex,Female,75 to 79,10578.946468971486
51087,Henrico County,2040,age_sex,Female,80 to 84,9403.705951151831
51087,Henrico County,2040,age_sex,Female,85 and Over,9496.308477220577
51087,Henrico County,2040,age_sex,Male,0 to 4,10605.241315146088
51087,Henrico County,2040,age_sex,Male,10 to 14,10600.772402422539
51087,Henrico County,2040,age_sex,Male,15 to 19,10906.713347096778
51087,Henrico County,2040,age_sex,Male,20 to 24,9415.18677420173
51087,Henrico County,2040,age_sex,Male,25 to 29,11367.989560619197
51087,Henrico County,2040,age_sex,Male,30 to 34,13084.421391094136
51087,Henrico County,2040,age_sex,Male,35 to 39,11774.109820209122
51087,Henrico County,2040,age_sex,Male,40 to 44,12190.358843199265
51087,Henrico County,2040,age_sex,Male,45 to 49,11108.326804890967
51087,Henrico County,2040,age_sex,Male,5 to 9,11619.595186103674
51087,Henrico County,2040,age_sex,Male,50 to 54,11612.214072333443
51087,Henrico County,2040,age_sex,Male,55 to 59,10410.8618548688
51087,Henrico County,2040,age_sex,Male,60 to 64,8885.641239154696
51087,Henrico County,2040,age_sex,Male,65 to 69,8618.584523898675
51087,Henrico County,2040,age_sex,Male,70 to 74,7962.180035626543
51087,Henrico County,2040,age_sex,Male,75 to 79,7477.434874028858
51087,Henrico County,2040,age_sex,Male,80 to 84,5657.831381398405
51087,Henrico County,2040,age_sex,Male,85 and Over,4434.696971182228
51087,Henrico County,2040,age_sex,Total,0 to 4,20974.494979723357
51087,Henrico County,2040,age_sex,Total,10 to 14,21036.293559725786
51087,Henrico County,2040,age_sex,Total,15 to 19,21079.77293897382
51087,Henrico County,2040,age_sex,Total,20 to 24,19099.05410611309
51087,Henrico County,2040,age_sex,Total,25 to 29,23997.638888777456
51087,Henrico County,2040,age_sex,Total,30 to 34,27672.708217522017
51087,Henrico County,2040,age_sex,Total,35 to 39,24927.197976459236
51087,Henrico County,2040,age_sex,Total,40 to 44,25871.607428491465
51087,Henrico County,2040,age_sex,Total,45 to 49,23293.08813068179
51087,Henrico County,2040,age_sex,Total,5 to 9,22862.159864271154
51087,Henrico County,2040,age_sex,Total,50 to 54,24689.531372897614
51087,Henrico County,2040,age_sex,Total,55 to 59,22634.029971775904
51087,Henrico County,2040,age_sex,Total,60 to 64,19782.060069879946
51087,Henrico County,2040,age_sex,Total,65 to 69,19392.08333634899
51087,Henrico County,2040,age_sex,Total,70 to 74,18555.56215001197
51087,Henrico County,2040,age_sex,Total,75 to 79,18056.381343000343
51087,Henrico County,2040,age_sex,Total,80 to 84,15061.537332550237
51087,Henrico County,2040,age_sex,Total,85 and Over,13931.005448402804
51087,Henrico County,2050,age_sex,Female,0 to 4,11101.881691370596
51087,Henrico County,2050,age_sex,Female,10 to 14,11927.234581420305
51087,Henrico County,2050,age_sex,Female,15 to 19,11786.546809793255
51087,Henrico County,2050,age_sex,Female,20 to 24,10162.243978173628
51087,Henrico County,2050,age_sex,Female,25 to 29,13192.817702855711
51087,Henrico County,2050,age_sex,Female,30 to 34,14296.322493777083
51087,Henrico County,2050,age_sex,Female,35 to 39,13958.61914423752
51087,Henrico County,2050,age_sex,Female,40 to 44,15663.748951198575
51087,Henrico County,2050,age_sex,Female,45 to 49,13546.797827310367
51087,Henrico County,2050,age_sex,Female,5 to 9,11967.360258698965
51087,Henrico County,2050,age_sex,Female,50 to 54,14032.908674610839
51087,Henrico County,2050,age_sex,Female,55 to 59,12594.222577806535
51087,Henrico County,2050,age_sex,Female,60 to 64,13344.843405182093
51087,Henrico County,2050,age_sex,Female,65 to 69,12289.027119902885
51087,Henrico County,2050,age_sex,Female,70 to 74,10821.335585219544
51087,Henrico County,2050,age_sex,Female,75 to 79,10320.249957012227
51087,Henrico County,2050,age_sex,Female,80 to 84,9497.969310716584
51087,Henrico County,2050,age_sex,Female,85 and Over,12995.139936583731
51087,Henrico County,2050,age_sex,Male,0 to 4,11354.542785600503
51087,Henrico County,2050,age_sex,Male,10 to 14,12116.107790117714
51087,Henrico County,2050,age_sex,Male,15 to 19,12636.560932877983
51087,Henrico County,2050,age_sex,Male,20 to 24,9880.29077848041
51087,Henrico County,2050,age_sex,Male,25 to 29,11874.899296438845
51087,Henrico County,2050,age_sex,Male,30 to 34,12822.554839865374
51087,Henrico County,2050,age_sex,Male,35 to 39,12495.188414336724
51087,Henrico County,2050,age_sex,Male,40 to 44,13956.819756215153
51087,Henrico County,2050,age_sex,Male,45 to 49,12350.037345994855
51087,Henrico County,2050,age_sex,Male,5 to 9,12368.697502126603
51087,Henrico County,2050,age_sex,Male,50 to 54,12460.746790938232
51087,Henrico County,2050,age_sex,Male,55 to 59,10726.900765248627
51087,Henrico County,2050,age_sex,Male,60 to 64,10882.24422475281
51087,Henrico County,2050,age_sex,Male,65 to 69,9830.976992076829
51087,Henrico County,2050,age_sex,Male,70 to 74,8133.514039717878
51087,Henrico County,2050,age_sex,Male,75 to 79,7294.5824202436515
51087,Henrico County,2050,age_sex,Male,80 to 84,5714.545850846078
51087,Henrico County,2050,age_sex,Male,85 and Over,6068.622123543773
51087,Henrico County,2050,age_sex,Total,0 to 4,22456.4244769711
51087,Henrico County,2050,age_sex,Total,10 to 14,24043.34237153802
51087,Henrico County,2050,age_sex,Total,15 to 19,24423.10774267124
51087,Henrico County,2050,age_sex,Total,20 to 24,20042.53475665404
51087,Henrico County,2050,age_sex,Total,25 to 29,25067.716999294556
51087,Henrico County,2050,age_sex,Total,30 to 34,27118.877333642457
51087,Henrico County,2050,age_sex,Total,35 to 39,26453.807558574244
51087,Henrico County,2050,age_sex,Total,40 to 44,29620.568707413728
51087,Henrico County,2050,age_sex,Total,45 to 49,25896.835173305222
51087,Henrico County,2050,age_sex,Total,5 to 9,24336.057760825566
51087,Henrico County,2050,age_sex,Total,50 to 54,26493.65546554907
51087,Henrico County,2050,age_sex,Total,55 to 59,23321.123343055162
51087,Henrico County,2050,age_sex,Total,60 to 64,24227.087629934904
51087,Henrico County,2050,age_sex,Total,65 to 69,22120.004111979713
51087,Henrico County,2050,age_sex,Total,70 to 74,18954.849624937422
51087,Henrico County,2050,age_sex,Total,75 to 79,17614.83237725588
51087,Henrico County,2050,age_sex,Total,80 to 84,15212.515161562662
51087,Henrico County,2050,age_sex,Total,85 and Over,19063.762060127505
51087,Henrico County,2030,total_population,NA,NA,357920.9242698576
51087,Henrico County,2040,total_population,NA,NA,382916.2071156069
51087,Henrico County,2050,total_population,NA,NA,416467.1026552909
51127,New Kent County,2030,age_sex,Female,0 to 4,630.6476190476191
51127,New Kent County,2030,age_sex,Female,10 to 14,985.3171921518518
51127,New Kent County,2030,age_sex,Female,15 to 19,794.1756644466413
51127,New Kent County,2030,age_sex,Female,20 to 24,737.0069523181404
51127,New Kent County,2030,age_sex,Female,25 to 29,745.2094518212897
51127,New Kent County,2030,age_sex,Female,30 to 34,1011.2978574654586
51127,New Kent County,2030,age_sex,Female,35 to 39,1193.6919921315648
51127,New Kent County,2030,age_sex,Female,40 to 44,1081.898155179783
51127,New Kent County,2030,age_sex,Female,45 to 49,1069.8858745693633
51127,New Kent County,2030,age_sex,Female,5 to 9,501.234375
51127,New Kent County,2030,age_sex,Female,50 to 54,960.8562382409208
51127,New Kent County,2030,age_sex,Female,55 to 59,1006.9815106061217
51127,New Kent County,2030,age_sex,Female,60 to 64,1204.8557771405513
51127,New Kent County,2030,age_sex,Female,65 to 69,1030.848
51127,New Kent County,2030,age_sex,Female,70 to 74,916.1817528735634
51127,New Kent County,2030,age_sex,Female,75 to 79,651.2820512820513
51127,New Kent County,2030,age_sex,Female,80 to 84,520.870736086176
51127,New Kent County,2030,age_sex,Female,85 and Over,316.043656207367
51127,New Kent County,2030,age_sex,Male,0 to 4,612.3523809523809
51127,New Kent County,2030,age_sex,Male,10 to 14,1066.9733130484142
51127,New Kent County,2030,age_sex,Male,15 to 19,897.4185008247048
51127,New Kent County,2030,age_sex,Male,20 to 24,807.1980906341538
51127,New Kent County,2030,age_sex,Male,25 to 29,789.123580232187
51127,New Kent County,2030,age_sex,Male,30 to 34,1030.6314929758278
51127,New Kent County,2030,age_sex,Male,35 to 39,1141.099421049667
51127,New Kent County,2030,age_sex,Male,40 to 44,1117.6902745992645
51127,New Kent County,2030,age_sex,Male,45 to 49,1137.7254016226389
51127,New Kent County,2030,age_sex,Male,5 to 9,518.765625
51127,New Kent County,2030,age_sex,Male,50 to 54,973.4089919471562
51127,New Kent County,2030,age_sex,Male,55 to 59,1055.457644595913
51127,New Kent County,2030,age_sex,Male,60 to 64,1051.1751933216033
51127,New Kent County,2030,age_sex,Male,65 to 69,965.952
51127,New Kent County,2030,age_sex,Male,70 to 74,896.4080459770116
51127,New Kent County,2030,age_sex,Male,75 to 79,666.6666666666665
51127,New Kent County,2030,age_sex,Male,80 to 84,456.6876122082585
51127,New Kent County,2030,age_sex,Male,85 and Over,197.03956343792632
51127,New Kent County,2030,age_sex,Total,0 to 4,1243
51127,New Kent County,2030,age_sex,Total,10 to 14,2052.290505200266
51127,New Kent County,2030,age_sex,Total,15 to 19,1691.5941652713461
51127,New Kent County,2030,age_sex,Total,20 to 24,1544.2050429522942
51127,New Kent County,2030,age_sex,Total,25 to 29,1534.3330320534767
51127,New Kent County,2030,age_sex,Total,30 to 34,2041.9293504412863
51127,New Kent County,2030,age_sex,Total,35 to 39,2334.7914131812317
51127,New Kent County,2030,age_sex,Total,40 to 44,2199.5884297790476
51127,New Kent County,2030,age_sex,Total,45 to 49,2207.611276192002
51127,New Kent County,2030,age_sex,Total,5 to 9,1020
51127,New Kent County,2030,age_sex,Total,50 to 54,1934.2652301880769
51127,New Kent County,2030,age_sex,Total,55 to 59,2062.4391552020347
51127,New Kent County,2030,age_sex,Total,60 to 64,2256.0309704621545
51127,New Kent County,2030,age_sex,Total,65 to 69,1996.8
51127,New Kent County,2030,age_sex,Total,70 to 74,1812.5897988505749
51127,New Kent County,2030,age_sex,Total,75 to 79,1317.9487179487178
51127,New Kent County,2030,age_sex,Total,80 to 84,977.5583482944344
51127,New Kent County,2030,age_sex,Total,85 and Over,513.0832196452933
51127,New Kent County,2040,age_sex,Female,0 to 4,901.9512237179365
51127,New Kent County,2040,age_sex,Female,10 to 14,885.0741006050278
51127,New Kent County,2040,age_sex,Female,15 to 19,528.2277400800292
51127,New Kent County,2040,age_sex,Female,20 to 24,767.855286588935
51127,New Kent County,2040,age_sex,Female,25 to 29,754.6778353968059
51127,New Kent County,2040,age_sex,Female,30 to 34,1207.3379091316951
51127,New Kent County,2040,age_sex,Female,35 to 39,1253.2349669860537
51127,New Kent County,2040,age_sex,Female,40 to 44,1264.9016412444214
51127,New Kent County,2040,age_sex,Female,45 to 49,1340.7429932026503
51127,New Kent County,2040,age_sex,Female,5 to 9,1063.812309384964
51127,New Kent County,2040,age_sex,Female,50 to 54,1218.513322418099
51127,New Kent County,2040,age_sex,Female,55 to 59,1114.2350939224614
51127,New Kent County,2040,age_sex,Female,60 to 64,1082.559550792212
51127,New Kent County,2040,age_sex,Female,65 to 69,1081.2228824066108
51127,New Kent County,2040,age_sex,Female,70 to 74,1072.3484330137073
51127,New Kent County,2040,age_sex,Female,75 to 79,773.800471196346
51127,New Kent County,2040,age_sex,Female,80 to 84,653.6903691122733
51127,New Kent County,2040,age_sex,Female,85 and Over,590.9418184090523
51127,New Kent County,2040,age_sex,Male,0 to 4,875.7854032346518
51127,New Kent County,2040,age_sex,Male,10 to 14,958.4227829756102
51127,New Kent County,2040,age_sex,Male,15 to 19,596.897346290433
51127,New Kent County,2040,age_sex,Male,20 to 24,840.9843615021667
51127,New Kent County,2040,age_sex,Male,25 to 29,799.1499221255463
51127,New Kent County,2040,age_sex,Male,30 to 34,1230.4193691592127
51127,New Kent County,2040,age_sex,Male,35 to 39,1198.0190071588977
51127,New Kent County,2040,age_sex,Male,40 to 44,1306.748011330703
51127,New Kent County,2040,age_sex,Male,45 to 49,1425.7570799579044
51127,New Kent County,2040,age_sex,Male,5 to 9,1101.0203710804635
51127,New Kent County,2040,age_sex,Male,50 to 54,1234.4321425447013
51127,New Kent County,2040,age_sex,Male,55 to 59,1167.8744201069123
51127,New Kent County,2040,age_sex,Male,60 to 64,944.4779754360624
51127,New Kent County,2040,age_sex,Male,65 to 69,1013.1555823035312
51127,New Kent County,2040,age_sex,Male,70 to 74,1049.204222229239
51127,New Kent County,2040,age_sex,Male,75 to 79,792.0792224844486
51127,New Kent County,2040,age_sex,Male,80 to 84,573.1408449562585
51127,New Kent County,2040,age_sex,Male,85 and Over,368.4266892550264
51127,New Kent County,2040,age_sex,Total,0 to 4,1777.7366269525883
51127,New Kent County,2040,age_sex,Total,10 to 14,1843.496883580638
51127,New Kent County,2040,age_sex,Total,15 to 19,1125.1250863704622
51127,New Kent County,2040,age_sex,Total,20 to 24,1608.8396480911017
51127,New Kent County,2040,age_sex,Total,25 to 29,1553.8277575223522
51127,New Kent County,2040,age_sex,Total,30 to 34,2437.757278290908
51127,New Kent County,2040,age_sex,Total,35 to 39,2451.2539741449514
51127,New Kent County,2040,age_sex,Total,40 to 44,2571.6496525751245
51127,New Kent County,2040,age_sex,Total,45 to 49,2766.5000731605546
51127,New Kent County,2040,age_sex,Total,5 to 9,2164.8326804654275
51127,New Kent County,2040,age_sex,Total,50 to 54,2452.9454649628
51127,New Kent County,2040,age_sex,Total,55 to 59,2282.1095140293737
51127,New Kent County,2040,age_sex,Total,60 to 64,2027.0375262282741
51127,New Kent County,2040,age_sex,Total,65 to 69,2094.378464710142
51127,New Kent County,2040,age_sex,Total,70 to 74,2121.552655242946
51127,New Kent County,2040,age_sex,Total,75 to 79,1565.8796936807946
51127,New Kent County,2040,age_sex,Total,80 to 84,1226.8312140685318
51127,New Kent County,2040,age_sex,Total,85 and Over,959.3685076640787
51127,New Kent County,2050,age_sex,Female,0 to 4,995.2443240359471
51127,New Kent County,2050,age_sex,Female,10 to 14,1266.2900516084921
51127,New Kent County,2050,age_sex,Female,15 to 19,1121.5086797406223
51127,New Kent County,2050,age_sex,Female,20 to 24,689.9859085829385
51127,New Kent County,2050,age_sex,Female,25 to 29,502.1384705861579
51127,New Kent County,2050,age_sex,Female,30 to 34,1258.3281203298945
51127,New Kent County,2050,age_sex,Female,35 to 39,1269.617836577326
51127,New Kent County,2050,age_sex,Female,40 to 44,1510.6497284915795
51127,New Kent County,2050,age_sex,Female,45 to 49,1408.1309046150132
51127,New Kent County,2050,age_sex,Female,5 to 9,1071.0071350319938
51127,New Kent County,2050,age_sex,Female,50 to 54,1425.141308306199
51127,New Kent County,2050,age_sex,Female,55 to 59,1396.8256003645092
51127,New Kent County,2050,age_sex,Female,60 to 64,1373.3490595240005
51127,New Kent County,2050,age_sex,Female,65 to 69,1196.8172371841117
51127,New Kent County,2050,age_sex,Female,70 to 74,963.8510477672472
51127,New Kent County,2050,age_sex,Female,75 to 79,811.9080665381424
51127,New Kent County,2050,age_sex,Female,80 to 84,765.3915105973417
51127,New Kent County,2050,age_sex,Female,85 and Over,789.742713398188
51127,New Kent County,2050,age_sex,Male,0 to 4,966.3720484239827
51127,New Kent County,2050,age_sex,Male,10 to 14,1371.2312161064335
51127,New Kent County,2050,age_sex,Male,15 to 19,1267.304808106903
51127,New Kent County,2050,age_sex,Male,20 to 24,755.6988522575041
51127,New Kent County,2050,age_sex,Male,25 to 29,531.7287733171279
51127,New Kent County,2050,age_sex,Male,30 to 34,1282.3843932185544
51127,New Kent County,2050,age_sex,Male,35 to 39,1213.6800680765894
51127,New Kent County,2050,age_sex,Male,40 to 44,1560.62611048679
51127,New Kent County,2050,age_sex,Male,45 to 49,1497.4179368759387
51127,New Kent County,2050,age_sex,Male,5 to 9,1108.466844047421
51127,New Kent County,2050,age_sex,Male,50 to 54,1443.7595439254014
51127,New Kent County,2050,age_sex,Male,55 to 59,1464.0688458962798
51127,New Kent County,2050,age_sex,Male,60 to 64,1198.1769856051228
51127,New Kent County,2050,age_sex,Male,65 to 69,1121.4728106301484
51127,New Kent County,2050,age_sex,Male,70 to 74,943.0485071679541
51127,New Kent County,2050,age_sex,Male,75 to 79,831.0869972437678
51127,New Kent County,2050,age_sex,Male,80 to 84,671.0778647417451
51127,New Kent County,2050,age_sex,Male,85 and Over,492.3704571186234
51127,New Kent County,2050,age_sex,Total,0 to 4,1961.6163724599298
51127,New Kent County,2050,age_sex,Total,10 to 14,2637.5212677149257
51127,New Kent County,2050,age_sex,Total,15 to 19,2388.8134878475253
51127,New Kent County,2050,age_sex,Total,20 to 24,1445.6847608404426
51127,New Kent County,2050,age_sex,Total,25 to 29,1033.8672439032857
51127,New Kent County,2050,age_sex,Total,30 to 34,2540.712513548449
51127,New Kent County,2050,age_sex,Total,35 to 39,2483.2979046539153
51127,New Kent County,2050,age_sex,Total,40 to 44,3071.2758389783694
51127,New Kent County,2050,age_sex,Total,45 to 49,2905.548841490952
51127,New Kent County,2050,age_sex,Total,5 to 9,2179.473979079415
51127,New Kent County,2050,age_sex,Total,50 to 54,2868.9008522316003
51127,New Kent County,2050,age_sex,Total,55 to 59,2860.894446260789
51127,New Kent County,2050,age_sex,Total,60 to 64,2571.5260451291233
51127,New Kent County,2050,age_sex,Total,65 to 69,2318.29004781426
51127,New Kent County,2050,age_sex,Total,70 to 74,1906.8995549352012
51127,New Kent County,2050,age_sex,Total,75 to 79,1642.9950637819102
51127,New Kent County,2050,age_sex,Total,80 to 84,1436.4693753390868
51127,New Kent County,2050,age_sex,Total,85 and Over,1282.1131705168114
51127,New Kent County,2030,total_population,NA,NA,30740.058655662237
51127,New Kent County,2040,total_population,NA,NA,35031.12270174105
51127,New Kent County,2050,total_population,NA,NA,39535.90076652587
51145,Powhatan County,2030,age_sex,Female,0 to 4,675.6582914572865
51145,Powhatan County,2030,age_sex,Female,10 to 14,922.7462663823194
51145,Powhatan County,2030,age_sex,Female,15 to 19,1018.7337869410451
51145,Powhatan County,2030,age_sex,Female,20 to 24,722.0445172596974
51145,Powhatan County,2030,age_sex,Female,25 to 29,608.0420487608463
51145,Powhatan County,2030,age_sex,Female,30 to 34,940.1320882600954
51145,Powhatan County,2030,age_sex,Female,35 to 39,1014.4117670439223
51145,Powhatan County,2030,age_sex,Female,40 to 44,1033.564464850804
51145,Powhatan County,2030,age_sex,Female,45 to 49,1000.6016860319532
51145,Powhatan County,2030,age_sex,Female,5 to 9,557.358701734751
51145,Powhatan County,2030,age_sex,Female,50 to 54,996.5190333361047
51145,Powhatan County,2030,age_sex,Female,55 to 59,1105.751093034959
51145,Powhatan County,2030,age_sex,Female,60 to 64,1271.0488371537604
51145,Powhatan County,2030,age_sex,Female,65 to 69,1268.6809547004384
51145,Powhatan County,2030,age_sex,Female,70 to 74,1027.7971398305085
51145,Powhatan County,2030,age_sex,Female,75 to 79,828.8420674802585
51145,Powhatan County,2030,age_sex,Female,80 to 84,587.5326086956521
51145,Powhatan County,2030,age_sex,Female,85 and Over,450.36087689713327
51145,Powhatan County,2030,age_sex,Male,0 to 4,696.3417085427135
51145,Powhatan County,2030,age_sex,Male,10 to 14,1055.7454489111676
51145,Powhatan County,2030,age_sex,Male,15 to 19,1146.6220413102537
51145,Powhatan County,2030,age_sex,Male,20 to 24,832.8699547925812
51145,Powhatan County,2030,age_sex,Male,25 to 29,745.4070298762535
51145,Powhatan County,2030,age_sex,Male,30 to 34,1093.4420379628873
51145,Powhatan County,2030,age_sex,Male,35 to 39,1172.9864800530872
51145,Powhatan County,2030,age_sex,Male,40 to 44,1163.6232449489564
51145,Powhatan County,2030,age_sex,Male,45 to 49,1137.1884725430368
51145,Powhatan County,2030,age_sex,Male,5 to 9,642.641298265249
51145,Powhatan County,2030,age_sex,Male,50 to 54,1038.7955983867273
51145,Powhatan County,2030,age_sex,Male,55 to 59,1129.8078378717723
51145,Powhatan County,2030,age_sex,Male,60 to 64,1197.8241835946014
51145,Powhatan County,2030,age_sex,Male,65 to 69,1267.413541159279
51145,Powhatan County,2030,age_sex,Male,70 to 74,1028.9936440677966
51145,Powhatan County,2030,age_sex,Male,75 to 79,804.4221105527638
51145,Powhatan County,2030,age_sex,Male,80 to 84,581.304347826087
51145,Powhatan County,2030,age_sex,Male,85 and Over,317.5851602023609
51145,Powhatan County,2030,age_sex,Total,0 to 4,1372
51145,Powhatan County,2030,age_sex,Total,10 to 14,1978.491715293487
51145,Powhatan County,2030,age_sex,Total,15 to 19,2165.3558282512986
51145,Powhatan County,2030,age_sex,Total,20 to 24,1554.9144720522786
51145,Powhatan County,2030,age_sex,Total,25 to 29,1353.4490786371
51145,Powhatan County,2030,age_sex,Total,30 to 34,2033.5741262229828
51145,Powhatan County,2030,age_sex,Total,35 to 39,2187.3982470970095
51145,Powhatan County,2030,age_sex,Total,40 to 44,2197.1877097997603
51145,Powhatan County,2030,age_sex,Total,45 to 49,2137.79015857499
51145,Powhatan County,2030,age_sex,Total,5 to 9,1200
51145,Powhatan County,2030,age_sex,Total,50 to 54,2035.3146317228322
51145,Powhatan County,2030,age_sex,Total,55 to 59,2235.5589309067313
51145,Powhatan County,2030,age_sex,Total,60 to 64,2468.873020748362
51145,Powhatan County,2030,age_sex,Total,65 to 69,2536.0944958597174
51145,Powhatan County,2030,age_sex,Total,70 to 74,2056.790783898305
51145,Powhatan County,2030,age_sex,Total,75 to 79,1633.2641780330223
51145,Powhatan County,2030,age_sex,Total,80 to 84,1168.8369565217392
51145,Powhatan County,2030,age_sex,Total,85 and Over,767.9460370994941
51145,Powhatan County,2040,age_sex,Female,0 to 4,759.5735825200015
51145,Powhatan County,2040,age_sex,Female,10 to 14,901.0498473707463
51145,Powhatan County,2040,age_sex,Female,15 to 19,678.2361429503377
51145,Powhatan County,2040,age_sex,Female,20 to 24,692.7864965773911
51145,Powhatan County,2040,age_sex,Female,25 to 29,612.5056154124163
51145,Powhatan County,2040,age_sex,Female,30 to 34,994.4834106420158
51145,Powhatan County,2040,age_sex,Female,35 to 39,971.5292593588974
51145,Powhatan County,2040,age_sex,Female,40 to 44,1241.9817657590004
51145,Powhatan County,2040,age_sex,Female,45 to 49,1105.098784784125
51145,Powhatan County,2040,age_sex,Female,5 to 9,986.2746367156827
51145,Powhatan County,2040,age_sex,Female,50 to 54,1083.8508193107075
51145,Powhatan County,2040,age_sex,Female,55 to 59,1085.9826711599776
51145,Powhatan County,2040,age_sex,Female,60 to 64,1045.2532700350814
51145,Powhatan County,2040,age_sex,Female,65 to 69,1134.9724428514571
51145,Powhatan County,2040,age_sex,Female,70 to 74,1169.617867008747
51145,Powhatan County,2040,age_sex,Female,75 to 79,1093.81580511517
51145,Powhatan County,2040,age_sex,Female,80 to 84,731.9817994966419
51145,Powhatan County,2040,age_sex,Female,85 and Over,786.7143160618294
51145,Powhatan County,2040,age_sex,Male,0 to 4,782.825835046124
51145,Powhatan County,2040,age_sex,Male,10 to 14,1030.9218365448537
51145,Powhatan County,2040,age_sex,Male,15 to 19,763.3795214108416
51145,Powhatan County,2040,age_sex,Male,20 to 24,799.1211681450837
51145,Powhatan County,2040,age_sex,Male,25 to 29,750.878977033826
51145,Powhatan County,2040,age_sex,Male,30 to 34,1156.6565813801342
51145,Powhatan County,2040,age_sex,Male,35 to 39,1123.4004999023573
51145,Powhatan County,2040,age_sex,Male,40 to 44,1398.2667763723268
51145,Powhatan County,2040,age_sex,Male,45 to 49,1255.9499115592073
51145,Powhatan County,2040,age_sex,Male,5 to 9,1137.1865389601305
51145,Powhatan County,2040,age_sex,Male,50 to 54,1129.8323692208587
51145,Powhatan County,2040,age_sex,Male,55 to 59,1109.6093337803968
51145,Powhatan County,2040,age_sex,Male,60 to 64,985.0366156134558
51145,Powhatan County,2040,age_sex,Male,65 to 69,1133.83860424721
51145,Powhatan County,2040,age_sex,Male,70 to 74,1170.9794710448455
51145,Powhatan County,2040,age_sex,Male,75 to 79,1061.5889962989518
51145,Powhatan County,2040,age_sex,Male,80 to 84,724.2222751203525
51145,Powhatan County,2040,age_sex,Male,85 and Over,554.7746372228837
51145,Powhatan County,2040,age_sex,Total,0 to 4,1542.3994175661255
51145,Powhatan County,2040,age_sex,Total,10 to 14,1931.9716839156001
51145,Powhatan County,2040,age_sex,Total,15 to 19,1441.6156643611791
51145,Powhatan County,2040,age_sex,Total,20 to 24,1491.9076647224747
51145,Powhatan County,2040,age_sex,Total,25 to 29,1363.3845924462423
51145,Powhatan County,2040,age_sex,Total,30 to 34,2151.13999202215
51145,Powhatan County,2040,age_sex,Total,35 to 39,2094.9297592612547
51145,Powhatan County,2040,age_sex,Total,40 to 44,2640.248542131327
51145,Powhatan County,2040,age_sex,Total,45 to 49,2361.0486963433323
51145,Powhatan County,2040,age_sex,Total,5 to 9,2123.461175675813
51145,Powhatan County,2040,age_sex,Total,50 to 54,2213.6831885315664
51145,Powhatan County,2040,age_sex,Total,55 to 59,2195.5920049403744
51145,Powhatan County,2040,age_sex,Total,60 to 64,2030.2898856485372
51145,Powhatan County,2040,age_sex,Total,65 to 69,2268.811047098667
51145,Powhatan County,2040,age_sex,Total,70 to 74,2340.5973380535925
51145,Powhatan County,2040,age_sex,Total,75 to 79,2155.4048014141217
51145,Powhatan County,2040,age_sex,Total,80 to 84,1456.2040746169944
51145,Powhatan County,2040,age_sex,Total,85 and Over,1341.488953284713
51145,Powhatan County,2050,age_sex,Female,0 to 4,851.0188752431156
51145,Powhatan County,2050,age_sex,Female,10 to 14,1068.1021092378699
51145,Powhatan County,2050,age_sex,Female,15 to 19,1265.5089543402423
51145,Powhatan County,2050,age_sex,Female,20 to 24,713.3245135962792
51145,Powhatan County,2050,age_sex,Female,25 to 29,429.98322043710186
51145,Powhatan County,2050,age_sex,Female,30 to 34,1006.1302265180797
51145,Powhatan County,2050,age_sex,Female,35 to 39,1031.9378920162142
51145,Powhatan County,2050,age_sex,Female,40 to 44,1385.3040394342725
51145,Powhatan County,2050,age_sex,Female,45 to 49,1115.9992989172042
51145,Powhatan County,2050,age_sex,Female,5 to 9,996.1654653108207
51145,Powhatan County,2050,age_sex,Female,50 to 54,1373.3093430436388
51145,Powhatan County,2050,age_sex,Female,55 to 59,1264.6896966637667
51145,Powhatan County,2050,age_sex,Female,60 to 64,1198.7445926155826
51145,Powhatan County,2050,age_sex,Female,65 to 69,1175.3630917041544
51145,Powhatan County,2050,age_sex,Female,70 to 74,1014.202099462775
51145,Powhatan County,2050,age_sex,Female,75 to 79,1031.8066085721225
51145,Powhatan County,2050,age_sex,Female,80 to 84,878.3307465517106
51145,Powhatan County,2050,age_sex,Female,85 and Over,1150.9096158272732
51145,Powhatan County,2050,age_sex,Male,0 to 4,877.0704734648436
51145,Powhatan County,2050,age_sex,Male,10 to 14,1222.0520221894733
51145,Powhatan County,2050,age_sex,Male,15 to 19,1424.3764947456164
51145,Powhatan County,2050,age_sex,Male,20 to 24,822.8115319622198
51145,Powhatan County,2050,age_sex,Male,25 to 29,527.1222868481415
51145,Powhatan County,2050,age_sex,Male,30 to 34,1170.2026758559336
51145,Powhatan County,2050,age_sex,Male,35 to 39,1193.2523211130017
51145,Powhatan County,2050,age_sex,Male,40 to 44,1559.6240354878055
51145,Powhatan County,2050,age_sex,Male,45 to 49,1268.3383965977328
51145,Powhatan County,2050,age_sex,Male,5 to 9,1148.5907834969341
51145,Powhatan County,2050,age_sex,Male,50 to 54,1431.5709515363992
51145,Powhatan County,2050,age_sex,Male,55 to 59,1292.204313219
51145,Powhatan County,2050,age_sex,Male,60 to 64,1129.6853598509704
51145,Powhatan County,2050,age_sex,Male,65 to 69,1174.1889028013532
51145,Powhatan County,2050,age_sex,Male,70 to 74,1015.3827771105779
51145,Powhatan County,2050,age_sex,Male,75 to 79,1001.406760485942
51145,Powhatan County,2050,age_sex,Male,80 to 84,869.0198199098197
51145,Powhatan County,2050,age_sex,Male,85 and Over,811.5976175355671
51145,Powhatan County,2050,age_sex,Total,0 to 4,1728.0893487079593
51145,Powhatan County,2050,age_sex,Total,10 to 14,2290.154131427343
51145,Powhatan County,2050,age_sex,Total,15 to 19,2689.8854490858585
51145,Powhatan County,2050,age_sex,Total,20 to 24,1536.1360455584988
51145,Powhatan County,2050,age_sex,Total,25 to 29,957.1055072852434
51145,Powhatan County,2050,age_sex,Total,30 to 34,2176.3329023740134
51145,Powhatan County,2050,age_sex,Total,35 to 39,2225.190213129216
51145,Powhatan County,2050,age_sex,Total,40 to 44,2944.928074922078
51145,Powhatan County,2050,age_sex,Total,45 to 49,2384.337695514937
51145,Powhatan County,2050,age_sex,Total,5 to 9,2144.7562488077547
51145,Powhatan County,2050,age_sex,Total,50 to 54,2804.880294580038
51145,Powhatan County,2050,age_sex,Total,55 to 59,2556.8940098827666
51145,Powhatan County,2050,age_sex,Total,60 to 64,2328.429952466553
51145,Powhatan County,2050,age_sex,Total,65 to 69,2349.5519945055075
51145,Powhatan County,2050,age_sex,Total,70 to 74,2029.5848765733529
51145,Powhatan County,2050,age_sex,Total,75 to 79,2033.2133690580642
51145,Powhatan County,2050,age_sex,Total,80 to 84,1747.3505664615304
51145,Powhatan County,2050,age_sex,Total,85 and Over,1962.5072333628402
51145,Powhatan County,2030,total_population,NA,NA,33082.84037071911
51145,Powhatan County,2040,total_population,NA,NA,35144.17848203406
51145,Powhatan County,2050,total_population,NA,NA,38889.32791370341
51760,Richmond city,2030,age_sex,Female,0 to 4,6917.661621447549
51760,Richmond city,2030,age_sex,Female,10 to 14,4637.556702122274
51760,Richmond city,2030,age_sex,Female,15 to 19,8571.667902025421
51760,Richmond city,2030,age_sex,Female,20 to 24,14886.489319371867
51760,Richmond city,2030,age_sex,Female,25 to 29,13349.774767066985
51760,Richmond city,2030,age_sex,Female,30 to 34,10275.917150263387
51760,Richmond city,2030,age_sex,Female,35 to 39,10236.016848530358
51760,Richmond city,2030,age_sex,Female,40 to 44,8184.551368286701
51760,Richmond city,2030,age_sex,Female,45 to 49,6509.289325319865
51760,Richmond city,2030,age_sex,Female,5 to 9,7090.560183486239
51760,Richmond city,2030,age_sex,Female,50 to 54,5259.602301891837
51760,Richmond city,2030,age_sex,Female,55 to 59,4971.390673366716
51760,Richmond city,2030,age_sex,Female,60 to 64,5172.094249838902
51760,Richmond city,2030,age_sex,Female,65 to 69,5694.795278795278
51760,Richmond city,2030,age_sex,Female,70 to 74,5505.046770601336
51760,Richmond city,2030,age_sex,Female,75 to 79,4569.682578291274
51760,Richmond city,2030,age_sex,Female,80 to 84,2950.656781418498
51760,Richmond city,2030,age_sex,Female,85 and Over,2305.7494429093504
51760,Richmond city,2030,age_sex,Male,0 to 4,7367.338378552451
51760,Richmond city,2030,age_sex,Male,10 to 14,4818.488072430947
51760,Richmond city,2030,age_sex,Male,15 to 19,6949.6349750135605
51760,Richmond city,2030,age_sex,Male,20 to 24,11880.906078184118
51760,Richmond city,2030,age_sex,Male,25 to 29,12180.6313011059
51760,Richmond city,2030,age_sex,Male,30 to 34,10124.894942211951
51760,Richmond city,2030,age_sex,Male,35 to 39,10525.504405629814
51760,Richmond city,2030,age_sex,Male,40 to 44,8149.760501683993
51760,Richmond city,2030,age_sex,Male,45 to 49,6244.939923208636
51760,Richmond city,2030,age_sex,Male,5 to 9,7508.439816513762
51760,Richmond city,2030,age_sex,Male,50 to 54,4780.371650541246
51760,Richmond city,2030,age_sex,Male,55 to 59,4331.65079181983
51760,Richmond city,2030,age_sex,Male,60 to 64,4548.32408905431
51760,Richmond city,2030,age_sex,Male,65 to 69,5057.138624338624
51760,Richmond city,2030,age_sex,Male,70 to 74,4544.224944320712
51760,Richmond city,2030,age_sex,Male,75 to 79,3146.4457281848586
51760,Richmond city,2030,age_sex,Male,80 to 84,1936.524885939444
51760,Richmond city,2030,age_sex,Male,85 and Over,1103.8688831446652
51760,Richmond city,2030,age_sex,Total,0 to 4,14285
51760,Richmond city,2030,age_sex,Total,10 to 14,9456.04477455322
51760,Richmond city,2030,age_sex,Total,15 to 19,15521.302877038981
51760,Richmond city,2030,age_sex,Total,20 to 24,26767.395397555985
51760,Richmond city,2030,age_sex,Total,25 to 29,25530.406068172884
51760,Richmond city,2030,age_sex,Total,30 to 34,20400.81209247534
51760,Richmond city,2030,age_sex,Total,35 to 39,20761.521254160172
51760,Richmond city,2030,age_sex,Total,40 to 44,16334.311869970694
51760,Richmond city,2030,age_sex,Total,45 to 49,12754.229248528502
51760,Richmond city,2030,age_sex,Total,5 to 9,14599
51760,Richmond city,2030,age_sex,Total,50 to 54,10039.973952433083
51760,Richmond city,2030,age_sex,Total,55 to 59,9303.041465186547
51760,Richmond city,2030,age_sex,Total,60 to 64,9720.418338893212
51760,Richmond city,2030,age_sex,Total,65 to 69,10751.933903133902
51760,Richmond city,2030,age_sex,Total,70 to 74,10049.271714922048
51760,Richmond city,2030,age_sex,Total,75 to 79,7716.128306476133
51760,Richmond city,2030,age_sex,Total,80 to 84,4887.181667357942
51760,Richmond city,2030,age_sex,Total,85 and Over,3409.6183260540156
51760,Richmond city,2040,age_sex,Female,0 to 4,6854.384384529615
51760,Richmond city,2040,age_sex,Female,10 to 14,5505.514270150352
51760,Richmond city,2040,age_sex,Female,15 to 19,11850.779681921635
51760,Richmond city,2040,age_sex,Female,20 to 24,14841.064574964958
51760,Richmond city,2040,age_sex,Female,25 to 29,14569.752976229993
51760,Richmond city,2040,age_sex,Female,30 to 34,11319.467014589336
51760,Richmond city,2040,age_sex,Female,35 to 39,9820.16356510207
51760,Richmond city,2040,age_sex,Female,40 to 44,7912.8558924313
51760,Richmond city,2040,age_sex,Female,45 to 49,9105.156938323082
51760,Richmond city,2040,age_sex,Female,5 to 9,6117.750394618242
51760,Richmond city,2040,age_sex,Female,50 to 54,8168.459607847007
51760,Richmond city,2040,age_sex,Female,55 to 59,6723.943503246288
51760,Richmond city,2040,age_sex,Female,60 to 64,5093.245117519856
51760,Richmond city,2040,age_sex,Female,65 to 69,4356.411784036173
51760,Richmond city,2040,age_sex,Female,70 to 74,4391.280908711418
51760,Richmond city,2040,age_sex,Female,75 to 79,4640.305855803251
51760,Richmond city,2040,age_sex,Female,80 to 84,3733.928593498321
51760,Richmond city,2040,age_sex,Female,85 and Over,3366.796694425105
51760,Richmond city,2040,age_sex,Male,0 to 4,7299.947858237192
51760,Richmond city,2040,age_sex,Male,10 to 14,5720.308461388251
51760,Richmond city,2040,age_sex,Male,15 to 19,9608.23423166009
51760,Richmond city,2040,age_sex,Male,20 to 24,11844.652592869637
51760,Richmond city,2040,age_sex,Male,25 to 29,13293.766542747348
51760,Richmond city,2040,age_sex,Male,30 to 34,11153.108053388014
51760,Richmond city,2040,age_sex,Male,35 to 39,10097.890263176687
51760,Richmond city,2040,age_sex,Male,40 to 44,7879.219948148914
51760,Richmond city,2040,age_sex,Male,45 to 49,8735.38649603961
51760,Richmond city,2040,age_sex,Male,5 to 9,6478.297830039643
51760,Richmond city,2040,age_sex,Male,50 to 54,7424.1873238016
51760,Richmond city,2040,age_sex,Male,55 to 59,5858.677604241486
51760,Richmond city,2040,age_sex,Male,60 to 64,4478.984399829019
51760,Richmond city,2040,age_sex,Male,65 to 69,3868.6163800490244
51760,Richmond city,2040,age_sex,Male,70 to 74,3624.849901267233
51760,Richmond city,2040,age_sex,Male,75 to 79,3195.0732435605687
51760,Richmond city,2040,age_sex,Male,80 to 84,2450.588522923432
51760,Richmond city,2040,age_sex,Male,85 and Over,1611.8412684774546
51760,Richmond city,2040,age_sex,Total,0 to 4,14154.332242766808
51760,Richmond city,2040,age_sex,Total,10 to 14,11225.822731538603
51760,Richmond city,2040,age_sex,Total,15 to 19,21459.013913581723
51760,Richmond city,2040,age_sex,Total,20 to 24,26685.717167834595
51760,Richmond city,2040,age_sex,Total,25 to 29,27863.51951897734
51760,Richmond city,2040,age_sex,Total,30 to 34,22472.57506797735
51760,Richmond city,2040,age_sex,Total,35 to 39,19918.053828278757
51760,Richmond city,2040,age_sex,Total,40 to 44,15792.075840580213
51760,Richmond city,2040,age_sex,Total,45 to 49,17840.54343436269
51760,Richmond city,2040,age_sex,Total,5 to 9,12596.048224657885
51760,Richmond city,2040,age_sex,Total,50 to 54,15592.646931648607
51760,Richmond city,2040,age_sex,Total,55 to 59,12582.621107487774
51760,Richmond city,2040,age_sex,Total,60 to 64,9572.229517348875
51760,Richmond city,2040,age_sex,Total,65 to 69,8225.028164085197
51760,Richmond city,2040,age_sex,Total,70 to 74,8016.130809978651
51760,Richmond city,2040,age_sex,Total,75 to 79,7835.3790993638195
51760,Richmond city,2040,age_sex,Total,80 to 84,6184.517116421753
51760,Richmond city,2040,age_sex,Total,85 and Over,4978.63796290256
51760,Richmond city,2050,age_sex,Female,0 to 4,7245.525577989264
51760,Richmond city,2050,age_sex,Female,10 to 14,5149.915797714844
51760,Richmond city,2050,age_sex,Female,15 to 19,9652.753706813963
51760,Richmond city,2050,age_sex,Female,20 to 24,16632.85530938987
51760,Richmond city,2050,age_sex,Female,25 to 29,19016.33725806248
51760,Richmond city,2050,age_sex,Female,30 to 34,10653.488408162984
51760,Richmond city,2050,age_sex,Female,35 to 39,10117.892629052767
51760,Richmond city,2050,age_sex,Female,40 to 44,8228.7095925803
51760,Richmond city,2050,age_sex,Female,45 to 49,8246.47335389412
51760,Richmond city,2050,age_sex,Female,5 to 9,6584.18163026691
51760,Richmond city,2050,age_sex,Female,50 to 54,7455.411828571995
51760,Richmond city,2050,age_sex,Female,55 to 59,8879.142189570077
51760,Richmond city,2050,age_sex,Female,60 to 64,7467.49484438589
51760,Richmond city,2050,age_sex,Female,65 to 69,5562.476400436985
51760,Richmond city,2050,age_sex,Female,70 to 74,4082.37091976206
51760,Richmond city,2050,age_sex,Female,75 to 79,3351.124089562268
51760,Richmond city,2050,age_sex,Female,80 to 84,2811.8316160126574
51760,Richmond city,2050,age_sex,Female,85 and Over,3771.0242256348697
51760,Richmond city,2050,age_sex,Male,0 to 4,7716.514854962465
51760,Richmond city,2050,age_sex,Male,10 to 14,5350.836537256081
51760,Richmond city,2050,age_sex,Male,15 to 19,7826.144868516765
51760,Richmond city,2050,age_sex,Male,20 to 24,13274.680651920515
51760,Richmond city,2050,age_sex,Male,25 to 29,17350.928901763982
51760,Richmond city,2050,age_sex,Male,30 to 34,10496.917143591247
51760,Richmond city,2050,age_sex,Male,35 to 39,10404.039483197463
51760,Richmond city,2050,age_sex,Male,40 to 44,8193.731018329161
51760,Richmond city,2050,age_sex,Male,45 to 49,7911.5749968417595
51760,Richmond city,2050,age_sex,Male,5 to 9,6972.218024041614
51760,Richmond city,2050,age_sex,Male,50 to 54,6776.1091623973425
51760,Richmond city,2050,age_sex,Male,55 to 59,7736.536076752414
51760,Richmond city,2050,age_sex,Male,60 to 64,6566.892451093119
51760,Richmond city,2050,age_sex,Male,65 to 69,4939.635733064112
51760,Richmond city,2050,age_sex,Male,70 to 74,3369.855432404587
51760,Richmond city,2050,age_sex,Male,75 to 79,2307.4097370157606
51760,Richmond city,2050,age_sex,Male,80 to 84,1845.4135139574307
51760,Richmond city,2050,age_sex,Male,85 and Over,1805.3636803704937
51760,Richmond city,2050,age_sex,Total,0 to 4,14962.04043295173
51760,Richmond city,2050,age_sex,Total,10 to 14,10500.752334970924
51760,Richmond city,2050,age_sex,Total,15 to 19,17478.898575330728
51760,Richmond city,2050,age_sex,Total,20 to 24,29907.535961310386
51760,Richmond city,2050,age_sex,Total,25 to 29,36367.26615982646
51760,Richmond city,2050,age_sex,Total,30 to 34,21150.40555175423
51760,Richmond city,2050,age_sex,Total,35 to 39,20521.93211225023
51760,Richmond city,2050,age_sex,Total,40 to 44,16422.44061090946
51760,Richmond city,2050,age_sex,Total,45 to 49,16158.04835073588
51760,Richmond city,2050,age_sex,Total,5 to 9,13556.399654308523
51760,Richmond city,2050,age_sex,Total,50 to 54,14231.520990969339
51760,Richmond city,2050,age_sex,Total,55 to 59,16615.67826632249
51760,Richmond city,2050,age_sex,Total,60 to 64,14034.38729547901
51760,Richmond city,2050,age_sex,Total,65 to 69,10502.112133501098
51760,Richmond city,2050,age_sex,Total,70 to 74,7452.226352166647
51760,Richmond city,2050,age_sex,Total,75 to 79,5658.533826578029
51760,Richmond city,2050,age_sex,Total,80 to 84,4657.245129970088
51760,Richmond city,2050,age_sex,Total,85 and Over,5576.387906005363
51760,Richmond city,2030,total_population,NA,NA,242287.59125691265
51760,Richmond city,2040,total_population,NA,NA,262994.8926797932
51760,Richmond city,2050,total_population,NA,NA,275753.81164533965
