"#","ML #","PID","Status","Address Line","Zip","County/City","Type","Sales Date","List Price","Sales Price","Days On Market","New/Resale","Year Built","Subdivision","SqFtTotal","Acres","# Bedrooms","Total Baths","Water","Sewer","Sold Terms","Owned By"
"1","2228090","To be determined","CLOSD","5400 Ellerbee Mill Court #Unit21-3, Chesterfield VA 23831","23831","Chesterfield","Single Family Residence","12/22/2022","$420,260","$420,260","0","New (never occupied)","2022","The Villas at Iron Mill","1,559","","3","2.0","Public Water","Sewer - Public","Conventional","Corporate"
"1","BRTVARC2000224","C0060607044","CLOSD","4911 Lovells Road, Richmond City VA 23224","23224","Richmond City","Single Family Residence","12/27/2022","$230,000","$230,000","89","Resale (occupied at least once)","1963","NONE AVAILABLE","1,390","0.22","3","2.0","Public Water","Public Sewer On Site","",""
"1","2227767","726709003700000","CLOSD","1651 Ewing Park Loop, Chesterfield VA 23113","23113","Chesterfield","Townhouse","12/27/2022","$359,990","$359,990","48","New (never occupied)","2022","Promenade at Winterfield","1,599","","2","2.2","Public Water","Sewer - Public","FHA New","Corporate"
"1","2221800","826-66-11-80-300-000","CLOSD","11724 Riverboat Drive, Chesterfield VA 23836","23836","Chesterfield","Single Family Residence","12/27/2022","$657,990","$662,052","90","New (never occupied)","2022","Meadowville Landing","3,697","0.70","5","4.1","Public Water","Sewer - Public","Conventional","Corporate"
"1","2229161","783-66-34-45-600-000","CLOSD","4901 Creekwood Court, Chesterfield VA 23237","23237","Chesterfield","Single Family Residence","12/27/2022","$279,950","$280,000","21","Resale (occupied at least once)","1976","Lost Forest","1,425","0.86","4","2.0","Public Water","Sewer - Public","FHA New","Individuals"
"1","2229028","TBD","CLOSD","206 Sag Harbor Court #UnitD, Henrico VA 23075","23075","Henrico","Townhouse","12/27/2022","$244,990","$244,990","23","New (never occupied)","2022","Easthampton","1,440","","3","2.1","Public Water","Sewer - Public","FHA New","Corporate"
"1","2225490","E000-0858-012","CLOSD","1602 North 22nd Street, Richmond City VA 23223","23223","Richmond City","Single Family Residence","12/27/2022","$365,000","$365,000","44","Resale (occupied at least once)","2021","None","1,808","0.07","3","2.1","Public Water","Sewer - Public","Conventional","Individuals"
"1","2212891","7796-63-1605","CLOSD","9223 Giles Pond Drive, Hanover VA 23116","23116","Hanover","Single Family Residence","12/27/2022","$623,000","$623,000","0","New (never occupied)","2022","Giles Farm","2,718","","4","3.0","Public Water","Sewer - Public","Conventional","Corporate"
"1","2228550","770684251500000","CLOSD","5442 Niles Road, Chesterfield VA 23234","23234","Chesterfield","Single Family Residence","12/27/2022","$349,990","$349,990","28","New (never occupied)","2022","Jessup Meadows","1,680","","4","2.1","Public Water","Sewer - Public","Conventional","Corporate"
"1","BRTVAHN2000236","NO TAX RECORD","CLOSD","719 Mccormick Farm, Henrico VA 23060","23060","Henrico","Townhouse","12/27/2022","$353,165","$353,166","0","New (never occupied)","2022","NONE AVAILABLE","1,575","","2","3.0","Public Water","Public Sewer On Site","",""
"1","2225736","710-67-66-76-900-000","CLOSD","16408 Strider Alley, Chesterfield VA 23120","23120","Chesterfield","Townhouse","12/27/2022","$349,990","$349,990","70","New (never occupied)","2022","Wynwood at Foxcreek","1,601","","3","2.1","Public Water","Sewer - Public","Conventional","Corporate"
"1","2228296","815-688-8163","CLOSD","7911 Gregg Road, Henrico VA 23231","23231","Henrico","Single Family Residence","12/27/2022","$239,900","$239,900","41","Resale (occupied at least once)","1970","Varina Place","1,144","0.66","3","1.1","Well","Septic - Conventional","FHA New","Individuals"
"1","2224567","C006-0607-044","CLOSD","4911 Lovells Road, Richmond City VA 23224","23224","Richmond City","Single Family Residence","12/27/2022","$230,000","$230,000","86","Resale (occupied at least once)","1963","Cranford Heights","1,390","0.22","3","2.0","Public Water","Sewer - Public","Conventional","Individuals"
"1","2219726","705675103300000","CLOSD","6218 DEER SUMMIT Court, Chesterfield VA 23120","23120","Chesterfield","Single Family Residence","12/27/2022","$677,675","$677,675","0","New (never occupied)","2022","Magnolia Green","3,673","","4","3.0","Public Water","Sewer - Public","Conventional","Corporate"
"1","2231611","7826-55-2038","CLOSD","17071 Addie Rose Lane, Hanover VA 23015","23015","Hanover","Single Family Residence","12/27/2022","$354,950","$350,000","0","New (never occupied)","2022","Ballard Ridge","1,501","2.00","3","2.0","Well","Septic - Conventional","Conventional","Corporate"
"1","2230068","C004-0651-011","CLOSD","3332 Cheverly Road, Richmond City VA 23225","23225","Richmond City","Single Family Residence","12/27/2022","$259,950","$255,000","28","Resale (occupied at least once)","1978","Stratford Hills","1,248","0.44","3","2.0","Public Water","Septic - Conventional","Conventional","Individuals"
"1","2226778","052-2-2D1","CLOSD","3141 Pineview Drive, Powhatan VA 23139","23139","Powhatan","Single Family Residence","12/27/2022","$365,000","$365,000","65","Resale (occupied at least once)","1997","Burkwood Farms","1,935","2.00","3","2.0","Well","Septic - Conventional","Conventional","Individuals"
"1","2229218","782-66-41-05-100-000","CLOSD","9600 Shiloh Drive, Chesterfield VA 23237","23237","Chesterfield","Single Family Residence","12/27/2022","$289,000","$289,000","23","Resale (occupied at least once)","2009","Centralia Gardens","1,218","0.21","3","2.0","Public Water","Sewer - Public","Conventional","Individuals"
"1","2225637","C008-0347-038","CLOSD","4622 Haworth Road, Richmond City VA 23234","23234","Richmond City","Single Family Residence","12/27/2022","$198,000","$194,000","48","Resale (occupied at least once)","1940","British Camp Farm","994","0.33","2","1.0","Public Water","Sewer - Public","Conventional","Individuals"
"1","2229906","796-61-69-57-900-000","CLOSD","19707 Piedmont Avenue, Chesterfield VA 23834","23834","Chesterfield","Single Family Residence","12/27/2022","$219,500","$212,000","19","Resale (occupied at least once)","1959","Mason W M","998","0.42","3","1.0","Public Water","Sewer - Public","VHDA ","Individuals"
"1","2230111","735-761-4950","CLOSD","12079 Foxfield Circle, Henrico VA 23233","23233","Henrico","Townhouse","12/27/2022","$350,000","$350,000","7","Resale (occupied at least once)","1992","Foxfield At Wellesley","1,600","0.10","3","2.1","Public Water","Sewer - Public","Cash","Individuals"
"1","2220603","712-66-11-88-900-000","CLOSD","9231 Saxsawn Lane, Chesterfield VA 23832","23832","Chesterfield","Single Family Residence","12/27/2022","$691,299","$685,000","22","New (never occupied)","2022","Harpers Mill","3,108","","5","4.0","Public Water","Sewer - Public","Conventional","Corporate"
"1","2231508","7799-89-0154","CLOSD","9122 East Patrick Henry Road, Hanover VA 23005","23005","Hanover","Single Family Residence","12/27/2022","$55,000","$120,700","4","Resale (occupied at least once)","1971","None","1,056","1.07","3","1.1","Well","Septic - Conventional","Cash","Individuals"
"1","2230669","805-731-9448","CLOSD","2909 Sandy Grove Court, Henrico VA 23223","23223","Henrico","Single Family Residence","12/27/2022","$225,000","$237,500","4","Resale (occupied at least once)","2007","Sandy Grove","1,158","0.25","3","2.0","Public Water","Sewer - Public","Conventional","Individuals"
"1","2230340","791-64-69-39-800-000","CLOSD","4104 Hidden Valley Road, Chesterfield VA 23831","23831","Chesterfield","Single Family Residence","12/27/2022","$409,900","$410,000","9","Resale (occupied at least once)","1972","Hidden Valley Estates","2,929","0.40","4","3.0","Public Water","Septic - Conventional","Conventional","Individuals"
"1","2230044","C004-0250-014","CLOSD","7530 Piney Branch Road, Richmond City VA 23225","23225","Richmond City","Single Family Residence","12/27/2022","$499,950","$499,950","12","Resale (occupied at least once)","1969","Cherokee Farms","2,245","0.48","4","3.0","Public Water","Sewer - Public","Conventional","Individuals"
"1","2230003","738-69-46-04-800-000","CLOSD","1736 Winbury Drive, Chesterfield VA 23114","23114","Chesterfield","Single Family Residence","12/27/2022","$410,000","$400,000","4","Resale (occupied at least once)","1999","Westbury","2,314","0.29","4","2.1","Public Water","Sewer - Public","Conventional","Individuals"
"1","2228903","768-64-39-71-100-000","CLOSD","12424 Wynnstay Lane, Chesterfield VA 23838","23838","Chesterfield","Single Family Residence","12/27/2022","$599,000","$599,000","23","Resale (occupied at least once)","2008","The Highlands","4,229","1.93","4","4.1","Public Water","Septic - Conventional","VA New","Individuals"
"1","2228858","747-744-8887","CLOSD","1311 Andover Road, Henrico VA 23229","23229","Henrico","Single Family Residence","12/27/2022","$329,950","$329,950","5","Resale (occupied at least once)","1957","Farmington","2,228","0.20","5","2.0","Public Water","Sewer - Public","Conventional","Corporate"
"1","2227129","797-712-6495","CLOSD","4955 Old Main Street, Henrico VA 23231","23231","Henrico","Townhouse","12/27/2022","$579,990","$579,990","34","Resale (occupied at least once)","2014","Village Of Rocketts Landing","2,088","16.00","2","3.1","Public Water","Sewer - Public","Conventional","Individuals"
"1","2226041","742-765-8822","CLOSD","11401 Country Oaks Court, Henrico VA 23059","23059","Henrico","Single Family Residence","12/27/2022","$694,000","$650,000","4","Resale (occupied at least once)","2004","Twin Hickory","3,560","0.49","5","4.0","Public Water","Sewer - Public","Conventional","Individuals"
"1","2220760","745-731-6392","CLOSD","8909 Highfield Road, Henrico VA 23229","23229","Henrico","Single Family Residence","12/27/2022","$825,000","$800,000","104","Resale (occupied at least once)","1985","Mooreland Farms","3,706","0.56","3","3.0","Public Water","Sewer - Public","Conventional","Estate, Individuals"
"1","2216760","775-65-62-67-800-000","CLOSD","11241 Magill Terrace Drive, Chesterfield VA 23831","23831","Chesterfield","Townhouse","12/27/2022","$336,950","$387,545","0","New (never occupied)","2022","IronBridge Townhomes","2,024","","2","2.2","Public Water","Sewer - Public","Conventional","Corporate"
"1","2212839","758-68-91-39-100-000","CLOSD","3717 Tanbark Road, Chesterfield VA 23235","23235","Chesterfield","Single Family Residence","12/27/2022","$199,500","$250,000","165","Resale (occupied at least once)","1964","Longwood Acres","1,770","0.85","4","2.0","Public Water","Septic - Aerobic","Cash","Estate"
"1","2212111","775-65-67-21-800-000","CLOSD","6541 Bolles Landing Court, Chesterfield VA 23831","23831","Chesterfield","Townhouse","12/27/2022","$336,950","$338,650","0","New (never occupied)","2022","IronBridge Townhomes","1,513","","3","2.1","Public Water","Sewer - Public","Conventional","Corporate"
"1","2211451","E000-0614-005","CLOSD","1314 North 21st Street, Richmond City VA 23223","23223","Richmond City","Single Family Residence","12/27/2022","$200,000","$140,000","106","Resale (occupied at least once)","1910","Fairmount Park","1,188","0.06","3","1.1","Public Water","Sewer - Public","Conventional","Individuals"
"1","2206388","729-66-19-27-700-000","CLOSD","9924 Maidstone Court, Chesterfield VA 23112","23112","Chesterfield","Single Family Residence","12/27/2022","$498,950","$552,765","0","New (never occupied)","2022","Collington East","3,316","","4","2.1","Public Water","Sewer - Public","Conventional","Corporate"
"1","2203952","10272","CLOSD","5800 Regal Lane, New Kent VA 23140","23140","New Kent","Single Family Residence","12/27/2022","$465,245","$523,944","0","New (never occupied)","2022","Brickshire","2,443","0.39","4","3.0","Public Water","Sewer - Public","FHA New","Corporate"
"1","2137059","19H  1    39","CLOSD","3485 Rock Creek Villa Drive, New Kent VA 23141","23141","New Kent","Single Family Residence","12/27/2022","$349,000","$349,400","151","New (never occupied)","2021","Rock Creek Villas","1,692","0.11","3","2.0","Public Water","Sewer - Public","Cash","Corporate"
"1","BRTVANK2000030","NO TAX RECORD","CLOSD","9199 Meritage Lane, New Kent VA 23124","23124","New Kent","Single Family Residence","12/27/2022","$912,831","$912,831","0","New (never occupied)","2022","NONE","0","0.00","4","3.0","Public Water","Public Sewer On Site","",""
"1","REIN10416046","19H  1    39","CLOSD","3485 Rock Creek Villa Drive, New Kent VA 23141","23141","New Kent","Single Family Residence","12/27/2022","$349,000","$349,400","177","New (never occupied)","2022","ALL OTHERS AREA 140","1,692","0.11","3","2.0","Public Water","Public Sewer On Site","",""
"1","2214692","7796-53-7300","CLOSD","9504 Garland Hill Lane, Hanover VA 23116","23116","Hanover","Single Family Residence","12/28/2022","$688,190","$688,190","0","New (never occupied)","2022","Giles Farm","3,656","","5","4.0","Public Water","Sewer - Public","Conventional","Corporate"
"1","2216797","8743-98-5713","CLOSD","6012 Swans Lane, Hanover VA 23111","23111","Hanover","Single Family Residence","12/28/2022","$699,950","$660,000","131","New (never occupied)","2022","Tarwood Estates","2,907","5.70","3","2.1","Well","Septic - Conventional","Conventional","Corporate"
"1","2227875","719-67-62-81-100-000","CLOSD","14819 Acorn Ridge Road, Chesterfield VA 23112","23112","Chesterfield","Single Family Residence","12/28/2022","$345,000","$345,000","11","Resale (occupied at least once)","1988","Acorn Ridge","1,728","0.18","3","2.1","Public Water","Sewer - Public","VA New","Individuals"
"1","2214503","117504","CLOSD","7129 Lovegrass Court, New Kent VA 23124","23124","New Kent","Single Family Residence","12/28/2022","$419,990","$419,990","61","New (never occupied)","2022","Arbors","2,237","","4","2.1","Public Water","Sewer - Public","Conventional","Corporate"
"1","2212292","774678356300000","CLOSD","5764 Addison Gate Drive #Unit39C, Chesterfield VA 23234","23234","Chesterfield","Townhouse","12/28/2022","$336,235","$351,435","18","New (never occupied)","2022","Austin Woods","1,565","","3","2.1","Public Water","Sewer - Public","VA New","Corporate"
"1","2228739","785-760-0603","CLOSD","630 Rivanna Hill Road, Henrico VA 23060","23060","Henrico","Townhouse","12/28/2022","$379,345","$359,345","29","New (never occupied)","2022","Retreat at One","2,174","","3","3.1","Public Water","Sewer - Public","Conventional","Corporate"
"1","2225733","785-760-0304","CLOSD","634 Rivanna Hill Road, Henrico VA 23060","23060","Henrico","Townhouse","12/28/2022","$396,895","$396,895","10","New (never occupied)","2022","Retreat at One","2,174","","4","2.2","Public Water","Sewer - Public","Conventional","Corporate"
"1","2229714","8716-72-3421","CLOSD","9093 Lunette Lane, Hanover VA 23116","23116","Hanover","Single Family Residence","12/28/2022","$459,950","$465,000","37","Resale (occupied at least once)","2003","The Bluffs At Bell Creek","2,972","0.18","4","2.1","Public Water","Sewer - Public","FHA New","Individuals"
"1","2229585","E000-0576-014","CLOSD","2927 Marshall Street, Richmond City VA 23223","23223","Richmond City","Single Family Residence","12/28/2022","$429,950","$427,500","23","Resale (occupied at least once)","1900","None","1,746","","3","2.1","Public Water","Sewer - Public","Conventional","Individuals"
"1","2216311","712672555200228","CLOSD","6601 Citory Way #Unit101, Chesterfield VA 23120","23120","Chesterfield","Condominium","12/28/2022","$296,875","$303,000","14","New (never occupied)","2022","Greenwich Walk At Foxcreek","1,162","","2","2.0","Public Water","Sewer - Public","Conventional","Corporate"
"1","2231020","S004-3278-056","CLOSD","213 Mardick Road, Richmond City VA 23224","23224","Richmond City","Single Family Residence","12/28/2022","$249,000","$255,000","4","Resale (occupied at least once)","1944","Woodside Court","1,300","0.20","4","2.0","Public Water","Sewer - Public","Conventional","Corporate"
"1","2229982","827-720-2497","CLOSD","1704 Beaver Road, Henrico VA 23075","23075","Henrico","Single Family Residence","12/28/2022","$262,500","$268,500","11","Resale (occupied at least once)","1998","Fairlawn","1,456","0.32","3","2.1","Public Water","Sewer - Public","Conventional","Individuals"
"1","2216129","699674531600000","CLOSD","6506 Hammock Creek Drive, Chesterfield VA 23120","23120","Chesterfield","Single Family Residence","12/28/2022","$671,440","$671,440","34","New (never occupied)","2022","Magnolia Green","3,225","","4","3.1","Public Water","Sewer - Public","Conventional","Corporate"
"1","2228182","794-63-49-51-500-000","CLOSD","3705 North Light Drive, Chesterfield VA 23831","23831","Chesterfield","Single Family Residence","12/28/2022","$214,900","$214,900","43","Resale (occupied at least once)","1984","Somerset","792","0.21","2","1.0","Public Water","Sewer - Public","Conventional","Individuals"
"1","2230878","740-67-72-18-400-000","CLOSD","12006 Ashley Wilkes Lane, Chesterfield VA 23112","23112","Chesterfield","Single Family Residence","12/28/2022","$239,950","$239,950","6","Resale (occupied at least once)","1981","Glen Tara","1,056","0.35","3","1.0","Public Water","Sewer - Public","Conventional","Individuals"
"1","2228647","736-66-58-21-900-000","CLOSD","9621 Old Chestnut Drive, Chesterfield VA 23112","23112","Chesterfield","Single Family Residence","12/28/2022","$449,000","$420,000","28","Resale (occupied at least once)","1974","Clover Hill Farms","2,313","1.64","4","2.0","Well","Septic - Conventional","Conventional","Individuals"
"1","2226351","729-754-9166","CLOSD","2605 Caitlin Court, Henrico VA 23233","23233","Henrico","Single Family Residence","12/28/2022","$435,000","$425,000","39","Resale (occupied at least once)","1989","Winchester Green","2,338","0.18","4","2.1","Public Water","Sewer - Public","Conventional","Individuals"
"1","2224908","E000-0559-011","CLOSD","2319 Fairmount Avenue, Richmond City VA 23223","23223","Richmond City","Single Family Residence","12/28/2022","$355,000","$345,000","85","Resale (occupied at least once)","2020","Fairmount Park","1,818","0.05","3","2.1","Public Water","Sewer - Public","Conventional","Individuals"
"1","2216280","S0000301002","CLOSD","313 West 20th Street #UnitWD, Richmond City VA 23225","23225","Richmond City","Townhouse","12/28/2022","$399,990","$407,331","27","New (never occupied)","2022","Belle Heights","1,916","","3","2.2","Public Water","Sewer - Public","Cash","Corporate"
"1","2214528","J13-1633-4263","CLOSD","8010 West Danube Loop, New Kent VA 23124","23124","New Kent","Single Family Residence","12/28/2022","$399,635","$399,635","22","New (never occupied)","2022","Lifestyle at Four Seasons","1,696","","3","2.0","Public Water","Sewer - Public","VA New","Corporate"
"1","2230525","24B-3-3-130","CLOSD","7714 Broadstairs Lane, New Kent VA 23124","23124","New Kent","Townhouse","12/28/2022","$330,000","$330,000","0","New (never occupied)","2022","Maidstone Village","1,914","","3","2.1","Public Water","Sewer - Public","VA New","Corporate"
"1","2222423","697670856000000","CLOSD","18304 Palisades Court, Chesterfield VA 23120","23120","Chesterfield","Townhouse","12/28/2022","$390,225","$390,225","0","New (never occupied)","2022","Magnolia Green","1,656","","3","2.1","Public Water","Sewer - Public","Conventional","Corporate"
"1","2217615","790-746-7247","CLOSD","5327 Tamiani Avenue, Henrico VA 23227","23227","Henrico","Single Family Residence","12/28/2022","$307,450","$337,000","15","New (never occupied)","2022","Chamberlayne Estates","1,440","0.21","3","2.1","Public Water","Septic - Engineered","Conventional","Corporate"
"1","2230387","727-69-91-25-400-000","CLOSD","1207 Bach Lane, Chesterfield VA 23114","23114","Chesterfield","Single Family Residence","12/28/2022","$724,500","$700,000","9","Resale (occupied at least once)","2004","Hartley Village At Charter Colony","4,458","0.27","6","5.0","Public Water","Sewer - Public","Conventional","Individuals"
"1","2228262","784-68-58-81-700-000","CLOSD","3520 Luckylee Crescent, Chesterfield VA 23234","23234","Chesterfield","Townhouse","12/28/2022","$159,950","$163,000","10","Resale (occupied at least once)","1972","Meadowdale Th Pk","1,026","0.04","3","1.1","Public Water","Community - Sewer/Septic","Conventional","Individuals"
"1","2208968","to be determined","CLOSD","14407 Hancock Towns Drive #UnitH 9-2, Chesterfield VA 23832","23832","Chesterfield","Condominium","12/28/2022","$316,500","$316,500","0","New (never occupied)","2022","Hancock Village","1,502","","2","2.1","Public Water","Sewer - Public","Conventional","Corporate"
"1","2228663","771-743-9255","CLOSD","5408 Bethlehem Road, Henrico VA 23228","23228","Henrico","Single Family Residence","12/28/2022","$299,000","$290,000","21","Resale (occupied at least once)","1957","Bethlehem Place","1,282","0.20","3","2.0","Public Water","Sewer - Public","Conventional","Individuals"
"1","2231808","757-763-2583","CLOSD","9317 Classic Road, Henrico VA 23060","23060","Henrico","Single Family Residence","12/28/2022","$387,000","$387,000","0","Resale (occupied at least once)","1980","Broad Meadows","1,428","0.19","3","2.0","Public Water","Sewer - Public","Conventional","Individuals"
"1","2213870","24B-3-3-129","CLOSD","7718 Broadstairs Lane, New Kent VA 23124","23124","New Kent","Townhouse","12/28/2022","$374,000","$378,235","137","New (never occupied)","2022","Maidstone Village","2,446","","4","3.1","Public Water","Sewer - Public","VA New","Corporate"
"1","2229505","732-64-38-81-000-000","CLOSD","13130 River Road, Chesterfield VA 23838","23838","Chesterfield","Single Family Residence","12/28/2022","$445,000","$445,000","21","Resale (occupied at least once)","1997","None","2,402","6.41","3","2.0","Well","Septic - Conventional","Conventional","Individuals"
"1","2201689","712-66-12-50-900-000","CLOSD","9131 Saxsawn Lane, Chesterfield VA 23832","23832","Chesterfield","Single Family Residence","12/28/2022","$588,950","$635,691","0","New (never occupied)","2022","Harpers Mill","3,457","","4","4.0","Public Water","Sewer - Public","Conventional","Corporate"
"1","2230091","726-69-17-07-800-000","CLOSD","13809 Turtle Hill Road, Chesterfield VA 23112","23112","Chesterfield","Single Family Residence","12/28/2022","$353,900","$347,000","8","Resale (occupied at least once)","1986","Brandermill","1,837","0.20","4","2.1","Public Water","Sewer - Public","Conventional","Individuals"
"1","2232070","781-746-4555","CLOSD","2108 Nelson Street, Henrico VA 23228","23228","Henrico","Single Family Residence","12/28/2022","$219,500","$251,000","4","Resale (occupied at least once)","1937","Bryan Park Heights","1,637","0.20","3","2.0","Public Water","Sewer - Public","Cash","Estate"
"1","2231796","782-761-5005","CLOSD","1414 Virginia Avenue, Henrico VA 23060","23060","Henrico","Single Family Residence","12/28/2022","$87,500","$80,000","9","Resale (occupied at least once)","1937","Biltmore","1,383","0.17","3","1.1","Public Water","Sewer - Public","Cash","Individuals"
"1","2231467","717-66-89-05-400-000","CLOSD","7636 Fern Hollow Drive, Chesterfield VA 23832","23832","Chesterfield","Single Family Residence","12/28/2022","$395,000","$385,000","9","Resale (occupied at least once)","2002","Ashbrook","2,400","0.23","4","2.1","Public Water","Sewer - Public","Conventional","Individuals"
"1","2231304","715-65-15-03-700-000","CLOSD","11810 Winterpock Road, Chesterfield VA 23838","23838","Chesterfield","Single Family Residence","12/28/2022","$564,900","$550,000","8","Resale (occupied at least once)","2000","None","2,613","5.00","4","3.0","Well","Septic - Conventional","Cash","Individuals"
"1","2231282","774-756-6177","CLOSD","2408 Raymond Avenue, Henrico VA 23228","23228","Henrico","Single Family Residence","12/28/2022","$295,000","$358,000","12","Resale (occupied at least once)","1966","Rocky Branch Farm","2,160","1.29","4","2.0","Public Water","Sewer - Public","Conventional","Estate"
"1","2230994","8704-86-0805","CLOSD","7344 Pickett Avenue, Hanover VA 23111","23111","Hanover","Single Family Residence","12/28/2022","$250,000","$250,000","18","Resale (occupied at least once)","1948","None","1,189","0.37","2","1.0","Public Water","Sewer - Public","Conventional","Individuals"
"1","2230891","817-726-5634","CLOSD","5806 Nine Mile Road, Henrico VA 23223","23223","Henrico","Single Family Residence","12/28/2022","$279,000","$272,800","6","Resale (occupied at least once)","1952","Bungalow City","1,560","0.23","3","3.0","Public Water","Sewer - Public","FHA New","Individuals"
"1","2230743","822-64-63-62-300-000","CLOSD","14204 State Avenue, Chesterfield VA 23836","23836","Chesterfield","Single Family Residence","12/28/2022","$245,000","$245,000","14","Resale (occupied at least once)","1951","Morrisdale","1,427","0.28","3","2.0","Public Water","Sewer - Public","Conventional","Corporate"
"1","2230650","750-742-5991","CLOSD","1204 Blue Jay Lane, Henrico VA 23229","23229","Henrico","Single Family Residence","12/28/2022","$320,000","$312,000","7","Resale (occupied at least once)","1956","Greenbriar Hills","1,088","0.24","3","1.0","Public Water","Sewer - Public","Conventional","Individuals"
"1","2230435","7787-56-0707","CLOSD","10258 Ibis Drive, Hanover VA 23005","23005","Hanover","Townhouse","12/28/2022","$330,000","$315,000","16","Resale (occupied at least once)","2015","Lakeridge Green","1,908","0.04","3","3.1","Public Water","Sewer - Public","Conventional","Individuals"
"1","2230361","757-65-69-88-600-000","CLOSD","10701 Old Squaws Lane, Chesterfield VA 23838","23838","Chesterfield","Single Family Residence","12/28/2022","$650,000","$650,000","3","Resale (occupied at least once)","1987","Woodland Pond","3,309","2.16","5","2.1","Public Water","Septic - Conventional","VA New","Individuals"
"1","2230307","8714-69-3505","CLOSD","7989 Kenmore Drive, Hanover VA 23111","23111","Hanover","Single Family Residence","12/28/2022","$329,950","$340,000","2","Resale (occupied at least once)","1963","Spring Meadows","1,691","0.37","3","1.1","Public Water","Sewer - Public","Conventional","Individuals"
"1","2230161","753-734-7005","CLOSD","100 Roslyn Hills Drive, Henrico VA 23229","23229","Henrico","Single Family Residence","12/28/2022","$625,000","$680,001","4","Resale (occupied at least once)","1959","Roslyn Hills","2,710","0.59","4","3.0","Public Water","Sewer - Public","Cash","Individuals"
"1","2230128","802-695-8002","CLOSD","7295 Osborne Turnpike, Henrico VA 23231","23231","Henrico","Single Family Residence","12/28/2022","$105,000","$167,750","16","Resale (occupied at least once)","1957","None","1,400","0.96","3","1.1","Well","Septic - Conventional","Cash","Individuals"
"1","2229890","779-67-26-26-600-000","CLOSD","8407 Tatterton Trail, Chesterfield VA 23237","23237","Chesterfield","Single Family Residence","12/28/2022","$436,000","$436,000","7","Resale (occupied at least once)","2015","Bendahl Valley Section B","3,442","0.32","6","3.0","Public Water","Sewer - Public","Conventional","Individuals"
"1","2229806","743-68-32-12-600-000","CLOSD","4000 Frederick Farms Court, Chesterfield VA 23112","23112","Chesterfield","Single Family Residence","12/28/2022","$249,950","$255,000","33","Resale (occupied at least once)","1985","Frederick Farms","1,056","0.18","3","2.0","Public Water","Sewer - Public","Conventional","Individuals"
"1","2229707","781-67-08-35-800-000","CLOSD","4400 Green Cedar Lane, Chesterfield VA 23237","23237","Chesterfield","Single Family Residence","12/28/2022","$345,000","$345,000","4","Resale (occupied at least once)","1984","Treemont","2,109","0.37","3","2.0","Public Water","Sewer - Public","Conventional","Individuals"
"1","2229264","752-748-9858","CLOSD","1721 Pine Edge Lane, Henrico VA 23229","23229","Henrico","Single Family Residence","12/28/2022","$334,000","$328,000","36","Resale (occupied at least once)","1996","Pinecreek Village","1,424","0.30","3","2.1","Public Water","Sewer - Public","Cash","Corporate"
"1","2228642","N000-1028-021","CLOSD","1021 Rennie Avenue, Richmond City VA 23227","23227","Richmond City","Single Family Residence","12/28/2022","$524,950","$509,950","60","New (never occupied)","2021","Ginter Park","2,184","0.08","4","2.1","Public Water","Sewer - Public","Cash","Corporate"
"1","2228391","8725730870","CLOSD","8194 Skirmish Lane, Hanover VA 23111","23111","Hanover","Single Family Residence","12/28/2022","$299,950","$290,000","36","Resale (occupied at least once)","1998","Battlefield Green","1,629","0.15","3","2.1","Public Water","Sewer - Public","Conventional","Individuals"
"1","2227191","7890-40-7138","CLOSD","9300 East Patrick Henry Road, Hanover VA 23005","23005","Hanover","Single Family Residence","12/28/2022","$335,000","$335,000","48","Resale (occupied at least once)","2020","None","1,620","0.60","3","2.1","Well","Septic - Mound","FHA New","Individuals"
"1","2226117","7719-50-9589","CLOSD","17222 Pouncey Tract Road, Hanover VA 23146","23146","Hanover","Single Family Residence","12/28/2022","$375,000","$330,000","60","Resale (occupied at least once)","1699","South Anna","3,865","7.50","3","2.1","Well","Septic - Conventional","Cash","Estate"
"1","2225384","8735-37-7360","CLOSD","8369 Arnold Road, Hanover VA 23111","23111","Hanover","Single Family Residence","12/28/2022","$499,950","$450,000","54","Resale (occupied at least once)","2007","None","1,974","4.14","3","2.0","Well","Septic - Engineered","Cash","Individuals"
"1","2225218","731-67-69-07-700-000","CLOSD","13313 Thornridge Court, Chesterfield VA 23112","23112","Chesterfield","Single Family Residence","12/28/2022","$339,900","$320,000","38","Resale (occupied at least once)","1979","Brandermill","2,722","0.18","5","3.1","Public Water","Sewer - Public","Conventional","Individuals"
"1","2216731","775-65-62-68-300-000","CLOSD","11233 Magill Terrace Drive, Chesterfield VA 23831","23831","Chesterfield","Townhouse","12/28/2022","$343,950","$357,965","0","New (never occupied)","2022","IronBridge Townhomes","2,048","","3","3.1","Public Water","Sewer - Public","Conventional","Corporate"
"1","2215366","807-728-0471","CLOSD","912 Maplegrove Drive, Henrico VA 23223","23223","Henrico","Single Family Residence","12/28/2022","$329,000","$350,000","6","Resale (occupied at least once)","1997","Huntwood","2,223","0.48","4","2.1","Public Water","Sewer - Public","VA New","Individuals"
"1","BRTVAHA2000332","8704-86-0805","CLOSD","7344 Pickett Avenue, Hanover VA 23111","23111","Hanover","Single Family Residence","12/28/2022","$250,000","$250,000","0","Resale (occupied at least once)","1948","NONE","0","0.37","2","2.0","Public Water","Public Sewer On Site","",""
"1","REIN10464166","24B-3-3-130","CLOSD","7714 Broadstairs Lane #UnitH130, New Kent VA 23124","23124","New Kent","Townhouse","12/28/2022","$330,000","$330,000","0","New (never occupied)","2022","MAIDSTONE VILLAGE","1,914","","3","3.0","Public Water","Public Sewer On Site","",""
"1","REIN10437880","24B-3-3-129","CLOSD","7718 Broadstairs Lane #UnitH129, New Kent VA 23124","23124","New Kent","Townhouse","12/28/2022","$374,000","$378,235","136","New (never occupied)","2022","MAIDSTONE VILLAGE","2,446","","4","4.0","Public Water","Public Sewer On Site","",""
"1","2231390","W019-0186-008","CLOSD","4609 West Franklin Street, Richmond City VA 23226","23226","Richmond City","Single Family Residence","12/29/2022","$1,095,000","$1,100,000","2","New (never occupied)","2022","Colonial Place","3,318","","5","4.1","Public Water","Sewer - Public","Conventional","Other"
"1","2228812","780-762-8794","CLOSD","10020 Greenwood Road, Henrico VA 23060","23060","Henrico","Single Family Residence","12/29/2022","$269,950","$264,850","37","Resale (occupied at least once)","1935","None","2,196","0.22","4","2.0","Public Water","Sewer - Public","Conventional","Corporate"
"1","2230462","8714-82-9250","CLOSD","7020 Bartletts Bluff Road, Hanover VA 23111","23111","Hanover","Single Family Residence","12/29/2022","$489,000","$470,000","17","Resale (occupied at least once)","2005","Oakley Hill","3,129","0.70","4","2.1","Public Water","Sewer - Public","FHA New","Individuals"
"1","2230009","736-756-0308","CLOSD","12191 Stokesley Court, Henrico VA 23233","23233","Henrico","Single Family Residence","12/29/2022","$500,000","$512,000","4","Resale (occupied at least once)","1986","Waterford","2,359","0.59","4","2.1","Public Water","Sewer - Public","Conventional","Individuals"
"1","BRTVACF2000350","710677480700000","CLOSD","16409 Avens Water Alley, Chesterfield VA 23120","23120","Chesterfield","Townhouse","12/29/2022","$296,735","$296,735","1","New (never occupied)","2022","NONE AVAILABLE","0","0.00","3","3.0","Public Water","Public Sewer On Site","",""
"1","2216537","814-720-9851","CLOSD","5437 Zoe Court, Henrico VA 23223","23223","Henrico","Single Family Residence","12/29/2022","$385,950","$380,000","71","Resale (occupied at least once)","2015","Oakleys Chase","2,698","0.68","3","2.1","Public Water","Sewer - Public","FHA New","Individuals"
"1","2228650","734-69-95-36-200-000","CLOSD","12809 Walton Lake Drive, Chesterfield VA 23114","23114","Chesterfield","Single Family Residence","12/29/2022","$440,000","$440,000","12","Resale (occupied at least once)","1997","Walton Lake","2,207","0.31","4","2.1","Public Water","Sewer - Public","Conventional","Individuals"
"1","2230120","737679954100027","CLOSD","3800 Maze Runner Drive #Unit101, Chesterfield VA 23112","23112","Chesterfield","Condominium","12/29/2022","$249,990","$254,990","8","New (never occupied)","2022","Westcott","1,162","","2","2.0","Public Water","Sewer - Public","FHA New","Corporate"
"1","2228765","765-748-4587","CLOSD","2721 Acadia Drive #UnitA, Henrico VA 23294","23294","Henrico","Condominium","12/29/2022","$337,290","$337,290","42","New (never occupied)","2022","West Broad Landing","1,608","","2","2.1","Public Water","Sewer - Public","Conventional","Corporate"
"1","2227054","776-760-0719","CLOSD","1826 Leslie Lane, Henrico VA 23228","23228","Henrico","Single Family Residence","12/29/2022","$329,950","$317,000","31","Resale (occupied at least once)","1972","North Run Terrace","1,828","0.26","3","1.1","Public Water","Sewer - Public","Conventional","Individuals"
"1","2227770","725709953700000","CLOSD","1669 Ewing Park Loop, Chesterfield VA 23113","23113","Chesterfield","Townhouse","12/29/2022","$349,990","$349,990","27","New (never occupied)","2022","Promenade at Winterfield","1,599","","2","2.2","Public Water","Sewer - Public","FHA New","Corporate"
"1","2226178","777-68-04-54-100-000","CLOSD","6613 Irongate Drive, Chesterfield VA 23234","23234","Chesterfield","Single Family Residence","12/29/2022","$305,000","$305,000","57","Resale (occupied at least once)","1981","Irongate","2,032","0.31","3","2.1","Public Water","Sewer - Public","VA New","Individuals"
"1","2228937","772-68-00-80-800-000","CLOSD","6550 Old Zion Hill Road, Chesterfield VA 23234","23234","Chesterfield","Single Family Residence","12/29/2022","$245,000","$245,000","37","Resale (occupied at least once)","1980","Kings Forest","1,056","0.57","3","1.0","Public Water","Sewer - Public","Conventional","Corporate"
"1","2213883","24B-3-3-131","CLOSD","7710 Broadstairs Lane, New Kent VA 23124","23124","New Kent","Townhouse","12/29/2022","$339,000","$339,000","78","New (never occupied)","2022","Maidstone Village","1,667","","3","2.1","Public Water","Sewer - Public","Conventional","Corporate"
"1","2231293","762-68-63-02-900-000","CLOSD","4708 Valencia Place, Chesterfield VA 23832","23832","Chesterfield","Single Family Residence","12/29/2022","$305,000","$310,000","5","Resale (occupied at least once)","1990","Glen Wood","1,752","0.61","3","2.0","Public Water","Sewer - Public","Conventional","Individuals"
"1","2230354","793-63-49-24-500-000","CLOSD","3820 Yard Arm Drive, Chesterfield VA 23831","23831","Chesterfield","Single Family Residence","12/29/2022","$178,000","$175,000","23","Resale (occupied at least once)","1986","Somerset","996","0.21","3","1.0","Public Water","Sewer - Public","Conventional","Individuals"
"1","2229395","737-768-5700","CLOSD","12237 Kain Road, Henrico VA 23059","23059","Henrico","Single Family Residence","12/29/2022","$379,000","$370,000","30","Resale (occupied at least once)","1985","None","1,422","0.45","4","2.0","Well","Septic - Conventional","Cash","Individuals"
"1","2228695","814-714-3832","CLOSD","4114 Aspen Shades Parkway, Henrico VA 23231","23231","Henrico","Single Family Residence","12/29/2022","$155,000","$145,000","34","Resale (occupied at least once)","1937","Larchmont","780","0.23","1","1.0","Well","Sewer - Public","VA New","Individuals"
"1","2227677","7812-72-2855","CLOSD","17123 Mountain Road, Hanover VA 23192","23192","Hanover","Single Family Residence","12/29/2022","$369,950","$369,950","34","Resale (occupied at least once)","1960","Montpelier Hills","1,872","6.35","3","1.0","Well","Septic - Conventional","Cash","Individuals"
"1","2224276","817-65-54-15-000-000","CLOSD","12712 Prestonfield Drive, Chesterfield VA 23836","23836","Chesterfield","Townhouse","12/29/2022","$318,500","$320,000","81","Resale (occupied at least once)","2019","Rivers Bend","1,760","0.08","3","2.1","Public Water","Sewer - Public","Conventional","Individuals"
"1","2204160","8718-28-1492","CLOSD","11498 Georgetown Road, Hanover VA 23116","23116","Hanover","Single Family Residence","12/29/2022","$563,750","$575,375","40","New (never occupied)","2022","None","2,485","6.43","5","3.0","Well","Septic - Conventional","FHA New","Corporate"
"1","2230147","N016-0084-023","CLOSD","3702 Westcliffe Avenue, Henrico VA 23222","23222","Henrico","Single Family Residence","12/29/2022","$199,900","$195,000","26","Resale (occupied at least once)","1976","Norcliffe","1,358","0.06","3","1.0","Public Water","Sewer - Public","Conventional","Individuals"
"1","2209145","to be determined","CLOSD","14405 Hancock Towns Drive #UnitH 10-2, Chesterfield VA 23832","23832","Chesterfield","Condominium","12/29/2022","$385,890","$385,890","0","New (never occupied)","2022","Hancock Village","2,421","","3","2.1","Public Water","Sewer - Public","Conventional","Corporate"
"1","2200275","33B13 4 P 50","CLOSD","11421 Pine Needles Drive, New Kent VA 23140","23140","New Kent","Single Family Residence","12/29/2022","$461,950","$520,381","0","New (never occupied)","2022","Brickshire","2,423","","3","3.0","Public Water","Sewer - Public","Conventional","Corporate"
"1","2134713","737679954100026","CLOSD","3900 Maze Runner Drive #Unit102, Chesterfield VA 23112","23112","Chesterfield","Condominium","12/29/2022","$301,480","$303,870","29","New (never occupied)","2021","Wescott","1,559","","2","2.0","Public Water","Sewer - Public","FHA New","Corporate"
"1","2129913","737679954100026","CLOSD","3900 Maze Runner Drive #Unit201, Chesterfield VA 23112","23112","Chesterfield","Condominium","12/29/2022","$254,990","$255,465","53","New (never occupied)","2021","Wescott","1,156","","2","2.0","Public Water","Sewer - Public","Cash","Corporate"
"1","2228815","765-760-4989","CLOSD","9621 Hastings Mill Drive, Henrico VA 23060","23060","Henrico","Single Family Residence","12/29/2022","$449,950","$449,950","36","Resale (occupied at least once)","1992","Brittany","2,054","0.34","4","2.1","Public Water","Sewer - Public","FHA New","Individuals"
"1","2223628","to be determined","CLOSD","3385 Winsford Way #UnitM-3, Henrico VA 23231","23231","Henrico","Townhouse","12/29/2022","$299,480","$299,480","0","New (never occupied)","2022","Village at Millers Lane","1,525","","3","2.1","Public Water","Sewer - Public","FHA New","Corporate"
"1","2219556","J13-2432-4210","CLOSD","7734 Medalist Way, New Kent VA 23124","23124","New Kent","Single Family Residence","12/29/2022","$333,175","$333,175","0","New (never occupied)","2022","Lifestyle at Four Seasons","1,338","","3","2.0","Public Water","Sewer - Public","FHA New","Corporate"
"1","2211740","J13-2110-4073","CLOSD","7525 Sothamptonshire Way, New Kent VA 23124","23124","New Kent","Single Family Residence","12/29/2022","$357,865","$357,865","14","New (never occupied)","2021","Lifestyle at Four Seasons","1,338","","3","2.0","Public Water","Sewer - Public","Conventional","Corporate"
"1","2215766","W000-0147-019","CLOSD","212 West Franklin Street #UnitUG01, Richmond City VA 23220","23220","Richmond City","Condominium","12/29/2022","$149,900","$145,000","129","Resale (occupied at least once)","1916","Presidential Court Condo","772","0.02","1","1.0","Public Water","Sewer - Public","Conventional","Individuals"
"1","2212509","69867051380000","CLOSD","18213 Veronica Court, Chesterfield VA 23120","23120","Chesterfield","Single Family Residence","12/29/2022","$575,780","$575,780","0","New (never occupied)","2022","Magnolia Green","2,775","","4","3.1","Public Water","Sewer - Public","FHA New","Corporate"
"1","2203863","to be determined","CLOSD","14421 Hancock Towns Drive #UnitH 2-2, Chesterfield VA 23832","23832","Chesterfield","Condominium","12/29/2022","$388,250","$378,150","7","New (never occupied)","2022","Hancock Village","2,421","","3","2.1","Public Water","Sewer - Public","Conventional","Corporate"
"1","2201844","7787-37-9178","CLOSD","10521 Stony Bluff Drive #Unit104, Hanover VA 23005","23005","Hanover","Condominium","12/29/2022","$239,950","$239,950","324","New (never occupied)","2020","Stony Run","829","","1","1.0","Public Water","Sewer - Public","Cash","Corporate"
"1","2229430","764-756-2095.205","CLOSD","8420 Obannon Court #Unit1, Henrico VA 23228","23228","Henrico","Condominium","12/29/2022","$183,950","$186,000","4","Resale (occupied at least once)","1985","Shannon Green Condo","848","0.01","2","2.0","Public Water","Sewer - Public","FHA New","Individuals"
"1","2135562","7717-61-9694","CLOSD","2117 Tuckahoe Bridge Drive, Goochland VA 23103","23103","Goochland","Single Family Residence","12/29/2022","$648,950","$839,467","0","New (never occupied)","2022","Tuckahoe Bridge","3,554","","4","3.1","Public Water","Sewer - Public","Conventional","Corporate"
"1","2232265","58-41-6-18-0","CLOSD","708 Milstead Lane, Goochland VA 23103","23103","Goochland","Single Family Residence","12/29/2022","$797,500","$797,500","3","Resale (occupied at least once)","2014","Kinloch","3,219","0.38","4","3.1","Public Water","Sewer - Public","Cash","Individuals"
"1","2231941","764-740-2478","CLOSD","6906 Park Avenue, Henrico VA 23226","23226","Henrico","Single Family Residence","12/29/2022","$429,950","$430,000","3","Resale (occupied at least once)","1949","Duntreath","2,388","0.33","3","1.1","Public Water","Sewer - Public","Cash","Individuals"
"1","2231905","747-71-34-82-900-000","CLOSD","10616 Savoy Road, Chesterfield VA 23235","23235","Chesterfield","Single Family Residence","12/29/2022","$249,900","$251,200","4","Resale (occupied at least once)","1975","Settlers Landing","2,128","0.21","4","2.1","Public Water","Sewer - Public","Cash","Individuals"
"1","2231094","809-726-3636","CLOSD","4209 Riding Place Road, Henrico VA 23223","23223","Henrico","Townhouse","12/29/2022","$244,000","$251,000","2","Resale (occupied at least once)","2008","None","1,452","0.06","3","2.1","Public Water","Sewer - Public","Conventional","Individuals"
"1","2231090","S000-1363-017","CLOSD","909 West 32nd Street, Richmond City VA 23225","23225","Richmond City","Single Family Residence","12/29/2022","$391,000","$435,000","4","Resale (occupied at least once)","1926","Westover Hills","1,344","0.16","3","1.0","Public Water","Septic - Conventional, Sewer - Public","Conventional","Individuals"
"1","2230846","8724-40-1594","CLOSD","7063 Bonniefield Drive, Hanover VA 23111","23111","Hanover","Single Family Residence","12/29/2022","$345,000","$349,000","3","Resale (occupied at least once)","1971","High Point Farms","1,404","0.48","3","2.0","Public Water","Septic - Conventional","Cash","Individuals"
"1","2230655","744-69-91-83-400-096","CLOSD","301 Kernel Court #Unit301, Chesterfield VA 23236","23236","Chesterfield","Condominium","12/29/2022","$389,000","$396,000","3","Resale (occupied at least once)","2012","Harvest Glen","2,375","33.70","3","2.1","Public Water","Sewer - Public","Conventional","Individuals"
"1","2230647","759-739-5626","CLOSD","7721 Rock Creek Road, Henrico VA 23229","23229","Henrico","Single Family Residence","12/29/2022","$999,950","$1,305,000","6","Resale (occupied at least once)","2015","Westham","3,828","0.33","4","3.1","Public Water","Sewer - Public","Cash","Individuals"
"1","2230603","15-39","CLOSD","8500 Lott Cary Road, Charles City County VA 23140","23140","Charles City County","Single Family Residence","12/29/2022","$260,000","$260,000","7","Resale (occupied at least once)","2018","None","1,348","1.00","3","2.0","Well","Other - See Remarks","Other","Individuals"
"1","2230553","790-738-9315","CLOSD","3810 Plymouth Drive, Henrico VA 23222","23222","Henrico","Single Family Residence","12/29/2022","$182,500","$110,000","34","Resale (occupied at least once)","1947","Chatham Place","720","0.19","2","1.0","Public Water","Sewer - Public","Cash","Individuals"
"1","2230532","24B-3-3-132","CLOSD","7704 Broadstairs Lane, New Kent VA 23124","23124","New Kent","Townhouse","12/29/2022","$313,000","$299,000","0","New (never occupied)","2022","Maidstone Village","1,667","","3","2.1","Public Water","Sewer - Public","Cash","Corporate"
"1","2230276","W000-0736-077","CLOSD","1657 West Broad Street #UnitU2, Richmond City VA 23220","23220","Richmond City","Condominium","12/29/2022","$215,000","$235,000","6","Resale (occupied at least once)","1920","None","704","0.02","1","1.0","Public Water","Sewer - Public","Conventional","Individuals"
"1","2229960","803-687-6820","CLOSD","8060 Osborne Turnpike, Henrico VA 23231","23231","Henrico","Single Family Residence","12/29/2022","$349,950","$350,000","4","Resale (occupied at least once)","1820","None","2,299","1.53","3","2.0","Well","Septic - Conventional","Conventional","Individuals"
"1","2229873","792-67-17-13-200-000","CLOSD","9016 Perrymont Road, Chesterfield VA 23237","23237","Chesterfield","Single Family Residence","12/29/2022","$105,000","$94,000","3","Resale (occupied at least once)","1948","Crescent Park","608","0.28","2","1.0","Public Water","Septic - Conventional","Cash","Estate"
"1","2229693","736-69-42-86-600-000","CLOSD","1605 Kirkgate Lane, Chesterfield VA 23114","23114","Chesterfield","Single Family Residence","12/29/2022","$389,950","$400,000","3","Resale (occupied at least once)","1990","Sycamore Ridge","2,136","0.41","4","2.1","Public Water","Sewer - Public","Conventional","Individuals"
"1","2229493","748-741-6583","CLOSD","1102 Lakeland Circle, Henrico VA 23229","23229","Henrico","Townhouse","12/29/2022","$249,950","$237,000","46","Resale (occupied at least once)","1988","Waterford Rhye","1,600","0.05","2","2.1","Public Water","Sewer - Public","Cash","Individuals"
"1","2228808","W019-0212-008","CLOSD","4901 Patterson Avenue, Richmond City VA 23226","23226","Richmond City","Single Family Residence","12/29/2022","$799,000","$770,000","21","Resale (occupied at least once)","1954","Edgewood","2,441","0.20","4","3.1","Public Water","Sewer - Public","Conventional","Individuals"
"1","2228559","W000-1621-023","CLOSD","3408 West Franklin Street, Richmond City VA 23221","23221","Richmond City","Single Family Residence","12/29/2022","$469,000","$415,000","34","Resale (occupied at least once)","1982","None","1,775","0.08","3","2.1","Public Water","Sewer - Public","Conventional","Estate"
"1","2228494","790-755-9236","CLOSD","6310 Fredonia Road, Henrico VA 23227","23227","Henrico","Single Family Residence","12/29/2022","$285,000","$285,000","7","Resale (occupied at least once)","1959","Chamberlayne Farms","1,946","0.41","3","2.0","Public Water","Sewer - Public","Cash","Individuals"
"1","2228189","730-766-3642.127","CLOSD","4328 Saunders Station Loop #UnitA, Henrico VA 23233","23233","Henrico","Townhouse","12/29/2022","$375,000","$347,500","45","Resale (occupied at least once)","2018","Saunders Station At Broad Hill Centre","1,570","12.55","2","2.1","Public Water","Sewer - Public","Conventional","Individuals"
"1","2227915","782-68-44-80-500-000","CLOSD","5936 Meadowburm Drive, Chesterfield VA 23234","23234","Chesterfield","Single Family Residence","12/29/2022","$280,000","$275,000","50","Resale (occupied at least once)","1967","Meadow Dale","1,544","0.26","3","1.1","Public Water","Sewer - Public","Conventional","Individuals"
"1","2227740","5-1-0-68-0","CLOSD","5070 Ange Road, Goochland VA 23093","23093","Goochland","Single Family Residence","12/29/2022","$850,000","$750,000","50","Resale (occupied at least once)","2009","None","2,413","99.01","4","2.0","Well","Septic - Conventional","Cash","Individuals"
"1","2227119","764-69-39-58-600-000","CLOSD","3104 Holridge Street, Chesterfield VA 23832","23832","Chesterfield","Single Family Residence","12/29/2022","$299,000","$274,000","52","Resale (occupied at least once)","1979","Holly Ridge","1,568","0.18","3","2.1","Public Water","Sewer - Public","FHA New","Individuals"
"1","2227116","to be determined","CLOSD","14423 Hancock Towns Drive #UnitH 1-2, Chesterfield VA 23832","23832","Chesterfield","Condominium","12/29/2022","$331,690","$331,690","0","New (never occupied)","2022","Hancock Village","1,502","","2","2.1","Public Water","Sewer - Public","VA New","Corporate"
"1","2226389","028-25A","CLOSD","2765 Three Bridge Road, Powhatan VA 23139","23139","Powhatan","Single Family Residence","12/29/2022","$349,950","$349,950","70","New (never occupied)","2022","None","1,350","1.28","3","2.0","Well","Septic - Conventional","VA New","Individuals"
"1","2226234","W021-0178-030","CLOSD","6520 Hanover Avenue, Richmond City VA 23226","23226","Richmond City","Single Family Residence","12/29/2022","$425,000","$429,000","60","Resale (occupied at least once)","1950","Westhampton Heights Annex","1,200","0.17","3","2.0","Public Water","Sewer - Public","Conventional","Individuals"
"1","2224253","820-65-12-95-800-000","CLOSD","814 East Hundred Road, Chesterfield VA 23836","23836","Chesterfield","Single Family Residence","12/29/2022","$124,950","$105,000","61","Resale (occupied at least once)","1954","None","1,131","0.47","3","1.0","Public Water","Septic - Conventional","Cash","Corporate"
"1","2223717","758-735-4168","CLOSD","7110 University Drive, Henrico VA 23229","23229","Henrico","Single Family Residence","12/29/2022","$1,795,000","$1,795,000","10","Resale (occupied at least once)","1941","Westham","4,627","0.81","4","4.1","Public Water","Sewer - Public","Conventional","Individuals"
"1","2223194","to be determined","CLOSD","3383 Winsford Way #UnitM-4, Henrico VA 23231","23231","Henrico","Townhouse","12/29/2022","$312,500","$314,500","35","New (never occupied)","2022","Village at Millers Lane","1,525","","3","2.1","Public Water","Sewer - Public","Conventional","Corporate"
"1","2222890","N0160204031","CLOSD","3106 Montrose Avenue, Richmond City VA 23222","23222","Richmond City","Single Family Residence","12/29/2022","$603,388","$675,194","0","New (never occupied)","2022","Ginter Park","2,633","0.31","3","2.1","Public Water","Sewer - Public","Conventional","Corporate"
"1","2211819","8706-06-6860","CLOSD","8904 Roberta Court, Hanover VA 23116","23116","Hanover","Single Family Residence","12/29/2022","$499,950","$532,805","0","New (never occupied)","2022","Cool Springs","2,038","","3","2.1","Public Water","Sewer - Public","Conventional","Corporate"
"1","2211332","775-65-67-51-700-000","CLOSD","6537 Bolles Landing Court, Chesterfield VA 23831","23831","Chesterfield","Townhouse","12/29/2022","$352,950","$356,285","0","New (never occupied)","2022","IronBridge Townhomes","1,743","","3","2.1","Public Water","Sewer - Public","Conventional","Corporate"
"1","2211006","to be determined","CLOSD","15694 Mosaic Creek Boulevard, Goochland VA 23238","23238","Goochland","Single Family Residence","12/29/2022","$716,074","$716,074","0","New (never occupied)","2022","Mosaic at West Creek","2,343","","4","3.0","Public Water","Sewer - Public","Cash","Corporate"
"1","2210895","to be determined","CLOSD","15692 Mosaic Creek Boulevard, Goochland VA 23238","23238","Goochland","Single Family Residence","12/29/2022","$665,251","$663,692","0","New (never occupied)","2022","Mosaic at West Creek","1,835","","3","2.0","Public Water","Sewer - Public","Cash","Corporate"
"1","2208966","to be determined","CLOSD","14413 Hancock Towns Drive #UnitH 6-2, Chesterfield VA 23832","23832","Chesterfield","Condominium","12/29/2022","$385,890","$391,305","0","New (never occupied)","2022","Hancock Village","2,421","","3","2.1","Public Water","Sewer - Public","Conventional","Corporate"
"1","2208819","to be determined","CLOSD","14417 Hancock Towns Drive #UnitH 4-2, Chesterfield VA 23832","23832","Chesterfield","Condominium","12/29/2022","$385,890","$385,890","0","New (never occupied)","2022","Hancock Village","2,421","","3","2.1","Public Water","Sewer - Public","Conventional","Corporate"
"1","2208816","to be determined","CLOSD","14419 Hancock Towns Drive #UnitH 3-2, Chesterfield VA 23832","23832","Chesterfield","Condominium","12/29/2022","$326,690","$326,690","0","New (never occupied)","2022","Hancock Village","1,502","","2","2.1","Public Water","Sewer - Public","Conventional","Corporate"
"1","2207090","6890-10-7577","CLOSD","19454 Vontay Road, Hanover VA 23102","23102","Hanover","Single Family Residence","12/29/2022","$429,950","$438,818","28","New (never occupied)","2022","None","1,717","10.29","3","2.0","Well","Septic - Conventional","Conventional","Corporate"
"1","2206867","761-65-64-45-700-000","CLOSD","8412 Cypress Pond Lane, Chesterfield VA 23838","23838","Chesterfield","Single Family Residence","12/29/2022","$540,950","$648,408","0","New (never occupied)","2022","The Highlands","2,943","","4","3.0","Public Water","Septic - Conventional","FHA New","Corporate"
"1","2206847","TBD","CLOSD","3801 Clarendon Crescent Place, Henrico VA 23223","23223","Henrico","Single Family Residence","12/29/2022","$431,315","$431,315","40","New (never occupied)","2022","Kensington Meadows","2,233","","3","3.1","Public Water","Sewer - Public","FHA New","Corporate"
"1","2205482","756-69-12-41-400-000","CLOSD","8801 Rams Crossing Place, Chesterfield VA 23236","23236","Chesterfield","Single Family Residence","12/29/2022","$562,950","$617,146","0","New (never occupied)","2022","Bexley East","3,098","","5","3.0","Public Water","Sewer - Public","Conventional","Corporate"
"1","2203591","42-41-1-24-0","CLOSD","1615 Reed Marsh Place, Goochland VA 23063","23063","Goochland","Single Family Residence","12/29/2022","$700,000","$692,305","43","New (never occupied)","2022","Reed Marsh","3,488","","5","4.1","Public Water","Sewer - Public","Conventional","Corporate"
"1","REIN10464177","24B-3-3-132","CLOSD","7704 Broadstairs Lane, New Kent VA 23124","23124","New Kent","Townhouse","12/29/2022","$313,000","$299,000","0","New (never occupied)","2022","MAIDSTONE VILLAGE","1,667","","3","3.0","Public Water","Public Sewer On Site","",""
"1","REIN10437921","24B-3-3-131","CLOSD","7710 Broadstairs Lane, New Kent VA 23124","23124","New Kent","Townhouse","12/29/2022","$339,000","$339,000","77","New (never occupied)","2022","MAIDSTONE VILLAGE","1,667","","3","3.0","Public Water","Public Sewer On Site","",""
"1","2228486","762-751-0147","CLOSD","2314 Rickde Court, Henrico VA 23294","23294","Henrico","Single Family Residence","12/30/2022","$345,000","$350,000","9","Resale (occupied at least once)","1983","Chowning Place","2,206","0.98","4","3.0","Public Water","Sewer - Public","Conventional","Individuals"
"1","BRTVAHA2000270","8735-80-4648","CLOSD","6106 Green House Court, Hanover VA 23111","23111","Hanover","Single Family Residence","12/30/2022","$950,000","$960,000","38","New (never occupied)","2022","NONE AVAILABLE","4,108","5.36","5","5.0","Well","Septic","",""
"1","2215757","W000-0613-008","CLOSD","1209 West Franklin Street, Richmond City VA 23220","23220","Richmond City","Single Family Residence","12/30/2022","$1,249,950","$1,200,000","152","Resale (occupied at least once)","1910","None","6,519","0.09","5","4.1","Public Water","Sewer - Public","Conventional","Individuals"
"1","2226750","768676308800000","CLOSD","6400 Whisperwood Drive, Chesterfield VA 23234","23234","Chesterfield","Single Family Residence","12/30/2022","$508,990","$490,200","31","New (never occupied)","2022","Watermark","3,052","","5","3.0","Public Water","Sewer - Public","FHA New","Corporate"
"1","2226748","768676529300000","CLOSD","6411 Whisperwood Drive, Chesterfield VA 23234","23234","Chesterfield","Single Family Residence","12/30/2022","$439,390","$432,000","51","New (never occupied)","2022","Watermark","2,618","","4","2.1","Public Water","Sewer - Public","Conventional","Corporate"
"1","2226747","768676535500000","CLOSD","7012 Cogburn Terrace, Chesterfield VA 23234","23234","Chesterfield","Single Family Residence","12/30/2022","$499,990","$497,000","56","New (never occupied)","2022","Watermark","3,052","","5","3.0","Public Water","Sewer - Public","Conventional","Corporate"
"1","2209324","768655356400000","CLOSD","11512 Amara Drive, Chesterfield VA 23838","23838","Chesterfield","Single Family Residence","12/30/2022","$638,720","$638,720","0","New (never occupied)","2022","The Highlands","4,165","","5","4.0","Public Water","Sewer - Public","Conventional","Corporate"
"1","2231065","768-68-74-22-500-000","CLOSD","6413 Hackney Circle, Chesterfield VA 23234","23234","Chesterfield","Single Family Residence","12/30/2022","$295,000","$298,000","19","Resale (occupied at least once)","1986","Old Coach Hills","1,836","0.17","4","3.0","Public Water","Sewer - Public","FHA New","Individuals"
"1","2230931","740-68-78-06-100-000","CLOSD","3300 Tadley Drive, Chesterfield VA 23112","23112","Chesterfield","Single Family Residence","12/30/2022","$425,000","$425,000","17","Resale (occupied at least once)","2007","Walnut Grove","2,486","0.37","6","2.1","Public Water","Sewer - Public","Conventional","Individuals"
"1","2228709","758-69-61-81-400-000","CLOSD","8254 Oxer Road, Chesterfield VA 23235","23235","Chesterfield","Single Family Residence","12/30/2022","$289,950","$292,000","33","Resale (occupied at least once)","1984","Foxberry","1,300","0.27","3","2.0","Public Water","Sewer - Public","Conventional","Individuals"
"1","2220003","782-68-31-51-800-000","CLOSD","4118 Jackie Lane, Chesterfield VA 23234","23234","Chesterfield","Single Family Residence","12/30/2022","$289,000","$289,000","53","Resale (occupied at least once)","1972","Meadow Dale","1,938","","4","2.0","Public Water","Sewer - Public","Conventional","Individuals"
"1","2231279","735-71-02-65-800-000","CLOSD","12401 Little Pond Lane, Chesterfield VA 23113","23113","Chesterfield","Single Family Residence","12/30/2022","$365,000","$365,000","7","Resale (occupied at least once)","1979","Olde Coach Village","1,728","0.47","4","2.0","Public Water","Sewer - Public","Conventional","Individuals"
"1","2230408","772-737-1674","CLOSD","5302 Fitzhugh Avenue, Henrico VA 23226","23226","Henrico","Single Family Residence","12/30/2022","$599,900","$585,000","8","Resale (occupied at least once)","2003","Shenandoah Place","2,924","0.31","8","8.1","Public Water","Sewer - Public","Conventional","Corporate"
"1","2229996","810-688-8905","CLOSD","7980 Varina Road, Henrico VA 23231","23231","Henrico","Single Family Residence","12/30/2022","$350,000","$325,000","0","Resale (occupied at least once)","1995","None","1,800","","3","2.0","Well","Septic - Conventional","Conventional","Individuals"
"1","2211315","737679954100027","CLOSD","3800 Maze Runner Drive #Unit401, Chesterfield VA 23112","23112","Chesterfield","Condominium","12/30/2022","$286,990","$286,990","0","New (never occupied)","2022","Wescott","1,156","","2","2.0","Public Water","Sewer - Public","FHA New","Corporate"
"1","2228087","785-760-3649.060","CLOSD","723 McCormick Farm Drive #UnitB, Henrico VA 23060","23060","Henrico","Condominium","12/30/2022","$359,970","$359,970","3","New (never occupied)","2022","Retreat at One","2,473","","3","2.1","Public Water","Sewer - Public","FHA New","Corporate"
"1","2216671","7826-67-9112","CLOSD","19384 Beaver Dam Road, Hanover VA 23015","23015","Hanover","Single Family Residence","12/30/2022","$309,950","$285,000","164","Resale (occupied at least once)","1927","None","2,048","2.20","4","2.0","Well","Septic - Conventional","Conventional","Individuals"
"1","2211923","TBD","CLOSD","3833 Clarendon Crescent Place, Henrico VA 23223","23223","Henrico","Single Family Residence","12/30/2022","$470,560","$470,560","0","New (never occupied)","2022","Kensington Meadows","3,194","","4","3.1","Public Water","Sewer - Public","Conventional","Corporate"
"1","2228639","E010-0166-006","CLOSD","1409 Ashley Street, Richmond City VA 23231","23231","Richmond City","Single Family Residence","12/30/2022","$199,000","$199,000","15","Resale (occupied at least once)","1961","Harrison Place","1,040","0.14","3","1.0","Public Water","Sewer - Public","FHA New","Individuals"
"1","2232046","8724-02-7566","CLOSD","6474 Harbor Drive, Hanover VA 23111","23111","Hanover","Single Family Residence","12/30/2022","$432,500","$440,000","3","Resale (occupied at least once)","2002","Yorke Pointe","2,084","0.35","4","2.1","Public Water","Sewer - Public","Conventional","Individuals"
"1","2231838","769-68-70-15-100-000","CLOSD","4901 Tandem Drive, Chesterfield VA 23234","23234","Chesterfield","Single Family Residence","12/30/2022","$398,000","$385,000","6","Resale (occupied at least once)","2002","Old Coach Hills","1,869","2.60","4","2.1","Public Water","Septic - Conventional","Conventional","Individuals"
"1","2227301","798-63-39-17-600-000","CLOSD","2820 Ida Avenue, Chesterfield VA 23831","23831","Chesterfield","Single Family Residence","12/30/2022","$215,000","$215,000","34","Resale (occupied at least once)","1996","Searcy","1,072","0.33","3","1.1","Public Water","Sewer - Public","Conventional","Individuals"
"1","2226953","016A-2-13","CLOSD","3029 Mill Mount Lane, Powhatan VA 23139","23139","Powhatan","Single Family Residence","12/30/2022","$729,900","$735,000","29","Resale (occupied at least once)","2015","Westlake At Mill Mount","3,156","12.10","4","2.1","Well","Septic - Conventional","Conventional","Individuals"
"1","2220740","713662747800000","CLOSD","16036 ROCKY FALLS Court, Chesterfield VA 23832","23832","Chesterfield","Single Family Residence","12/30/2022","$494,990","$508,170","7","New (never occupied)","2022","Harpers Mill","2,696","","4","3.1","Public Water","Sewer - Public","Conventional","Corporate"
"1","2205978","100746","CLOSD","5274 Linkshire Lane, New Kent VA 23140","23140","New Kent","Single Family Residence","12/30/2022","$557,004","$603,514","0","New (never occupied)","2022","Brickshire","2,926","0.39","4","3.1","Public Water","Sewer - Public","Conventional","Corporate"
"1","2229369","10B  1 D   5","CLOSD","5890 Bushnell Drive, New Kent VA 23124","23124","New Kent","Single Family Residence","12/30/2022","$440,000","$440,000","14","Resale (occupied at least once)","2018","Rochambeau Estates","2,731","0.92","3","2.1","Public Water","Septic - Engineered","Conventional","Individuals"
"1","2203280","715-69-34-53-100-000","CLOSD","15404 Cedarville Drive, Chesterfield VA 23112","23112","Chesterfield","Single Family Residence","12/30/2022","$460,950","$515,442","0","New (never occupied)","2022","Newmarket","2,287","","4","2.1","Public Water","Sewer - Public","Conventional","Corporate"
"1","2227331","N000-0208-024","CLOSD","420 West Clay Street, Richmond City VA 23220","23220","Richmond City","Single Family Residence","12/30/2022","$514,950","$510,000","49","Resale (occupied at least once)","1876","None","2,692","0.06","3","2.1","Public Water","Sewer - Public","Conventional","Individuals"
"1","2230598","C008-0627-016","CLOSD","4513 Welford Avenue, Richmond City VA 23234","23234","Richmond City","Single Family Residence","12/30/2022","$179,950","$185,000","13","Resale (occupied at least once)","1957","Dorris Heights","1,222","0.33","2","1.0","Public Water","Sewer - Public","FHA New","Individuals"
"1","2231287","744-747-2469","CLOSD","1722 Foxcreek Circle, Henrico VA 23238","23238","Henrico","Townhouse","12/30/2022","$276,999","$270,000","14","Resale (occupied at least once)","1979","Raintree","1,397","0.07","3","2.0","Public Water","Sewer - Public","VHDA ","Individuals"
"1","2231354","W000-1207-100","CLOSD","511 North Arthur Ashe Boulevard #UnitU23, Richmond City VA 23220","23220","Richmond City","Condominium","12/30/2022","$259,000","$259,000","4","Resale (occupied at least once)","1928","Tuscan Villas Condominiums","791","","2","1.0","Public Water","Sewer - Public","Conventional","Individuals"
"1","2231662","770-67-90-62-500-000","CLOSD","6631 Cyrus Street, Chesterfield VA 23234","23234","Chesterfield","Single Family Residence","12/30/2022","$209,950","$209,950","3","Resale (occupied at least once)","1984","Kings Forest","960","0.30","3","1.0","Public Water","Sewer - Public","FHA New","Individuals"
"1","2224966","752-68-89-35-400-000","CLOSD","9036 Amberhill Loop, Chesterfield VA 23236","23236","Chesterfield","Townhouse","12/30/2022","$407,500","$415,000","75","Resale (occupied at least once)","2006","Amberleigh","1,949","0.14","3","3.1","Public Water","Sewer - Public","Conventional","Individuals"
"1","2208698","712-66-29-71-200-000","CLOSD","9112 Copplestone Road, Chesterfield VA 23832","23832","Chesterfield","Single Family Residence","12/30/2022","$622,950","$754,051","0","New (never occupied)","2022","Harpers Mill","3,890","","5","5.1","Public Water","Sewer - Public","Conventional","Corporate"
"1","2207538","7717-61-7584","CLOSD","2107 Tuckahoe Bridge Drive, Goochland VA 23103","23103","Goochland","Single Family Residence","12/30/2022","$661,950","$759,051","0","New (never occupied)","2022","Tuckahoe Bridge","2,883","0.53","4","3.0","Public Water","Sewer - Public","Conventional","Corporate"
"1","2232445","8725-05-5895","CLOSD","6970 Pimlico Road, Hanover VA 23111","23111","Hanover","Single Family Residence","12/30/2022","$325,000","$335,250","2","Resale (occupied at least once)","1997","Laurel Meadows","1,783","","4","2.1","Public Water","Sewer - Public","Conventional","Individuals"
"1","2231903","754-746-7491","CLOSD","8502 Pamela Drive, Henrico VA 23229","23229","Henrico","Single Family Residence","12/30/2022","$355,000","$368,000","1","Resale (occupied at least once)","1960","Somerset","2,102","0.27","4","2.0","Public Water","Sewer - Public","Conventional","Partnership"
"1","2231799","749-70-43-15-800-000","CLOSD","101 Aldersmead Road, Chesterfield VA 23236","23236","Chesterfield","Single Family Residence","12/30/2022","$335,900","$323,000","6","Resale (occupied at least once)","1975","Shenandoah","2,184","0.40","4","2.1","Public Water","Sewer - Public","Conventional","Individuals"
"1","2231599","W000-1206-036","CLOSD","2710 Stuart Avenue #UnitU11, Richmond City VA 23220","23220","Richmond City","Condominium","12/30/2022","$229,500","$230,000","5","Resale (occupied at least once)","1920","None","594","0.01","1","1.0","Public Water","Sewer - Public","Conventional","Individuals"
"1","2231435","771-69-49-00-200-000","CLOSD","3129 Newington Court, Chesterfield VA 23224","23224","Chesterfield","Townhouse","12/30/2022","$247,500","$257,000","4","Resale (occupied at least once)","1981","Newberry Towne","2,268","0.04","4","2.1","Public Water","Sewer - Public","Conventional","Corporate"
"1","2231098","W000-1442-027","CLOSD","3214 Condie Street, Richmond City VA 23221","23221","Richmond City","Single Family Residence","12/30/2022","$395,000","$430,000","5","Resale (occupied at least once)","1946","None","1,327","0.18","3","2.0","Public Water","Sewer - Public","VA New","Individuals"
"1","2230919","723-70-35-09-100-007","CLOSD","1201 Westwood Village Lane #Unit203, Chesterfield VA 23114","23114","Chesterfield","Condominium","12/30/2022","$294,950","$295,000","4","Resale (occupied at least once)","2015","Westwood Village At Charter Colony","1,489","0.25","2","2.0","Public Water","Sewer - Public","Cash","Individuals"
"1","2230835","54-2-0-6-0","CLOSD","1482 Timber Ridge, Goochland VA 23102","23102","Goochland","Single Family Residence","12/30/2022","$550,000","$520,000","13","Resale (occupied at least once)","1990","Timber Ridge","3,780","11.72","5","3.1","Well","Septic - Conventional","Conventional","Individuals"
"1","2230824","774-66-99-46-300-000","CLOSD","8705 Watchhaven Lane, Chesterfield VA 23237","23237","Chesterfield","Single Family Residence","12/30/2022","$249,000","$249,000","7","Resale (occupied at least once)","1980","Huntingcreek Hills","1,056","0.26","3","1.0","Public Water","Sewer - Public","Conventional","Individuals"
"1","2230786","N000-0500-014","CLOSD","1911 2nd Avenue, Richmond City VA 23222","23222","Richmond City","Single Family Residence","12/30/2022","$422,224","$422,224","4","Resale (occupied at least once)","1920","Chestnut Hills","1,884","0.27","3","2.1","Public Water","Sewer - Public","Conventional","Individuals"
"1","2230472","745-70-19-83-500-000","CLOSD","430 Queensway Road, Chesterfield VA 23236","23236","Chesterfield","Single Family Residence","12/30/2022","$245,000","$230,000","35","Resale (occupied at least once)","1980","Briarcliff Section 2","1,050","0.28","3","1.1","Public Water","Sewer - Public","Cash","Individuals"
"1","2230227","767-760-7076","CLOSD","9700 Old Route 33, Henrico VA 23060","23060","Henrico","Single Family Residence","12/30/2022","$275,000","$304,000","4","Resale (occupied at least once)","1955","Laurel Heights","1,313","0.62","3","1.0","Public Water","Sewer - Public","Conventional","Individuals"
"1","2230220","7796-77-2421","CLOSD","9270 Marl Rige Lane, Hanover VA 23116","23116","Hanover","Townhouse","12/30/2022","$429,950","$429,950","27","New (never occupied)","2022","Giles Farm","2,096","","3","2.1","Public Water","Sewer - Public","Cash","Corporate"
"1","2230109","C008-0331-012","CLOSD","1940 Kimrod Road, Richmond City VA 23224","23224","Richmond City","Single Family Residence","12/30/2022","$199,999","$215,000","2","Resale (occupied at least once)","1959","West Chesterfield Gardens","1,169","0.31","3","1.0","Public Water","Sewer - Public","Conventional","Other"
"1","2230053","N017-0235-013","CLOSD","4309 Fauquier Avenue, Richmond City VA 23227","23227","Richmond City","Single Family Residence","12/30/2022","$475,000","$475,000","10","Resale (occupied at least once)","1935","Bellevue Court","2,711","0.45","3","2.1","Public Water","Sewer - Public","Cash","Estate"
"1","2229696","W020-0193-054","CLOSD","5009 Grove Avenue #UnitUC, Richmond City VA 23226","23226","Richmond City","Condominium","12/30/2022","$449,999","$465,000","7","Resale (occupied at least once)","1989","Grove West Condo","1,620","0.04","2","2.0","Public Water","Sewer - Public","Conventional","Estate"
"1","2229213","722-67-24-73-600-000","CLOSD","14425 Duckridge Court, Chesterfield VA 23112","23112","Chesterfield","Townhouse","12/30/2022","$350,000","$355,000","12","Resale (occupied at least once)","1996","Lakepointe","1,597","0.09","3","2.1","Public Water","Sewer - Public","Cash","Individuals"
"1","2228953","743-760-4900","CLOSD","3825 Maher, Henrico VA 23060","23060","Henrico","Townhouse","12/30/2022","$469,000","$469,000","18","Resale (occupied at least once)","2008","West Broad Village","2,220","0.03","3","3.1","Public Water","Sewer - Public","Conventional","Individuals"
"1","2228784","802-732-2934","CLOSD","2308 Johnson Place, Henrico VA 23223","23223","Henrico","Single Family Residence","12/30/2022","$272,500","$256,000","4","Resale (occupied at least once)","2006","Oak Hill","1,334","0.19","3","2.0","Public Water","Sewer - Public","FHA New","Individuals"
"1","2228020","754-742-1354","CLOSD","8524 Rolando Drive, Henrico VA 23229","23229","Henrico","Single Family Residence","12/30/2022","$335,000","$327,000","16","Resale (occupied at least once)","1954","Beverly Hills","1,207","0.24","3","1.0","Public Water","Sewer - Public","Conventional","Individuals"
"1","2227835","N000992018","CLOSD","3111 Third Avenue, Richmond City VA 23222","23222","Richmond City","Single Family Residence","12/30/2022","$200,000","$150,000","17","Resale (occupied at least once)","1900","None","2,278","0.15","5","2.0","Public Water","Sewer - Public","Cash","Individuals"
"1","2226790","42        10F","CLOSD","3940 Bailey Road, New Kent VA 23140","23140","New Kent","Single Family Residence","12/30/2022","$325,000","$315,000","28","Resale (occupied at least once)","2000","None","2,247","8.84","3","2.1","Well","Septic - Conventional","VA New","Individuals"
"1","2226309","759-740-9227","CLOSD","7627 Hollins Road, Henrico VA 23229","23229","Henrico","Single Family Residence","12/30/2022","$524,950","$490,000","43","Resale (occupied at least once)","1941","Rollingwood","1,988","0.19","4","2.1","Public Water","Sewer - Public","Conventional","Individuals"
"1","2226012","742-71-64-47-700-000","CLOSD","2604 Sugarberry Lane, Chesterfield VA 23113","23113","Chesterfield","Single Family Residence","12/30/2022","$800,000","$750,000","71","Resale (occupied at least once)","1998","The Gardens At Bellgrade","4,916","0.39","6","5.1","Public Water","Sewer - Public","Cash","Individuals"
"1","2225974","852-709-8743","CLOSD","4502 Monaco Drive, Henrico VA 23150","23150","Henrico","Single Family Residence","12/30/2022","$230,000","$165,000","50","Resale (occupied at least once)","1978","Windsor","1,444","0.71","3","2.0","Well","Septic - Conventional","Conventional","Individuals"
"1","2225390","758-738-5738","CLOSD","7909 Dogwood Road, Henrico VA 23229","23229","Henrico","Single Family Residence","12/30/2022","$989,950","$947,000","49","Resale (occupied at least once)","1950","Westham","3,714","1.07","4","3.2","Public Water","Sewer - Public","Cash","Individuals"
"1","2222425","697670815800000","CLOSD","18312 Palisades Court, Chesterfield VA 23120","23120","Chesterfield","Townhouse","12/30/2022","$364,950","$364,950","27","New (never occupied)","2022","Magnolia Green","1,656","","3","2.1","Public Water","Sewer - Public","Conventional","Corporate"
"1","2220587","781-66-70-51-000-000","CLOSD","5330 Chesswood Drive, Chesterfield VA 23237","23237","Chesterfield","Single Family Residence","12/30/2022","$225,000","$225,000","96","Resale (occupied at least once)","1980","Chesswood","1,104","0.19","3","1.1","Public Water","Sewer - Public","Cash","Individuals"
"1","2210216","6890-00-1526","CLOSD","19494 Vontay Road, Hanover VA 23102","23102","Hanover","Single Family Residence","12/30/2022","$483,700","$495,518","0","New (never occupied)","2022","None","2,258","10.09","4","2.1","Well","Septic - Conventional","Conventional","Corporate"
"1","2208501","8706-58-8248","CLOSD","9232 Crowell Street, Hanover VA 23116","23116","Hanover","Single Family Residence","12/30/2022","$489,950","$489,950","204","New (never occupied)","2022","Rutland","2,130","","3","2.1","Public Water","Sewer - Public","Conventional","Corporate"
"1","BRTVANK2000050","22A14-2-113","CLOSD","","23124","New Kent","Single Family Residence","12/30/2022","$333,175","$333,175","0","New (never occupied)","2022","GROVES","1,368","0.23","3","2.0","Public Water","Public Sewer On Site","",""
"1","BRTVAHA2000298","8726-12-1031","CLOSD","6621 Rural Point Road, Hanover VA 23116","23116","Hanover","Single Family Residence","12/30/2022","$299,950","$221,000","12","Resale (occupied at least once)","1975","NONE AVAILABLE","0","0.43","3","2.0","Public Water","Septic","",""
"1","BRTVAHN2000204","743-760-4900","CLOSD","3825 Maher Manor, Henrico VA 23060","23060","Henrico","Townhouse","12/30/2022","$469,000","$469,000","19","Resale (occupied at least once)","2008","WEST BROAD VILLAGE","1,980","","4","4.0","Public Water","Public Sewer On Site","",""
"1","REIN10459073","42/10/F","CLOSD","3940 Bailey Road, New Kent VA 23140","23140","New Kent","Single Family Residence","12/30/2022","$325,000","$315,000","27","Resale (occupied at least once)","2000","ALL OTHERS AREA 140","2,247","8.84","3","3.0","Well","Septic","",""
